,battery_Element_1,battery_Element_2,battery_Element_3,battery_Element_4,battery_Element_5,battery_Element_6,battery_Element_7,battery_ion
0,0.5669834,0.5669834,0.22410308,0.30713043,0.30713043,0.30713043,0.30713043,0.5669834
1,0.5669834,0.5669834,0.22410308,0.30713043,0.30713043,0.30713043,0.30713043,0.5016242
2,0.5669834,0.5669834,0.22410308,0.30713043,0.30713043,0.30713043,0.30713043,0.16759743
3,0.5669834,0.5669834,0.22410308,0.30713043,0.30713043,0.30713043,0.30713043,0.44671488
4,0.5669834,0.5669834,0.22410308,0.30713043,0.30713043,0.30713043,0.30713043,0.32610494
5,0.5669834,0.5669834,0.22410308,0.30713043,0.30713043,0.30713043,0.30713043,0.2354539
6,0.5669834,0.5669834,0.22410308,0.30713043,0.30713043,0.30713043,0.30713043,0.32414526
7,0.5669834,0.5669834,0.22410308,0.30713043,0.30713043,0.30713043,0.30713043,0.30713043
8,0.44671488,0.44671488,0.22410308,0.30713043,0.30713043,0.30713043,0.30713043,0.5669834
9,0.44671488,0.44671488,0.22410308,0.30713043,0.30713043,0.30713043,0.30713043,0.5016242
10,0.44671488,0.44671488,0.22410308,0.30713043,0.30713043,0.30713043,0.30713043,0.16759743
11,0.44671488,0.44671488,0.22410308,0.30713043,0.30713043,0.30713043,0.30713043,0.44671488
12,0.44671488,0.44671488,0.22410308,0.30713043,0.30713043,0.30713043,0.30713043,0.32610494
13,0.44671488,0.44671488,0.22410308,0.30713043,0.30713043,0.30713043,0.30713043,0.2354539
14,0.44671488,0.44671488,0.22410308,0.30713043,0.30713043,0.30713043,0.30713043,0.32414526
15,0.44671488,0.44671488,0.22410308,0.30713043,0.30713043,0.30713043,0.30713043,0.30713043
16,0.16759743,0.16759743,0.22410308,0.30713043,0.30713043,0.30713043,0.30713043,0.5669834
17,0.16759743,0.16759743,0.22410308,0.30713043,0.30713043,0.30713043,0.30713043,0.5016242
18,0.16759743,0.16759743,0.22410308,0.30713043,0.30713043,0.30713043,0.30713043,0.16759743
19,0.16759743,0.16759743,0.22410308,0.30713043,0.30713043,0.30713043,0.30713043,0.44671488
20,0.16759743,0.16759743,0.22410308,0.30713043,0.30713043,0.30713043,0.30713043,0.32610494
21,0.16759743,0.16759743,0.22410308,0.30713043,0.30713043,0.30713043,0.30713043,0.2354539
22,0.16759743,0.16759743,0.22410308,0.30713043,0.30713043,0.30713043,0.30713043,0.32414526
23,0.16759743,0.16759743,0.22410308,0.30713043,0.30713043,0.30713043,0.30713043,0.30713043
24,0.28904858,0.28904858,0.22410308,0.30713043,0.30713043,0.30713043,0.30713043,0.5669834
25,0.28904858,0.28904858,0.22410308,0.30713043,0.30713043,0.30713043,0.30713043,0.5016242
26,0.28904858,0.28904858,0.22410308,0.30713043,0.30713043,0.30713043,0.30713043,0.16759743
27,0.28904858,0.28904858,0.22410308,0.30713043,0.30713043,0.30713043,0.30713043,0.44671488
28,0.28904858,0.28904858,0.22410308,0.30713043,0.30713043,0.30713043,0.30713043,0.32610494
29,0.28904858,0.28904858,0.22410308,0.30713043,0.30713043,0.30713043,0.30713043,0.2354539
30,0.28904858,0.28904858,0.22410308,0.30713043,0.30713043,0.30713043,0.30713043,0.32414526
31,0.28904858,0.28904858,0.22410308,0.30713043,0.30713043,0.30713043,0.30713043,0.30713043
32,0.37616432,0.37616432,0.22410308,0.30713043,0.30713043,0.30713043,0.30713043,0.5669834
33,0.37616432,0.37616432,0.22410308,0.30713043,0.30713043,0.30713043,0.30713043,0.5016242
34,0.37616432,0.37616432,0.22410308,0.30713043,0.30713043,0.30713043,0.30713043,0.16759743
35,0.37616432,0.37616432,0.22410308,0.30713043,0.30713043,0.30713043,0.30713043,0.44671488
36,0.37616432,0.37616432,0.22410308,0.30713043,0.30713043,0.30713043,0.30713043,0.32610494
37,0.37616432,0.37616432,0.22410308,0.30713043,0.30713043,0.30713043,0.30713043,0.2354539
38,0.37616432,0.37616432,0.22410308,0.30713043,0.30713043,0.30713043,0.30713043,0.32414526
39,0.37616432,0.37616432,0.22410308,0.30713043,0.30713043,0.30713043,0.30713043,0.30713043
40,0.5669834,0.5669834,0.385399,0.30713043,0.30713043,0.30713043,0.30713043,0.5669834
41,0.5669834,0.5669834,0.385399,0.30713043,0.30713043,0.30713043,0.30713043,0.5016242
42,0.5669834,0.5669834,0.385399,0.30713043,0.30713043,0.30713043,0.30713043,0.16759743
43,0.5669834,0.5669834,0.385399,0.30713043,0.30713043,0.30713043,0.30713043,0.44671488
44,0.5669834,0.5669834,0.385399,0.30713043,0.30713043,0.30713043,0.30713043,0.32610494
45,0.5669834,0.5669834,0.385399,0.30713043,0.30713043,0.30713043,0.30713043,0.2354539
46,0.5669834,0.5669834,0.385399,0.30713043,0.30713043,0.30713043,0.30713043,0.32414526
47,0.5669834,0.5669834,0.385399,0.30713043,0.30713043,0.30713043,0.30713043,0.30713043
48,0.44671488,0.44671488,0.385399,0.30713043,0.30713043,0.30713043,0.30713043,0.5669834
49,0.44671488,0.44671488,0.385399,0.30713043,0.30713043,0.30713043,0.30713043,0.5016242
50,0.44671488,0.44671488,0.385399,0.30713043,0.30713043,0.30713043,0.30713043,0.16759743
51,0.44671488,0.44671488,0.385399,0.30713043,0.30713043,0.30713043,0.30713043,0.44671488
52,0.44671488,0.44671488,0.385399,0.30713043,0.30713043,0.30713043,0.30713043,0.32610494
53,0.44671488,0.44671488,0.385399,0.30713043,0.30713043,0.30713043,0.30713043,0.2354539
54,0.44671488,0.44671488,0.385399,0.30713043,0.30713043,0.30713043,0.30713043,0.32414526
55,0.44671488,0.44671488,0.385399,0.30713043,0.30713043,0.30713043,0.30713043,0.30713043
56,0.16759743,0.16759743,0.385399,0.30713043,0.30713043,0.30713043,0.30713043,0.5669834
57,0.16759743,0.16759743,0.385399,0.30713043,0.30713043,0.30713043,0.30713043,0.5016242
58,0.16759743,0.16759743,0.385399,0.30713043,0.30713043,0.30713043,0.30713043,0.16759743
59,0.16759743,0.16759743,0.385399,0.30713043,0.30713043,0.30713043,0.30713043,0.44671488
60,0.16759743,0.16759743,0.385399,0.30713043,0.30713043,0.30713043,0.30713043,0.32610494
61,0.16759743,0.16759743,0.385399,0.30713043,0.30713043,0.30713043,0.30713043,0.2354539
62,0.16759743,0.16759743,0.385399,0.30713043,0.30713043,0.30713043,0.30713043,0.32414526
63,0.16759743,0.16759743,0.385399,0.30713043,0.30713043,0.30713043,0.30713043,0.30713043
64,0.28904858,0.28904858,0.385399,0.30713043,0.30713043,0.30713043,0.30713043,0.5669834
65,0.28904858,0.28904858,0.385399,0.30713043,0.30713043,0.30713043,0.30713043,0.5016242
66,0.28904858,0.28904858,0.385399,0.30713043,0.30713043,0.30713043,0.30713043,0.16759743
67,0.28904858,0.28904858,0.385399,0.30713043,0.30713043,0.30713043,0.30713043,0.44671488
68,0.28904858,0.28904858,0.385399,0.30713043,0.30713043,0.30713043,0.30713043,0.32610494
69,0.28904858,0.28904858,0.385399,0.30713043,0.30713043,0.30713043,0.30713043,0.2354539
70,0.28904858,0.28904858,0.385399,0.30713043,0.30713043,0.30713043,0.30713043,0.32414526
71,0.28904858,0.28904858,0.385399,0.30713043,0.30713043,0.30713043,0.30713043,0.30713043
72,0.37616432,0.37616432,0.385399,0.30713043,0.30713043,0.30713043,0.30713043,0.5669834
73,0.37616432,0.37616432,0.385399,0.30713043,0.30713043,0.30713043,0.30713043,0.5016242
74,0.37616432,0.37616432,0.385399,0.30713043,0.30713043,0.30713043,0.30713043,0.16759743
75,0.37616432,0.37616432,0.385399,0.30713043,0.30713043,0.30713043,0.30713043,0.44671488
76,0.37616432,0.37616432,0.385399,0.30713043,0.30713043,0.30713043,0.30713043,0.32610494
77,0.37616432,0.37616432,0.385399,0.30713043,0.30713043,0.30713043,0.30713043,0.2354539
78,0.37616432,0.37616432,0.385399,0.30713043,0.30713043,0.30713043,0.30713043,0.32414526
79,0.37616432,0.37616432,0.385399,0.30713043,0.30713043,0.30713043,0.30713043,0.30713043
80,0.5669834,0.5669834,0.28241333,0.30713043,0.30713043,0.30713043,0.30713043,0.5669834
81,0.5669834,0.5669834,0.28241333,0.30713043,0.30713043,0.30713043,0.30713043,0.5016242
82,0.5669834,0.5669834,0.28241333,0.30713043,0.30713043,0.30713043,0.30713043,0.16759743
83,0.5669834,0.5669834,0.28241333,0.30713043,0.30713043,0.30713043,0.30713043,0.44671488
84,0.5669834,0.5669834,0.28241333,0.30713043,0.30713043,0.30713043,0.30713043,0.32610494
85,0.5669834,0.5669834,0.28241333,0.30713043,0.30713043,0.30713043,0.30713043,0.2354539
86,0.5669834,0.5669834,0.28241333,0.30713043,0.30713043,0.30713043,0.30713043,0.32414526
87,0.5669834,0.5669834,0.28241333,0.30713043,0.30713043,0.30713043,0.30713043,0.30713043
88,0.44671488,0.44671488,0.28241333,0.30713043,0.30713043,0.30713043,0.30713043,0.5669834
89,0.44671488,0.44671488,0.28241333,0.30713043,0.30713043,0.30713043,0.30713043,0.5016242
90,0.44671488,0.44671488,0.28241333,0.30713043,0.30713043,0.30713043,0.30713043,0.16759743
91,0.44671488,0.44671488,0.28241333,0.30713043,0.30713043,0.30713043,0.30713043,0.44671488
92,0.44671488,0.44671488,0.28241333,0.30713043,0.30713043,0.30713043,0.30713043,0.32610494
93,0.44671488,0.44671488,0.28241333,0.30713043,0.30713043,0.30713043,0.30713043,0.2354539
94,0.44671488,0.44671488,0.28241333,0.30713043,0.30713043,0.30713043,0.30713043,0.32414526
95,0.44671488,0.44671488,0.28241333,0.30713043,0.30713043,0.30713043,0.30713043,0.30713043
96,0.16759743,0.16759743,0.28241333,0.30713043,0.30713043,0.30713043,0.30713043,0.5669834
97,0.16759743,0.16759743,0.28241333,0.30713043,0.30713043,0.30713043,0.30713043,0.5016242
98,0.16759743,0.16759743,0.28241333,0.30713043,0.30713043,0.30713043,0.30713043,0.16759743
99,0.16759743,0.16759743,0.28241333,0.30713043,0.30713043,0.30713043,0.30713043,0.44671488
100,0.16759743,0.16759743,0.28241333,0.30713043,0.30713043,0.30713043,0.30713043,0.32610494
101,0.16759743,0.16759743,0.28241333,0.30713043,0.30713043,0.30713043,0.30713043,0.2354539
102,0.16759743,0.16759743,0.28241333,0.30713043,0.30713043,0.30713043,0.30713043,0.32414526
103,0.16759743,0.16759743,0.28241333,0.30713043,0.30713043,0.30713043,0.30713043,0.30713043
104,0.28904858,0.28904858,0.28241333,0.30713043,0.30713043,0.30713043,0.30713043,0.5669834
105,0.28904858,0.28904858,0.28241333,0.30713043,0.30713043,0.30713043,0.30713043,0.5016242
106,0.28904858,0.28904858,0.28241333,0.30713043,0.30713043,0.30713043,0.30713043,0.16759743
107,0.28904858,0.28904858,0.28241333,0.30713043,0.30713043,0.30713043,0.30713043,0.44671488
108,0.28904858,0.28904858,0.28241333,0.30713043,0.30713043,0.30713043,0.30713043,0.32610494
109,0.28904858,0.28904858,0.28241333,0.30713043,0.30713043,0.30713043,0.30713043,0.2354539
110,0.28904858,0.28904858,0.28241333,0.30713043,0.30713043,0.30713043,0.30713043,0.32414526
111,0.28904858,0.28904858,0.28241333,0.30713043,0.30713043,0.30713043,0.30713043,0.30713043
112,0.37616432,0.37616432,0.28241333,0.30713043,0.30713043,0.30713043,0.30713043,0.5669834
113,0.37616432,0.37616432,0.28241333,0.30713043,0.30713043,0.30713043,0.30713043,0.5016242
114,0.37616432,0.37616432,0.28241333,0.30713043,0.30713043,0.30713043,0.30713043,0.16759743
115,0.37616432,0.37616432,0.28241333,0.30713043,0.30713043,0.30713043,0.30713043,0.44671488
116,0.37616432,0.37616432,0.28241333,0.30713043,0.30713043,0.30713043,0.30713043,0.32610494
117,0.37616432,0.37616432,0.28241333,0.30713043,0.30713043,0.30713043,0.30713043,0.2354539
118,0.37616432,0.37616432,0.28241333,0.30713043,0.30713043,0.30713043,0.30713043,0.32414526
119,0.37616432,0.37616432,0.28241333,0.30713043,0.30713043,0.30713043,0.30713043,0.30713043
120,0.5669834,0.5669834,0.22410308,0.18405661,0.18405661,0.18405661,0.18405661,0.5669834
121,0.5669834,0.5669834,0.22410308,0.18405661,0.18405661,0.18405661,0.18405661,0.5016242
122,0.5669834,0.5669834,0.22410308,0.18405661,0.18405661,0.18405661,0.18405661,0.16759743
123,0.5669834,0.5669834,0.22410308,0.18405661,0.18405661,0.18405661,0.18405661,0.44671488
124,0.5669834,0.5669834,0.22410308,0.18405661,0.18405661,0.18405661,0.18405661,0.32610494
125,0.5669834,0.5669834,0.22410308,0.18405661,0.18405661,0.18405661,0.18405661,0.2354539
126,0.5669834,0.5669834,0.22410308,0.18405661,0.18405661,0.18405661,0.18405661,0.32414526
127,0.5669834,0.5669834,0.22410308,0.18405661,0.18405661,0.18405661,0.18405661,0.30713043
128,0.44671488,0.44671488,0.22410308,0.18405661,0.18405661,0.18405661,0.18405661,0.5669834
129,0.44671488,0.44671488,0.22410308,0.18405661,0.18405661,0.18405661,0.18405661,0.5016242
130,0.44671488,0.44671488,0.22410308,0.18405661,0.18405661,0.18405661,0.18405661,0.16759743
131,0.44671488,0.44671488,0.22410308,0.18405661,0.18405661,0.18405661,0.18405661,0.44671488
132,0.44671488,0.44671488,0.22410308,0.18405661,0.18405661,0.18405661,0.18405661,0.32610494
133,0.44671488,0.44671488,0.22410308,0.18405661,0.18405661,0.18405661,0.18405661,0.2354539
134,0.44671488,0.44671488,0.22410308,0.18405661,0.18405661,0.18405661,0.18405661,0.32414526
135,0.44671488,0.44671488,0.22410308,0.18405661,0.18405661,0.18405661,0.18405661,0.30713043
136,0.16759743,0.16759743,0.22410308,0.18405661,0.18405661,0.18405661,0.18405661,0.5669834
137,0.16759743,0.16759743,0.22410308,0.18405661,0.18405661,0.18405661,0.18405661,0.5016242
138,0.16759743,0.16759743,0.22410308,0.18405661,0.18405661,0.18405661,0.18405661,0.16759743
139,0.16759743,0.16759743,0.22410308,0.18405661,0.18405661,0.18405661,0.18405661,0.44671488
140,0.16759743,0.16759743,0.22410308,0.18405661,0.18405661,0.18405661,0.18405661,0.32610494
141,0.16759743,0.16759743,0.22410308,0.18405661,0.18405661,0.18405661,0.18405661,0.2354539
142,0.16759743,0.16759743,0.22410308,0.18405661,0.18405661,0.18405661,0.18405661,0.32414526
143,0.16759743,0.16759743,0.22410308,0.18405661,0.18405661,0.18405661,0.18405661,0.30713043
144,0.28904858,0.28904858,0.22410308,0.18405661,0.18405661,0.18405661,0.18405661,0.5669834
145,0.28904858,0.28904858,0.22410308,0.18405661,0.18405661,0.18405661,0.18405661,0.5016242
146,0.28904858,0.28904858,0.22410308,0.18405661,0.18405661,0.18405661,0.18405661,0.16759743
147,0.28904858,0.28904858,0.22410308,0.18405661,0.18405661,0.18405661,0.18405661,0.44671488
148,0.28904858,0.28904858,0.22410308,0.18405661,0.18405661,0.18405661,0.18405661,0.32610494
149,0.28904858,0.28904858,0.22410308,0.18405661,0.18405661,0.18405661,0.18405661,0.2354539
150,0.28904858,0.28904858,0.22410308,0.18405661,0.18405661,0.18405661,0.18405661,0.32414526
151,0.28904858,0.28904858,0.22410308,0.18405661,0.18405661,0.18405661,0.18405661,0.30713043
152,0.37616432,0.37616432,0.22410308,0.18405661,0.18405661,0.18405661,0.18405661,0.5669834
153,0.37616432,0.37616432,0.22410308,0.18405661,0.18405661,0.18405661,0.18405661,0.5016242
154,0.37616432,0.37616432,0.22410308,0.18405661,0.18405661,0.18405661,0.18405661,0.16759743
155,0.37616432,0.37616432,0.22410308,0.18405661,0.18405661,0.18405661,0.18405661,0.44671488
156,0.37616432,0.37616432,0.22410308,0.18405661,0.18405661,0.18405661,0.18405661,0.32610494
157,0.37616432,0.37616432,0.22410308,0.18405661,0.18405661,0.18405661,0.18405661,0.2354539
158,0.37616432,0.37616432,0.22410308,0.18405661,0.18405661,0.18405661,0.18405661,0.32414526
159,0.37616432,0.37616432,0.22410308,0.18405661,0.18405661,0.18405661,0.18405661,0.30713043
160,0.5669834,0.5669834,0.385399,0.18405661,0.18405661,0.18405661,0.18405661,0.5669834
161,0.5669834,0.5669834,0.385399,0.18405661,0.18405661,0.18405661,0.18405661,0.5016242
162,0.5669834,0.5669834,0.385399,0.18405661,0.18405661,0.18405661,0.18405661,0.16759743
163,0.5669834,0.5669834,0.385399,0.18405661,0.18405661,0.18405661,0.18405661,0.44671488
164,0.5669834,0.5669834,0.385399,0.18405661,0.18405661,0.18405661,0.18405661,0.32610494
165,0.5669834,0.5669834,0.385399,0.18405661,0.18405661,0.18405661,0.18405661,0.2354539
166,0.5669834,0.5669834,0.385399,0.18405661,0.18405661,0.18405661,0.18405661,0.32414526
167,0.5669834,0.5669834,0.385399,0.18405661,0.18405661,0.18405661,0.18405661,0.30713043
168,0.44671488,0.44671488,0.385399,0.18405661,0.18405661,0.18405661,0.18405661,0.5669834
169,0.44671488,0.44671488,0.385399,0.18405661,0.18405661,0.18405661,0.18405661,0.5016242
170,0.44671488,0.44671488,0.385399,0.18405661,0.18405661,0.18405661,0.18405661,0.16759743
171,0.44671488,0.44671488,0.385399,0.18405661,0.18405661,0.18405661,0.18405661,0.44671488
172,0.44671488,0.44671488,0.385399,0.18405661,0.18405661,0.18405661,0.18405661,0.32610494
173,0.44671488,0.44671488,0.385399,0.18405661,0.18405661,0.18405661,0.18405661,0.2354539
174,0.44671488,0.44671488,0.385399,0.18405661,0.18405661,0.18405661,0.18405661,0.32414526
175,0.44671488,0.44671488,0.385399,0.18405661,0.18405661,0.18405661,0.18405661,0.30713043
176,0.16759743,0.16759743,0.385399,0.18405661,0.18405661,0.18405661,0.18405661,0.5669834
177,0.16759743,0.16759743,0.385399,0.18405661,0.18405661,0.18405661,0.18405661,0.5016242
178,0.16759743,0.16759743,0.385399,0.18405661,0.18405661,0.18405661,0.18405661,0.16759743
179,0.16759743,0.16759743,0.385399,0.18405661,0.18405661,0.18405661,0.18405661,0.44671488
180,0.16759743,0.16759743,0.385399,0.18405661,0.18405661,0.18405661,0.18405661,0.32610494
181,0.16759743,0.16759743,0.385399,0.18405661,0.18405661,0.18405661,0.18405661,0.2354539
182,0.16759743,0.16759743,0.385399,0.18405661,0.18405661,0.18405661,0.18405661,0.32414526
183,0.16759743,0.16759743,0.385399,0.18405661,0.18405661,0.18405661,0.18405661,0.30713043
184,0.28904858,0.28904858,0.385399,0.18405661,0.18405661,0.18405661,0.18405661,0.5669834
185,0.28904858,0.28904858,0.385399,0.18405661,0.18405661,0.18405661,0.18405661,0.5016242
186,0.28904858,0.28904858,0.385399,0.18405661,0.18405661,0.18405661,0.18405661,0.16759743
187,0.28904858,0.28904858,0.385399,0.18405661,0.18405661,0.18405661,0.18405661,0.44671488
188,0.28904858,0.28904858,0.385399,0.18405661,0.18405661,0.18405661,0.18405661,0.32610494
189,0.28904858,0.28904858,0.385399,0.18405661,0.18405661,0.18405661,0.18405661,0.2354539
190,0.28904858,0.28904858,0.385399,0.18405661,0.18405661,0.18405661,0.18405661,0.32414526
191,0.28904858,0.28904858,0.385399,0.18405661,0.18405661,0.18405661,0.18405661,0.30713043
192,0.37616432,0.37616432,0.385399,0.18405661,0.18405661,0.18405661,0.18405661,0.5669834
193,0.37616432,0.37616432,0.385399,0.18405661,0.18405661,0.18405661,0.18405661,0.5016242
194,0.37616432,0.37616432,0.385399,0.18405661,0.18405661,0.18405661,0.18405661,0.16759743
195,0.37616432,0.37616432,0.385399,0.18405661,0.18405661,0.18405661,0.18405661,0.44671488
196,0.37616432,0.37616432,0.385399,0.18405661,0.18405661,0.18405661,0.18405661,0.32610494
197,0.37616432,0.37616432,0.385399,0.18405661,0.18405661,0.18405661,0.18405661,0.2354539
198,0.37616432,0.37616432,0.385399,0.18405661,0.18405661,0.18405661,0.18405661,0.32414526
199,0.37616432,0.37616432,0.385399,0.18405661,0.18405661,0.18405661,0.18405661,0.30713043
200,0.5669834,0.5669834,0.28241333,0.18405661,0.18405661,0.18405661,0.18405661,0.5669834
201,0.5669834,0.5669834,0.28241333,0.18405661,0.18405661,0.18405661,0.18405661,0.5016242
202,0.5669834,0.5669834,0.28241333,0.18405661,0.18405661,0.18405661,0.18405661,0.16759743
203,0.5669834,0.5669834,0.28241333,0.18405661,0.18405661,0.18405661,0.18405661,0.44671488
204,0.5669834,0.5669834,0.28241333,0.18405661,0.18405661,0.18405661,0.18405661,0.32610494
205,0.5669834,0.5669834,0.28241333,0.18405661,0.18405661,0.18405661,0.18405661,0.2354539
206,0.5669834,0.5669834,0.28241333,0.18405661,0.18405661,0.18405661,0.18405661,0.32414526
207,0.5669834,0.5669834,0.28241333,0.18405661,0.18405661,0.18405661,0.18405661,0.30713043
208,0.44671488,0.44671488,0.28241333,0.18405661,0.18405661,0.18405661,0.18405661,0.5669834
209,0.44671488,0.44671488,0.28241333,0.18405661,0.18405661,0.18405661,0.18405661,0.5016242
210,0.44671488,0.44671488,0.28241333,0.18405661,0.18405661,0.18405661,0.18405661,0.16759743
211,0.44671488,0.44671488,0.28241333,0.18405661,0.18405661,0.18405661,0.18405661,0.44671488
212,0.44671488,0.44671488,0.28241333,0.18405661,0.18405661,0.18405661,0.18405661,0.32610494
213,0.44671488,0.44671488,0.28241333,0.18405661,0.18405661,0.18405661,0.18405661,0.2354539
214,0.44671488,0.44671488,0.28241333,0.18405661,0.18405661,0.18405661,0.18405661,0.32414526
215,0.44671488,0.44671488,0.28241333,0.18405661,0.18405661,0.18405661,0.18405661,0.30713043
216,0.16759743,0.16759743,0.28241333,0.18405661,0.18405661,0.18405661,0.18405661,0.5669834
217,0.16759743,0.16759743,0.28241333,0.18405661,0.18405661,0.18405661,0.18405661,0.5016242
218,0.16759743,0.16759743,0.28241333,0.18405661,0.18405661,0.18405661,0.18405661,0.16759743
219,0.16759743,0.16759743,0.28241333,0.18405661,0.18405661,0.18405661,0.18405661,0.44671488
220,0.16759743,0.16759743,0.28241333,0.18405661,0.18405661,0.18405661,0.18405661,0.32610494
221,0.16759743,0.16759743,0.28241333,0.18405661,0.18405661,0.18405661,0.18405661,0.2354539
222,0.16759743,0.16759743,0.28241333,0.18405661,0.18405661,0.18405661,0.18405661,0.32414526
223,0.16759743,0.16759743,0.28241333,0.18405661,0.18405661,0.18405661,0.18405661,0.30713043
224,0.28904858,0.28904858,0.28241333,0.18405661,0.18405661,0.18405661,0.18405661,0.5669834
225,0.28904858,0.28904858,0.28241333,0.18405661,0.18405661,0.18405661,0.18405661,0.5016242
226,0.28904858,0.28904858,0.28241333,0.18405661,0.18405661,0.18405661,0.18405661,0.16759743
227,0.28904858,0.28904858,0.28241333,0.18405661,0.18405661,0.18405661,0.18405661,0.44671488
228,0.28904858,0.28904858,0.28241333,0.18405661,0.18405661,0.18405661,0.18405661,0.32610494
229,0.28904858,0.28904858,0.28241333,0.18405661,0.18405661,0.18405661,0.18405661,0.2354539
230,0.28904858,0.28904858,0.28241333,0.18405661,0.18405661,0.18405661,0.18405661,0.32414526
231,0.28904858,0.28904858,0.28241333,0.18405661,0.18405661,0.18405661,0.18405661,0.30713043
232,0.37616432,0.37616432,0.28241333,0.18405661,0.18405661,0.18405661,0.18405661,0.5669834
233,0.37616432,0.37616432,0.28241333,0.18405661,0.18405661,0.18405661,0.18405661,0.5016242
234,0.37616432,0.37616432,0.28241333,0.18405661,0.18405661,0.18405661,0.18405661,0.16759743
235,0.37616432,0.37616432,0.28241333,0.18405661,0.18405661,0.18405661,0.18405661,0.44671488
236,0.37616432,0.37616432,0.28241333,0.18405661,0.18405661,0.18405661,0.18405661,0.32610494
237,0.37616432,0.37616432,0.28241333,0.18405661,0.18405661,0.18405661,0.18405661,0.2354539
238,0.37616432,0.37616432,0.28241333,0.18405661,0.18405661,0.18405661,0.18405661,0.32414526
239,0.37616432,0.37616432,0.28241333,0.18405661,0.18405661,0.18405661,0.18405661,0.30713043
240,0.5669834,0.5669834,0.22410308,0.32991293,0.32991293,0.32991293,0.32991293,0.5669834
241,0.5669834,0.5669834,0.22410308,0.32991293,0.32991293,0.32991293,0.32991293,0.5016242
242,0.5669834,0.5669834,0.22410308,0.32991293,0.32991293,0.32991293,0.32991293,0.16759743
243,0.5669834,0.5669834,0.22410308,0.32991293,0.32991293,0.32991293,0.32991293,0.44671488
244,0.5669834,0.5669834,0.22410308,0.32991293,0.32991293,0.32991293,0.32991293,0.32610494
245,0.5669834,0.5669834,0.22410308,0.32991293,0.32991293,0.32991293,0.32991293,0.2354539
246,0.5669834,0.5669834,0.22410308,0.32991293,0.32991293,0.32991293,0.32991293,0.32414526
247,0.5669834,0.5669834,0.22410308,0.32991293,0.32991293,0.32991293,0.32991293,0.30713043
248,0.44671488,0.44671488,0.22410308,0.32991293,0.32991293,0.32991293,0.32991293,0.5669834
249,0.44671488,0.44671488,0.22410308,0.32991293,0.32991293,0.32991293,0.32991293,0.5016242
250,0.44671488,0.44671488,0.22410308,0.32991293,0.32991293,0.32991293,0.32991293,0.16759743
251,0.44671488,0.44671488,0.22410308,0.32991293,0.32991293,0.32991293,0.32991293,0.44671488
252,0.44671488,0.44671488,0.22410308,0.32991293,0.32991293,0.32991293,0.32991293,0.32610494
253,0.44671488,0.44671488,0.22410308,0.32991293,0.32991293,0.32991293,0.32991293,0.2354539
254,0.44671488,0.44671488,0.22410308,0.32991293,0.32991293,0.32991293,0.32991293,0.32414526
255,0.44671488,0.44671488,0.22410308,0.32991293,0.32991293,0.32991293,0.32991293,0.30713043
256,0.16759743,0.16759743,0.22410308,0.32991293,0.32991293,0.32991293,0.32991293,0.5669834
257,0.16759743,0.16759743,0.22410308,0.32991293,0.32991293,0.32991293,0.32991293,0.5016242
258,0.16759743,0.16759743,0.22410308,0.32991293,0.32991293,0.32991293,0.32991293,0.16759743
259,0.16759743,0.16759743,0.22410308,0.32991293,0.32991293,0.32991293,0.32991293,0.44671488
260,0.16759743,0.16759743,0.22410308,0.32991293,0.32991293,0.32991293,0.32991293,0.32610494
261,0.16759743,0.16759743,0.22410308,0.32991293,0.32991293,0.32991293,0.32991293,0.2354539
262,0.16759743,0.16759743,0.22410308,0.32991293,0.32991293,0.32991293,0.32991293,0.32414526
263,0.16759743,0.16759743,0.22410308,0.32991293,0.32991293,0.32991293,0.32991293,0.30713043
264,0.28904858,0.28904858,0.22410308,0.32991293,0.32991293,0.32991293,0.32991293,0.5669834
265,0.28904858,0.28904858,0.22410308,0.32991293,0.32991293,0.32991293,0.32991293,0.5016242
266,0.28904858,0.28904858,0.22410308,0.32991293,0.32991293,0.32991293,0.32991293,0.16759743
267,0.28904858,0.28904858,0.22410308,0.32991293,0.32991293,0.32991293,0.32991293,0.44671488
268,0.28904858,0.28904858,0.22410308,0.32991293,0.32991293,0.32991293,0.32991293,0.32610494
269,0.28904858,0.28904858,0.22410308,0.32991293,0.32991293,0.32991293,0.32991293,0.2354539
270,0.28904858,0.28904858,0.22410308,0.32991293,0.32991293,0.32991293,0.32991293,0.32414526
271,0.28904858,0.28904858,0.22410308,0.32991293,0.32991293,0.32991293,0.32991293,0.30713043
272,0.37616432,0.37616432,0.22410308,0.32991293,0.32991293,0.32991293,0.32991293,0.5669834
273,0.37616432,0.37616432,0.22410308,0.32991293,0.32991293,0.32991293,0.32991293,0.5016242
274,0.37616432,0.37616432,0.22410308,0.32991293,0.32991293,0.32991293,0.32991293,0.16759743
275,0.37616432,0.37616432,0.22410308,0.32991293,0.32991293,0.32991293,0.32991293,0.44671488
276,0.37616432,0.37616432,0.22410308,0.32991293,0.32991293,0.32991293,0.32991293,0.32610494
277,0.37616432,0.37616432,0.22410308,0.32991293,0.32991293,0.32991293,0.32991293,0.2354539
278,0.37616432,0.37616432,0.22410308,0.32991293,0.32991293,0.32991293,0.32991293,0.32414526
279,0.37616432,0.37616432,0.22410308,0.32991293,0.32991293,0.32991293,0.32991293,0.30713043
280,0.5669834,0.5669834,0.385399,0.32991293,0.32991293,0.32991293,0.32991293,0.5669834
281,0.5669834,0.5669834,0.385399,0.32991293,0.32991293,0.32991293,0.32991293,0.5016242
282,0.5669834,0.5669834,0.385399,0.32991293,0.32991293,0.32991293,0.32991293,0.16759743
283,0.5669834,0.5669834,0.385399,0.32991293,0.32991293,0.32991293,0.32991293,0.44671488
284,0.5669834,0.5669834,0.385399,0.32991293,0.32991293,0.32991293,0.32991293,0.32610494
285,0.5669834,0.5669834,0.385399,0.32991293,0.32991293,0.32991293,0.32991293,0.2354539
286,0.5669834,0.5669834,0.385399,0.32991293,0.32991293,0.32991293,0.32991293,0.32414526
287,0.5669834,0.5669834,0.385399,0.32991293,0.32991293,0.32991293,0.32991293,0.30713043
288,0.44671488,0.44671488,0.385399,0.32991293,0.32991293,0.32991293,0.32991293,0.5669834
289,0.44671488,0.44671488,0.385399,0.32991293,0.32991293,0.32991293,0.32991293,0.5016242
290,0.44671488,0.44671488,0.385399,0.32991293,0.32991293,0.32991293,0.32991293,0.16759743
291,0.44671488,0.44671488,0.385399,0.32991293,0.32991293,0.32991293,0.32991293,0.44671488
292,0.44671488,0.44671488,0.385399,0.32991293,0.32991293,0.32991293,0.32991293,0.32610494
293,0.44671488,0.44671488,0.385399,0.32991293,0.32991293,0.32991293,0.32991293,0.2354539
294,0.44671488,0.44671488,0.385399,0.32991293,0.32991293,0.32991293,0.32991293,0.32414526
295,0.44671488,0.44671488,0.385399,0.32991293,0.32991293,0.32991293,0.32991293,0.30713043
296,0.16759743,0.16759743,0.385399,0.32991293,0.32991293,0.32991293,0.32991293,0.5669834
297,0.16759743,0.16759743,0.385399,0.32991293,0.32991293,0.32991293,0.32991293,0.5016242
298,0.16759743,0.16759743,0.385399,0.32991293,0.32991293,0.32991293,0.32991293,0.16759743
299,0.16759743,0.16759743,0.385399,0.32991293,0.32991293,0.32991293,0.32991293,0.44671488
300,0.16759743,0.16759743,0.385399,0.32991293,0.32991293,0.32991293,0.32991293,0.32610494
301,0.16759743,0.16759743,0.385399,0.32991293,0.32991293,0.32991293,0.32991293,0.2354539
302,0.16759743,0.16759743,0.385399,0.32991293,0.32991293,0.32991293,0.32991293,0.32414526
303,0.16759743,0.16759743,0.385399,0.32991293,0.32991293,0.32991293,0.32991293,0.30713043
304,0.28904858,0.28904858,0.385399,0.32991293,0.32991293,0.32991293,0.32991293,0.5669834
305,0.28904858,0.28904858,0.385399,0.32991293,0.32991293,0.32991293,0.32991293,0.5016242
306,0.28904858,0.28904858,0.385399,0.32991293,0.32991293,0.32991293,0.32991293,0.16759743
307,0.28904858,0.28904858,0.385399,0.32991293,0.32991293,0.32991293,0.32991293,0.44671488
308,0.28904858,0.28904858,0.385399,0.32991293,0.32991293,0.32991293,0.32991293,0.32610494
309,0.28904858,0.28904858,0.385399,0.32991293,0.32991293,0.32991293,0.32991293,0.2354539
310,0.28904858,0.28904858,0.385399,0.32991293,0.32991293,0.32991293,0.32991293,0.32414526
311,0.28904858,0.28904858,0.385399,0.32991293,0.32991293,0.32991293,0.32991293,0.30713043
312,0.37616432,0.37616432,0.385399,0.32991293,0.32991293,0.32991293,0.32991293,0.5669834
313,0.37616432,0.37616432,0.385399,0.32991293,0.32991293,0.32991293,0.32991293,0.5016242
314,0.37616432,0.37616432,0.385399,0.32991293,0.32991293,0.32991293,0.32991293,0.16759743
315,0.37616432,0.37616432,0.385399,0.32991293,0.32991293,0.32991293,0.32991293,0.44671488
316,0.37616432,0.37616432,0.385399,0.32991293,0.32991293,0.32991293,0.32991293,0.32610494
317,0.37616432,0.37616432,0.385399,0.32991293,0.32991293,0.32991293,0.32991293,0.2354539
318,0.37616432,0.37616432,0.385399,0.32991293,0.32991293,0.32991293,0.32991293,0.32414526
319,0.37616432,0.37616432,0.385399,0.32991293,0.32991293,0.32991293,0.32991293,0.30713043
320,0.5669834,0.5669834,0.28241333,0.32991293,0.32991293,0.32991293,0.32991293,0.5669834
321,0.5669834,0.5669834,0.28241333,0.32991293,0.32991293,0.32991293,0.32991293,0.5016242
322,0.5669834,0.5669834,0.28241333,0.32991293,0.32991293,0.32991293,0.32991293,0.16759743
323,0.5669834,0.5669834,0.28241333,0.32991293,0.32991293,0.32991293,0.32991293,0.44671488
324,0.5669834,0.5669834,0.28241333,0.32991293,0.32991293,0.32991293,0.32991293,0.32610494
325,0.5669834,0.5669834,0.28241333,0.32991293,0.32991293,0.32991293,0.32991293,0.2354539
326,0.5669834,0.5669834,0.28241333,0.32991293,0.32991293,0.32991293,0.32991293,0.32414526
327,0.5669834,0.5669834,0.28241333,0.32991293,0.32991293,0.32991293,0.32991293,0.30713043
328,0.44671488,0.44671488,0.28241333,0.32991293,0.32991293,0.32991293,0.32991293,0.5669834
329,0.44671488,0.44671488,0.28241333,0.32991293,0.32991293,0.32991293,0.32991293,0.5016242
330,0.44671488,0.44671488,0.28241333,0.32991293,0.32991293,0.32991293,0.32991293,0.16759743
331,0.44671488,0.44671488,0.28241333,0.32991293,0.32991293,0.32991293,0.32991293,0.44671488
332,0.44671488,0.44671488,0.28241333,0.32991293,0.32991293,0.32991293,0.32991293,0.32610494
333,0.44671488,0.44671488,0.28241333,0.32991293,0.32991293,0.32991293,0.32991293,0.2354539
334,0.44671488,0.44671488,0.28241333,0.32991293,0.32991293,0.32991293,0.32991293,0.32414526
335,0.44671488,0.44671488,0.28241333,0.32991293,0.32991293,0.32991293,0.32991293,0.30713043
336,0.16759743,0.16759743,0.28241333,0.32991293,0.32991293,0.32991293,0.32991293,0.5669834
337,0.16759743,0.16759743,0.28241333,0.32991293,0.32991293,0.32991293,0.32991293,0.5016242
338,0.16759743,0.16759743,0.28241333,0.32991293,0.32991293,0.32991293,0.32991293,0.16759743
339,0.16759743,0.16759743,0.28241333,0.32991293,0.32991293,0.32991293,0.32991293,0.44671488
340,0.16759743,0.16759743,0.28241333,0.32991293,0.32991293,0.32991293,0.32991293,0.32610494
341,0.16759743,0.16759743,0.28241333,0.32991293,0.32991293,0.32991293,0.32991293,0.2354539
342,0.16759743,0.16759743,0.28241333,0.32991293,0.32991293,0.32991293,0.32991293,0.32414526
343,0.16759743,0.16759743,0.28241333,0.32991293,0.32991293,0.32991293,0.32991293,0.30713043
344,0.28904858,0.28904858,0.28241333,0.32991293,0.32991293,0.32991293,0.32991293,0.5669834
345,0.28904858,0.28904858,0.28241333,0.32991293,0.32991293,0.32991293,0.32991293,0.5016242
346,0.28904858,0.28904858,0.28241333,0.32991293,0.32991293,0.32991293,0.32991293,0.16759743
347,0.28904858,0.28904858,0.28241333,0.32991293,0.32991293,0.32991293,0.32991293,0.44671488
348,0.28904858,0.28904858,0.28241333,0.32991293,0.32991293,0.32991293,0.32991293,0.32610494
349,0.28904858,0.28904858,0.28241333,0.32991293,0.32991293,0.32991293,0.32991293,0.2354539
350,0.28904858,0.28904858,0.28241333,0.32991293,0.32991293,0.32991293,0.32991293,0.32414526
351,0.28904858,0.28904858,0.28241333,0.32991293,0.32991293,0.32991293,0.32991293,0.30713043
352,0.37616432,0.37616432,0.28241333,0.32991293,0.32991293,0.32991293,0.32991293,0.5669834
353,0.37616432,0.37616432,0.28241333,0.32991293,0.32991293,0.32991293,0.32991293,0.5016242
354,0.37616432,0.37616432,0.28241333,0.32991293,0.32991293,0.32991293,0.32991293,0.16759743
355,0.37616432,0.37616432,0.28241333,0.32991293,0.32991293,0.32991293,0.32991293,0.44671488
356,0.37616432,0.37616432,0.28241333,0.32991293,0.32991293,0.32991293,0.32991293,0.32610494
357,0.37616432,0.37616432,0.28241333,0.32991293,0.32991293,0.32991293,0.32991293,0.2354539
358,0.37616432,0.37616432,0.28241333,0.32991293,0.32991293,0.32991293,0.32991293,0.32414526
359,0.37616432,0.37616432,0.28241333,0.32991293,0.32991293,0.32991293,0.32991293,0.30713043
360,0.5669834,0.5669834,0.22410308,0.14322981,0.14322981,0.14322981,0.14322981,0.5669834
361,0.5669834,0.5669834,0.22410308,0.14322981,0.14322981,0.14322981,0.14322981,0.5016242
362,0.5669834,0.5669834,0.22410308,0.14322981,0.14322981,0.14322981,0.14322981,0.16759743
363,0.5669834,0.5669834,0.22410308,0.14322981,0.14322981,0.14322981,0.14322981,0.44671488
364,0.5669834,0.5669834,0.22410308,0.14322981,0.14322981,0.14322981,0.14322981,0.32610494
365,0.5669834,0.5669834,0.22410308,0.14322981,0.14322981,0.14322981,0.14322981,0.2354539
366,0.5669834,0.5669834,0.22410308,0.14322981,0.14322981,0.14322981,0.14322981,0.32414526
367,0.5669834,0.5669834,0.22410308,0.14322981,0.14322981,0.14322981,0.14322981,0.30713043
368,0.44671488,0.44671488,0.22410308,0.14322981,0.14322981,0.14322981,0.14322981,0.5669834
369,0.44671488,0.44671488,0.22410308,0.14322981,0.14322981,0.14322981,0.14322981,0.5016242
370,0.44671488,0.44671488,0.22410308,0.14322981,0.14322981,0.14322981,0.14322981,0.16759743
371,0.44671488,0.44671488,0.22410308,0.14322981,0.14322981,0.14322981,0.14322981,0.44671488
372,0.44671488,0.44671488,0.22410308,0.14322981,0.14322981,0.14322981,0.14322981,0.32610494
373,0.44671488,0.44671488,0.22410308,0.14322981,0.14322981,0.14322981,0.14322981,0.2354539
374,0.44671488,0.44671488,0.22410308,0.14322981,0.14322981,0.14322981,0.14322981,0.32414526
375,0.44671488,0.44671488,0.22410308,0.14322981,0.14322981,0.14322981,0.14322981,0.30713043
376,0.16759743,0.16759743,0.22410308,0.14322981,0.14322981,0.14322981,0.14322981,0.5669834
377,0.16759743,0.16759743,0.22410308,0.14322981,0.14322981,0.14322981,0.14322981,0.5016242
378,0.16759743,0.16759743,0.22410308,0.14322981,0.14322981,0.14322981,0.14322981,0.16759743
379,0.16759743,0.16759743,0.22410308,0.14322981,0.14322981,0.14322981,0.14322981,0.44671488
380,0.16759743,0.16759743,0.22410308,0.14322981,0.14322981,0.14322981,0.14322981,0.32610494
381,0.16759743,0.16759743,0.22410308,0.14322981,0.14322981,0.14322981,0.14322981,0.2354539
382,0.16759743,0.16759743,0.22410308,0.14322981,0.14322981,0.14322981,0.14322981,0.32414526
383,0.16759743,0.16759743,0.22410308,0.14322981,0.14322981,0.14322981,0.14322981,0.30713043
384,0.28904858,0.28904858,0.22410308,0.14322981,0.14322981,0.14322981,0.14322981,0.5669834
385,0.28904858,0.28904858,0.22410308,0.14322981,0.14322981,0.14322981,0.14322981,0.5016242
386,0.28904858,0.28904858,0.22410308,0.14322981,0.14322981,0.14322981,0.14322981,0.16759743
387,0.28904858,0.28904858,0.22410308,0.14322981,0.14322981,0.14322981,0.14322981,0.44671488
388,0.28904858,0.28904858,0.22410308,0.14322981,0.14322981,0.14322981,0.14322981,0.32610494
389,0.28904858,0.28904858,0.22410308,0.14322981,0.14322981,0.14322981,0.14322981,0.2354539
390,0.28904858,0.28904858,0.22410308,0.14322981,0.14322981,0.14322981,0.14322981,0.32414526
391,0.28904858,0.28904858,0.22410308,0.14322981,0.14322981,0.14322981,0.14322981,0.30713043
392,0.37616432,0.37616432,0.22410308,0.14322981,0.14322981,0.14322981,0.14322981,0.5669834
393,0.37616432,0.37616432,0.22410308,0.14322981,0.14322981,0.14322981,0.14322981,0.5016242
394,0.37616432,0.37616432,0.22410308,0.14322981,0.14322981,0.14322981,0.14322981,0.16759743
395,0.37616432,0.37616432,0.22410308,0.14322981,0.14322981,0.14322981,0.14322981,0.44671488
396,0.37616432,0.37616432,0.22410308,0.14322981,0.14322981,0.14322981,0.14322981,0.32610494
397,0.37616432,0.37616432,0.22410308,0.14322981,0.14322981,0.14322981,0.14322981,0.2354539
398,0.37616432,0.37616432,0.22410308,0.14322981,0.14322981,0.14322981,0.14322981,0.32414526
399,0.37616432,0.37616432,0.22410308,0.14322981,0.14322981,0.14322981,0.14322981,0.30713043
400,0.5669834,0.5669834,0.385399,0.14322981,0.14322981,0.14322981,0.14322981,0.5669834
401,0.5669834,0.5669834,0.385399,0.14322981,0.14322981,0.14322981,0.14322981,0.5016242
402,0.5669834,0.5669834,0.385399,0.14322981,0.14322981,0.14322981,0.14322981,0.16759743
403,0.5669834,0.5669834,0.385399,0.14322981,0.14322981,0.14322981,0.14322981,0.44671488
404,0.5669834,0.5669834,0.385399,0.14322981,0.14322981,0.14322981,0.14322981,0.32610494
405,0.5669834,0.5669834,0.385399,0.14322981,0.14322981,0.14322981,0.14322981,0.2354539
406,0.5669834,0.5669834,0.385399,0.14322981,0.14322981,0.14322981,0.14322981,0.32414526
407,0.5669834,0.5669834,0.385399,0.14322981,0.14322981,0.14322981,0.14322981,0.30713043
408,0.44671488,0.44671488,0.385399,0.14322981,0.14322981,0.14322981,0.14322981,0.5669834
409,0.44671488,0.44671488,0.385399,0.14322981,0.14322981,0.14322981,0.14322981,0.5016242
410,0.44671488,0.44671488,0.385399,0.14322981,0.14322981,0.14322981,0.14322981,0.16759743
411,0.44671488,0.44671488,0.385399,0.14322981,0.14322981,0.14322981,0.14322981,0.44671488
412,0.44671488,0.44671488,0.385399,0.14322981,0.14322981,0.14322981,0.14322981,0.32610494
413,0.44671488,0.44671488,0.385399,0.14322981,0.14322981,0.14322981,0.14322981,0.2354539
414,0.44671488,0.44671488,0.385399,0.14322981,0.14322981,0.14322981,0.14322981,0.32414526
415,0.44671488,0.44671488,0.385399,0.14322981,0.14322981,0.14322981,0.14322981,0.30713043
416,0.16759743,0.16759743,0.385399,0.14322981,0.14322981,0.14322981,0.14322981,0.5669834
417,0.16759743,0.16759743,0.385399,0.14322981,0.14322981,0.14322981,0.14322981,0.5016242
418,0.16759743,0.16759743,0.385399,0.14322981,0.14322981,0.14322981,0.14322981,0.16759743
419,0.16759743,0.16759743,0.385399,0.14322981,0.14322981,0.14322981,0.14322981,0.44671488
420,0.16759743,0.16759743,0.385399,0.14322981,0.14322981,0.14322981,0.14322981,0.32610494
421,0.16759743,0.16759743,0.385399,0.14322981,0.14322981,0.14322981,0.14322981,0.2354539
422,0.16759743,0.16759743,0.385399,0.14322981,0.14322981,0.14322981,0.14322981,0.32414526
423,0.16759743,0.16759743,0.385399,0.14322981,0.14322981,0.14322981,0.14322981,0.30713043
424,0.28904858,0.28904858,0.385399,0.14322981,0.14322981,0.14322981,0.14322981,0.5669834
425,0.28904858,0.28904858,0.385399,0.14322981,0.14322981,0.14322981,0.14322981,0.5016242
426,0.28904858,0.28904858,0.385399,0.14322981,0.14322981,0.14322981,0.14322981,0.16759743
427,0.28904858,0.28904858,0.385399,0.14322981,0.14322981,0.14322981,0.14322981,0.44671488
428,0.28904858,0.28904858,0.385399,0.14322981,0.14322981,0.14322981,0.14322981,0.32610494
429,0.28904858,0.28904858,0.385399,0.14322981,0.14322981,0.14322981,0.14322981,0.2354539
430,0.28904858,0.28904858,0.385399,0.14322981,0.14322981,0.14322981,0.14322981,0.32414526
431,0.28904858,0.28904858,0.385399,0.14322981,0.14322981,0.14322981,0.14322981,0.30713043
432,0.37616432,0.37616432,0.385399,0.14322981,0.14322981,0.14322981,0.14322981,0.5669834
433,0.37616432,0.37616432,0.385399,0.14322981,0.14322981,0.14322981,0.14322981,0.5016242
434,0.37616432,0.37616432,0.385399,0.14322981,0.14322981,0.14322981,0.14322981,0.16759743
435,0.37616432,0.37616432,0.385399,0.14322981,0.14322981,0.14322981,0.14322981,0.44671488
436,0.37616432,0.37616432,0.385399,0.14322981,0.14322981,0.14322981,0.14322981,0.32610494
437,0.37616432,0.37616432,0.385399,0.14322981,0.14322981,0.14322981,0.14322981,0.2354539
438,0.37616432,0.37616432,0.385399,0.14322981,0.14322981,0.14322981,0.14322981,0.32414526
439,0.37616432,0.37616432,0.385399,0.14322981,0.14322981,0.14322981,0.14322981,0.30713043
440,0.5669834,0.5669834,0.28241333,0.14322981,0.14322981,0.14322981,0.14322981,0.5669834
441,0.5669834,0.5669834,0.28241333,0.14322981,0.14322981,0.14322981,0.14322981,0.5016242
442,0.5669834,0.5669834,0.28241333,0.14322981,0.14322981,0.14322981,0.14322981,0.16759743
443,0.5669834,0.5669834,0.28241333,0.14322981,0.14322981,0.14322981,0.14322981,0.44671488
444,0.5669834,0.5669834,0.28241333,0.14322981,0.14322981,0.14322981,0.14322981,0.32610494
445,0.5669834,0.5669834,0.28241333,0.14322981,0.14322981,0.14322981,0.14322981,0.2354539
446,0.5669834,0.5669834,0.28241333,0.14322981,0.14322981,0.14322981,0.14322981,0.32414526
447,0.5669834,0.5669834,0.28241333,0.14322981,0.14322981,0.14322981,0.14322981,0.30713043
448,0.44671488,0.44671488,0.28241333,0.14322981,0.14322981,0.14322981,0.14322981,0.5669834
449,0.44671488,0.44671488,0.28241333,0.14322981,0.14322981,0.14322981,0.14322981,0.5016242
450,0.44671488,0.44671488,0.28241333,0.14322981,0.14322981,0.14322981,0.14322981,0.16759743
451,0.44671488,0.44671488,0.28241333,0.14322981,0.14322981,0.14322981,0.14322981,0.44671488
452,0.44671488,0.44671488,0.28241333,0.14322981,0.14322981,0.14322981,0.14322981,0.32610494
453,0.44671488,0.44671488,0.28241333,0.14322981,0.14322981,0.14322981,0.14322981,0.2354539
454,0.44671488,0.44671488,0.28241333,0.14322981,0.14322981,0.14322981,0.14322981,0.32414526
455,0.44671488,0.44671488,0.28241333,0.14322981,0.14322981,0.14322981,0.14322981,0.30713043
456,0.16759743,0.16759743,0.28241333,0.14322981,0.14322981,0.14322981,0.14322981,0.5669834
457,0.16759743,0.16759743,0.28241333,0.14322981,0.14322981,0.14322981,0.14322981,0.5016242
458,0.16759743,0.16759743,0.28241333,0.14322981,0.14322981,0.14322981,0.14322981,0.16759743
459,0.16759743,0.16759743,0.28241333,0.14322981,0.14322981,0.14322981,0.14322981,0.44671488
460,0.16759743,0.16759743,0.28241333,0.14322981,0.14322981,0.14322981,0.14322981,0.32610494
461,0.16759743,0.16759743,0.28241333,0.14322981,0.14322981,0.14322981,0.14322981,0.2354539
462,0.16759743,0.16759743,0.28241333,0.14322981,0.14322981,0.14322981,0.14322981,0.32414526
463,0.16759743,0.16759743,0.28241333,0.14322981,0.14322981,0.14322981,0.14322981,0.30713043
464,0.28904858,0.28904858,0.28241333,0.14322981,0.14322981,0.14322981,0.14322981,0.5669834
465,0.28904858,0.28904858,0.28241333,0.14322981,0.14322981,0.14322981,0.14322981,0.5016242
466,0.28904858,0.28904858,0.28241333,0.14322981,0.14322981,0.14322981,0.14322981,0.16759743
467,0.28904858,0.28904858,0.28241333,0.14322981,0.14322981,0.14322981,0.14322981,0.44671488
468,0.28904858,0.28904858,0.28241333,0.14322981,0.14322981,0.14322981,0.14322981,0.32610494
469,0.28904858,0.28904858,0.28241333,0.14322981,0.14322981,0.14322981,0.14322981,0.2354539
470,0.28904858,0.28904858,0.28241333,0.14322981,0.14322981,0.14322981,0.14322981,0.32414526
471,0.28904858,0.28904858,0.28241333,0.14322981,0.14322981,0.14322981,0.14322981,0.30713043
472,0.37616432,0.37616432,0.28241333,0.14322981,0.14322981,0.14322981,0.14322981,0.5669834
473,0.37616432,0.37616432,0.28241333,0.14322981,0.14322981,0.14322981,0.14322981,0.5016242
474,0.37616432,0.37616432,0.28241333,0.14322981,0.14322981,0.14322981,0.14322981,0.16759743
475,0.37616432,0.37616432,0.28241333,0.14322981,0.14322981,0.14322981,0.14322981,0.44671488
476,0.37616432,0.37616432,0.28241333,0.14322981,0.14322981,0.14322981,0.14322981,0.32610494
477,0.37616432,0.37616432,0.28241333,0.14322981,0.14322981,0.14322981,0.14322981,0.2354539
478,0.37616432,0.37616432,0.28241333,0.14322981,0.14322981,0.14322981,0.14322981,0.32414526
479,0.37616432,0.37616432,0.28241333,0.14322981,0.14322981,0.14322981,0.14322981,0.30713043
480,0.5669834,0.44671488,0.22410308,0.30713043,0.30713043,0.30713043,0.30713043,0.5669834
481,0.5669834,0.44671488,0.22410308,0.30713043,0.30713043,0.30713043,0.30713043,0.5016242
482,0.5669834,0.44671488,0.22410308,0.30713043,0.30713043,0.30713043,0.30713043,0.16759743
483,0.5669834,0.44671488,0.22410308,0.30713043,0.30713043,0.30713043,0.30713043,0.44671488
484,0.5669834,0.44671488,0.22410308,0.30713043,0.30713043,0.30713043,0.30713043,0.32610494
485,0.5669834,0.44671488,0.22410308,0.30713043,0.30713043,0.30713043,0.30713043,0.2354539
486,0.5669834,0.44671488,0.22410308,0.30713043,0.30713043,0.30713043,0.30713043,0.32414526
487,0.5669834,0.44671488,0.22410308,0.30713043,0.30713043,0.30713043,0.30713043,0.30713043
488,0.44671488,0.16759743,0.22410308,0.18405661,0.18405661,0.18405661,0.18405661,0.5669834
489,0.44671488,0.16759743,0.22410308,0.18405661,0.18405661,0.18405661,0.18405661,0.5016242
490,0.44671488,0.16759743,0.22410308,0.18405661,0.18405661,0.18405661,0.18405661,0.16759743
491,0.44671488,0.16759743,0.22410308,0.18405661,0.18405661,0.18405661,0.18405661,0.44671488
492,0.44671488,0.16759743,0.22410308,0.18405661,0.18405661,0.18405661,0.18405661,0.32610494
493,0.44671488,0.16759743,0.22410308,0.18405661,0.18405661,0.18405661,0.18405661,0.2354539
494,0.44671488,0.16759743,0.22410308,0.18405661,0.18405661,0.18405661,0.18405661,0.32414526
495,0.44671488,0.16759743,0.22410308,0.18405661,0.18405661,0.18405661,0.18405661,0.30713043
496,0.16759743,0.37616432,0.385399,0.18405661,0.18405661,0.18405661,0.18405661,0.5669834
497,0.16759743,0.37616432,0.385399,0.18405661,0.18405661,0.18405661,0.18405661,0.5016242
498,0.16759743,0.37616432,0.385399,0.18405661,0.18405661,0.18405661,0.18405661,0.16759743
499,0.16759743,0.37616432,0.385399,0.18405661,0.18405661,0.18405661,0.18405661,0.44671488
500,0.16759743,0.37616432,0.385399,0.18405661,0.18405661,0.18405661,0.18405661,0.32610494
501,0.16759743,0.37616432,0.385399,0.18405661,0.18405661,0.18405661,0.18405661,0.2354539
502,0.16759743,0.37616432,0.385399,0.18405661,0.18405661,0.18405661,0.18405661,0.32414526
503,0.16759743,0.37616432,0.385399,0.18405661,0.18405661,0.18405661,0.18405661,0.30713043
504,0.5669834,0.16759743,0.385399,0.32991293,0.32991293,0.32991293,0.32991293,0.5669834
505,0.5669834,0.16759743,0.385399,0.32991293,0.32991293,0.32991293,0.32991293,0.5016242
506,0.5669834,0.16759743,0.385399,0.32991293,0.32991293,0.32991293,0.32991293,0.16759743
507,0.5669834,0.16759743,0.385399,0.32991293,0.32991293,0.32991293,0.32991293,0.44671488
508,0.5669834,0.16759743,0.385399,0.32991293,0.32991293,0.32991293,0.32991293,0.32610494
509,0.5669834,0.16759743,0.385399,0.32991293,0.32991293,0.32991293,0.32991293,0.2354539
510,0.5669834,0.16759743,0.385399,0.32991293,0.32991293,0.32991293,0.32991293,0.32414526
511,0.5669834,0.16759743,0.385399,0.32991293,0.32991293,0.32991293,0.32991293,0.30713043
512,0.16759743,0.28904858,0.28241333,0.32991293,0.32991293,0.32991293,0.32991293,0.5669834
513,0.16759743,0.28904858,0.28241333,0.32991293,0.32991293,0.32991293,0.32991293,0.5016242
514,0.16759743,0.28904858,0.28241333,0.32991293,0.32991293,0.32991293,0.32991293,0.16759743
515,0.16759743,0.28904858,0.28241333,0.32991293,0.32991293,0.32991293,0.32991293,0.44671488
516,0.16759743,0.28904858,0.28241333,0.32991293,0.32991293,0.32991293,0.32991293,0.32610494
517,0.16759743,0.28904858,0.28241333,0.32991293,0.32991293,0.32991293,0.32991293,0.2354539
518,0.16759743,0.28904858,0.28241333,0.32991293,0.32991293,0.32991293,0.32991293,0.32414526
519,0.16759743,0.28904858,0.28241333,0.32991293,0.32991293,0.32991293,0.32991293,0.30713043
520,0.28904858,0.37616432,0.28241333,0.14322981,0.14322981,0.14322981,0.14322981,0.5669834
521,0.28904858,0.37616432,0.28241333,0.14322981,0.14322981,0.14322981,0.14322981,0.5016242
522,0.28904858,0.37616432,0.28241333,0.14322981,0.14322981,0.14322981,0.14322981,0.16759743
523,0.28904858,0.37616432,0.28241333,0.14322981,0.14322981,0.14322981,0.14322981,0.44671488
524,0.28904858,0.37616432,0.28241333,0.14322981,0.14322981,0.14322981,0.14322981,0.32610494
525,0.28904858,0.37616432,0.28241333,0.14322981,0.14322981,0.14322981,0.14322981,0.2354539
526,0.28904858,0.37616432,0.28241333,0.14322981,0.14322981,0.14322981,0.14322981,0.32414526
527,0.28904858,0.37616432,0.28241333,0.14322981,0.14322981,0.14322981,0.14322981,0.30713043
528,0.5669834,0.5669834,0.22410308,0.30713043,0.30713043,0.30713043,0.18405661,0.5669834
529,0.5669834,0.5669834,0.22410308,0.30713043,0.30713043,0.30713043,0.18405661,0.5016242
530,0.5669834,0.5669834,0.22410308,0.30713043,0.30713043,0.30713043,0.18405661,0.16759743
531,0.5669834,0.5669834,0.22410308,0.30713043,0.30713043,0.30713043,0.18405661,0.44671488
532,0.5669834,0.5669834,0.22410308,0.30713043,0.30713043,0.30713043,0.18405661,0.32610494
533,0.5669834,0.5669834,0.22410308,0.30713043,0.30713043,0.30713043,0.18405661,0.2354539
534,0.5669834,0.5669834,0.22410308,0.30713043,0.30713043,0.30713043,0.18405661,0.32414526
535,0.5669834,0.5669834,0.22410308,0.30713043,0.30713043,0.30713043,0.18405661,0.30713043
536,0.44671488,0.44671488,0.22410308,0.30713043,0.30713043,0.30713043,0.18405661,0.5669834
537,0.44671488,0.44671488,0.22410308,0.30713043,0.30713043,0.30713043,0.18405661,0.5016242
538,0.44671488,0.44671488,0.22410308,0.30713043,0.30713043,0.30713043,0.18405661,0.16759743
539,0.44671488,0.44671488,0.22410308,0.30713043,0.30713043,0.30713043,0.18405661,0.44671488
540,0.44671488,0.44671488,0.22410308,0.30713043,0.30713043,0.30713043,0.18405661,0.32610494
541,0.44671488,0.44671488,0.22410308,0.30713043,0.30713043,0.30713043,0.18405661,0.2354539
542,0.44671488,0.44671488,0.22410308,0.30713043,0.30713043,0.30713043,0.18405661,0.32414526
543,0.44671488,0.44671488,0.22410308,0.30713043,0.30713043,0.30713043,0.18405661,0.30713043
544,0.5669834,0.5669834,0.385399,0.18405661,0.18405661,0.18405661,0.32991293,0.5669834
545,0.5669834,0.5669834,0.385399,0.18405661,0.18405661,0.18405661,0.32991293,0.5016242
546,0.5669834,0.5669834,0.385399,0.18405661,0.18405661,0.18405661,0.32991293,0.16759743
547,0.5669834,0.5669834,0.385399,0.18405661,0.18405661,0.18405661,0.32991293,0.44671488
548,0.5669834,0.5669834,0.385399,0.18405661,0.18405661,0.18405661,0.32991293,0.32610494
549,0.5669834,0.5669834,0.385399,0.18405661,0.18405661,0.18405661,0.32991293,0.2354539
550,0.5669834,0.5669834,0.385399,0.18405661,0.18405661,0.18405661,0.32991293,0.32414526
551,0.5669834,0.5669834,0.385399,0.18405661,0.18405661,0.18405661,0.32991293,0.30713043
552,0.44671488,0.44671488,0.385399,0.18405661,0.18405661,0.18405661,0.32991293,0.5669834
553,0.44671488,0.44671488,0.385399,0.18405661,0.18405661,0.18405661,0.32991293,0.5016242
554,0.44671488,0.44671488,0.385399,0.18405661,0.18405661,0.18405661,0.32991293,0.16759743
555,0.44671488,0.44671488,0.385399,0.18405661,0.18405661,0.18405661,0.32991293,0.44671488
556,0.44671488,0.44671488,0.385399,0.18405661,0.18405661,0.18405661,0.32991293,0.32610494
557,0.44671488,0.44671488,0.385399,0.18405661,0.18405661,0.18405661,0.32991293,0.2354539
558,0.44671488,0.44671488,0.385399,0.18405661,0.18405661,0.18405661,0.32991293,0.32414526
559,0.44671488,0.44671488,0.385399,0.18405661,0.18405661,0.18405661,0.32991293,0.30713043
560,0.5669834,0.5669834,0.28241333,0.32991293,0.32991293,0.32991293,0.14322981,0.5669834
561,0.5669834,0.5669834,0.28241333,0.32991293,0.32991293,0.32991293,0.14322981,0.5016242
562,0.5669834,0.5669834,0.28241333,0.32991293,0.32991293,0.32991293,0.14322981,0.16759743
563,0.5669834,0.5669834,0.28241333,0.32991293,0.32991293,0.32991293,0.14322981,0.44671488
564,0.5669834,0.5669834,0.28241333,0.32991293,0.32991293,0.32991293,0.14322981,0.32610494
565,0.5669834,0.5669834,0.28241333,0.32991293,0.32991293,0.32991293,0.14322981,0.2354539
566,0.5669834,0.5669834,0.28241333,0.32991293,0.32991293,0.32991293,0.14322981,0.32414526
567,0.5669834,0.5669834,0.28241333,0.32991293,0.32991293,0.32991293,0.14322981,0.30713043
568,0.44671488,0.44671488,0.28241333,0.32991293,0.32991293,0.32991293,0.14322981,0.5669834
569,0.44671488,0.44671488,0.28241333,0.32991293,0.32991293,0.32991293,0.14322981,0.5016242
570,0.44671488,0.44671488,0.28241333,0.32991293,0.32991293,0.32991293,0.14322981,0.16759743
571,0.44671488,0.44671488,0.28241333,0.32991293,0.32991293,0.32991293,0.14322981,0.44671488
572,0.44671488,0.44671488,0.28241333,0.32991293,0.32991293,0.32991293,0.14322981,0.32610494
573,0.44671488,0.44671488,0.28241333,0.32991293,0.32991293,0.32991293,0.14322981,0.2354539
574,0.44671488,0.44671488,0.28241333,0.32991293,0.32991293,0.32991293,0.14322981,0.32414526
575,0.44671488,0.44671488,0.28241333,0.32991293,0.32991293,0.32991293,0.14322981,0.30713043
576,0.16759743,0.16759743,0.22410308,0.30713043,0.30713043,0.18405661,0.18405661,0.5669834
577,0.16759743,0.16759743,0.22410308,0.30713043,0.30713043,0.18405661,0.18405661,0.5016242
578,0.16759743,0.16759743,0.22410308,0.30713043,0.30713043,0.18405661,0.18405661,0.16759743
579,0.16759743,0.16759743,0.22410308,0.30713043,0.30713043,0.18405661,0.18405661,0.44671488
580,0.16759743,0.16759743,0.22410308,0.30713043,0.30713043,0.18405661,0.18405661,0.32610494
581,0.16759743,0.16759743,0.22410308,0.30713043,0.30713043,0.18405661,0.18405661,0.2354539
582,0.16759743,0.16759743,0.22410308,0.30713043,0.30713043,0.18405661,0.18405661,0.32414526
583,0.16759743,0.16759743,0.22410308,0.30713043,0.30713043,0.18405661,0.18405661,0.30713043
584,0.28904858,0.28904858,0.22410308,0.30713043,0.30713043,0.30713043,0.32991293,0.5669834
585,0.28904858,0.28904858,0.22410308,0.30713043,0.30713043,0.30713043,0.32991293,0.5016242
586,0.28904858,0.28904858,0.22410308,0.30713043,0.30713043,0.30713043,0.32991293,0.16759743
587,0.28904858,0.28904858,0.22410308,0.30713043,0.30713043,0.30713043,0.32991293,0.44671488
588,0.28904858,0.28904858,0.22410308,0.30713043,0.30713043,0.30713043,0.32991293,0.32610494
589,0.28904858,0.28904858,0.22410308,0.30713043,0.30713043,0.30713043,0.32991293,0.2354539
590,0.28904858,0.28904858,0.22410308,0.30713043,0.30713043,0.30713043,0.32991293,0.32414526
591,0.28904858,0.28904858,0.22410308,0.30713043,0.30713043,0.30713043,0.32991293,0.30713043
592,0.16759743,0.16759743,0.385399,0.32991293,0.32991293,0.14322981,0.18405661,0.5669834
593,0.16759743,0.16759743,0.385399,0.32991293,0.32991293,0.14322981,0.18405661,0.5016242
594,0.16759743,0.16759743,0.385399,0.32991293,0.32991293,0.14322981,0.18405661,0.16759743
595,0.16759743,0.16759743,0.385399,0.32991293,0.32991293,0.14322981,0.18405661,0.44671488
596,0.16759743,0.16759743,0.385399,0.32991293,0.32991293,0.14322981,0.18405661,0.32610494
597,0.16759743,0.16759743,0.385399,0.32991293,0.32991293,0.14322981,0.18405661,0.2354539
598,0.16759743,0.16759743,0.385399,0.32991293,0.32991293,0.14322981,0.18405661,0.32414526
599,0.16759743,0.16759743,0.385399,0.32991293,0.32991293,0.14322981,0.18405661,0.30713043
600,0.37616432,0.37616432,0.28241333,0.14322981,0.14322981,0.14322981,0.18405661,0.5669834
601,0.37616432,0.37616432,0.28241333,0.14322981,0.14322981,0.14322981,0.18405661,0.5016242
602,0.37616432,0.37616432,0.28241333,0.14322981,0.14322981,0.14322981,0.18405661,0.16759743
603,0.37616432,0.37616432,0.28241333,0.14322981,0.14322981,0.14322981,0.18405661,0.44671488
604,0.37616432,0.37616432,0.28241333,0.14322981,0.14322981,0.14322981,0.18405661,0.32610494
605,0.37616432,0.37616432,0.28241333,0.14322981,0.14322981,0.14322981,0.18405661,0.2354539
606,0.37616432,0.37616432,0.28241333,0.14322981,0.14322981,0.14322981,0.18405661,0.32414526
607,0.37616432,0.37616432,0.28241333,0.14322981,0.14322981,0.14322981,0.18405661,0.30713043
608,0.16759743,0.16759743,0.28241333,0.30713043,0.18405661,0.32991293,0.14322981,0.5669834
609,0.16759743,0.16759743,0.28241333,0.30713043,0.18405661,0.32991293,0.14322981,0.5016242
610,0.16759743,0.16759743,0.28241333,0.30713043,0.18405661,0.32991293,0.14322981,0.16759743
611,0.16759743,0.16759743,0.28241333,0.30713043,0.18405661,0.32991293,0.14322981,0.44671488
612,0.16759743,0.16759743,0.28241333,0.30713043,0.18405661,0.32991293,0.14322981,0.32610494
613,0.16759743,0.16759743,0.28241333,0.30713043,0.18405661,0.32991293,0.14322981,0.2354539
614,0.16759743,0.16759743,0.28241333,0.30713043,0.18405661,0.32991293,0.14322981,0.32414526
615,0.16759743,0.16759743,0.28241333,0.30713043,0.18405661,0.32991293,0.14322981,0.30713043
616,0.37616432,0.37616432,0.385399,0.32991293,0.32991293,0.14322981,0.14322981,0.5669834
617,0.37616432,0.37616432,0.385399,0.32991293,0.32991293,0.14322981,0.14322981,0.5016242
618,0.37616432,0.37616432,0.385399,0.32991293,0.32991293,0.14322981,0.14322981,0.16759743
619,0.37616432,0.37616432,0.385399,0.32991293,0.32991293,0.14322981,0.14322981,0.44671488
620,0.37616432,0.37616432,0.385399,0.32991293,0.32991293,0.14322981,0.14322981,0.32610494
621,0.37616432,0.37616432,0.385399,0.32991293,0.32991293,0.14322981,0.14322981,0.2354539
622,0.37616432,0.37616432,0.385399,0.32991293,0.32991293,0.14322981,0.14322981,0.32414526
623,0.37616432,0.37616432,0.385399,0.32991293,0.32991293,0.14322981,0.14322981,0.30713043
624,0.28904858,0.28904858,0.28241333,0.30713043,0.30713043,0.30713043,0.14322981,0.5669834
625,0.28904858,0.28904858,0.28241333,0.30713043,0.30713043,0.30713043,0.14322981,0.5016242
626,0.28904858,0.28904858,0.28241333,0.30713043,0.30713043,0.30713043,0.14322981,0.16759743
627,0.28904858,0.28904858,0.28241333,0.30713043,0.30713043,0.30713043,0.14322981,0.44671488
628,0.28904858,0.28904858,0.28241333,0.30713043,0.30713043,0.30713043,0.14322981,0.32610494
629,0.28904858,0.28904858,0.28241333,0.30713043,0.30713043,0.30713043,0.14322981,0.2354539
630,0.28904858,0.28904858,0.28241333,0.30713043,0.30713043,0.30713043,0.14322981,0.32414526
631,0.28904858,0.28904858,0.28241333,0.30713043,0.30713043,0.30713043,0.14322981,0.30713043
632,0.28904858,0.28904858,0.385399,0.18405661,0.18405661,0.14322981,0.14322981,0.5669834
633,0.28904858,0.28904858,0.385399,0.18405661,0.18405661,0.14322981,0.14322981,0.5016242
634,0.28904858,0.28904858,0.385399,0.18405661,0.18405661,0.14322981,0.14322981,0.16759743
635,0.28904858,0.28904858,0.385399,0.18405661,0.18405661,0.14322981,0.14322981,0.44671488
636,0.28904858,0.28904858,0.385399,0.18405661,0.18405661,0.14322981,0.14322981,0.32610494
637,0.28904858,0.28904858,0.385399,0.18405661,0.18405661,0.14322981,0.14322981,0.2354539
638,0.28904858,0.28904858,0.385399,0.18405661,0.18405661,0.14322981,0.14322981,0.32414526
639,0.28904858,0.28904858,0.385399,0.18405661,0.18405661,0.14322981,0.14322981,0.30713043
