,photo_Element_1,photo_Element_2,photo_Element_3,photo_Element_4,photo_Element_5,photo_Element_6,photo_Element_7,photo_ion
0,0.21369803,0.21369803,0.2188383,0.2255989,0.2255989,0.2255989,0.2255989,0.21369803
1,0.21369803,0.21369803,0.2188383,0.2255989,0.2255989,0.2255989,0.2255989,0.285988
2,0.21369803,0.21369803,0.2188383,0.2255989,0.2255989,0.2255989,0.2255989,0.24078286
3,0.21369803,0.21369803,0.2188383,0.2255989,0.2255989,0.2255989,0.2255989,0.24808288
4,0.21369803,0.21369803,0.2188383,0.2255989,0.2255989,0.2255989,0.2255989,0.3135546
5,0.21369803,0.21369803,0.2188383,0.2255989,0.2255989,0.2255989,0.2255989,0.17932105
6,0.21369803,0.21369803,0.2188383,0.2255989,0.2255989,0.2255989,0.2255989,0.16434124
7,0.21369803,0.21369803,0.2188383,0.2255989,0.2255989,0.2255989,0.2255989,0.2255989
8,0.24808288,0.24808288,0.2188383,0.2255989,0.2255989,0.2255989,0.2255989,0.21369803
9,0.24808288,0.24808288,0.2188383,0.2255989,0.2255989,0.2255989,0.2255989,0.285988
10,0.24808288,0.24808288,0.2188383,0.2255989,0.2255989,0.2255989,0.2255989,0.24078286
11,0.24808288,0.24808288,0.2188383,0.2255989,0.2255989,0.2255989,0.2255989,0.24808288
12,0.24808288,0.24808288,0.2188383,0.2255989,0.2255989,0.2255989,0.2255989,0.3135546
13,0.24808288,0.24808288,0.2188383,0.2255989,0.2255989,0.2255989,0.2255989,0.17932105
14,0.24808288,0.24808288,0.2188383,0.2255989,0.2255989,0.2255989,0.2255989,0.16434124
15,0.24808288,0.24808288,0.2188383,0.2255989,0.2255989,0.2255989,0.2255989,0.2255989
16,0.24078286,0.24078286,0.2188383,0.2255989,0.2255989,0.2255989,0.2255989,0.21369803
17,0.24078286,0.24078286,0.2188383,0.2255989,0.2255989,0.2255989,0.2255989,0.285988
18,0.24078286,0.24078286,0.2188383,0.2255989,0.2255989,0.2255989,0.2255989,0.24078286
19,0.24078286,0.24078286,0.2188383,0.2255989,0.2255989,0.2255989,0.2255989,0.24808288
20,0.24078286,0.24078286,0.2188383,0.2255989,0.2255989,0.2255989,0.2255989,0.3135546
21,0.24078286,0.24078286,0.2188383,0.2255989,0.2255989,0.2255989,0.2255989,0.17932105
22,0.24078286,0.24078286,0.2188383,0.2255989,0.2255989,0.2255989,0.2255989,0.16434124
23,0.24078286,0.24078286,0.2188383,0.2255989,0.2255989,0.2255989,0.2255989,0.2255989
24,0.30728492,0.30728492,0.2188383,0.2255989,0.2255989,0.2255989,0.2255989,0.21369803
25,0.30728492,0.30728492,0.2188383,0.2255989,0.2255989,0.2255989,0.2255989,0.285988
26,0.30728492,0.30728492,0.2188383,0.2255989,0.2255989,0.2255989,0.2255989,0.24078286
27,0.30728492,0.30728492,0.2188383,0.2255989,0.2255989,0.2255989,0.2255989,0.24808288
28,0.30728492,0.30728492,0.2188383,0.2255989,0.2255989,0.2255989,0.2255989,0.3135546
29,0.30728492,0.30728492,0.2188383,0.2255989,0.2255989,0.2255989,0.2255989,0.17932105
30,0.30728492,0.30728492,0.2188383,0.2255989,0.2255989,0.2255989,0.2255989,0.16434124
31,0.30728492,0.30728492,0.2188383,0.2255989,0.2255989,0.2255989,0.2255989,0.2255989
32,0.32346746,0.32346746,0.2188383,0.2255989,0.2255989,0.2255989,0.2255989,0.21369803
33,0.32346746,0.32346746,0.2188383,0.2255989,0.2255989,0.2255989,0.2255989,0.285988
34,0.32346746,0.32346746,0.2188383,0.2255989,0.2255989,0.2255989,0.2255989,0.24078286
35,0.32346746,0.32346746,0.2188383,0.2255989,0.2255989,0.2255989,0.2255989,0.24808288
36,0.32346746,0.32346746,0.2188383,0.2255989,0.2255989,0.2255989,0.2255989,0.3135546
37,0.32346746,0.32346746,0.2188383,0.2255989,0.2255989,0.2255989,0.2255989,0.17932105
38,0.32346746,0.32346746,0.2188383,0.2255989,0.2255989,0.2255989,0.2255989,0.16434124
39,0.32346746,0.32346746,0.2188383,0.2255989,0.2255989,0.2255989,0.2255989,0.2255989
40,0.21369803,0.21369803,0.15193579,0.2255989,0.2255989,0.2255989,0.2255989,0.21369803
41,0.21369803,0.21369803,0.15193579,0.2255989,0.2255989,0.2255989,0.2255989,0.285988
42,0.21369803,0.21369803,0.15193579,0.2255989,0.2255989,0.2255989,0.2255989,0.24078286
43,0.21369803,0.21369803,0.15193579,0.2255989,0.2255989,0.2255989,0.2255989,0.24808288
44,0.21369803,0.21369803,0.15193579,0.2255989,0.2255989,0.2255989,0.2255989,0.3135546
45,0.21369803,0.21369803,0.15193579,0.2255989,0.2255989,0.2255989,0.2255989,0.17932105
46,0.21369803,0.21369803,0.15193579,0.2255989,0.2255989,0.2255989,0.2255989,0.16434124
47,0.21369803,0.21369803,0.15193579,0.2255989,0.2255989,0.2255989,0.2255989,0.2255989
48,0.24808288,0.24808288,0.15193579,0.2255989,0.2255989,0.2255989,0.2255989,0.21369803
49,0.24808288,0.24808288,0.15193579,0.2255989,0.2255989,0.2255989,0.2255989,0.285988
50,0.24808288,0.24808288,0.15193579,0.2255989,0.2255989,0.2255989,0.2255989,0.24078286
51,0.24808288,0.24808288,0.15193579,0.2255989,0.2255989,0.2255989,0.2255989,0.24808288
52,0.24808288,0.24808288,0.15193579,0.2255989,0.2255989,0.2255989,0.2255989,0.3135546
53,0.24808288,0.24808288,0.15193579,0.2255989,0.2255989,0.2255989,0.2255989,0.17932105
54,0.24808288,0.24808288,0.15193579,0.2255989,0.2255989,0.2255989,0.2255989,0.16434124
55,0.24808288,0.24808288,0.15193579,0.2255989,0.2255989,0.2255989,0.2255989,0.2255989
56,0.24078286,0.24078286,0.15193579,0.2255989,0.2255989,0.2255989,0.2255989,0.21369803
57,0.24078286,0.24078286,0.15193579,0.2255989,0.2255989,0.2255989,0.2255989,0.285988
58,0.24078286,0.24078286,0.15193579,0.2255989,0.2255989,0.2255989,0.2255989,0.24078286
59,0.24078286,0.24078286,0.15193579,0.2255989,0.2255989,0.2255989,0.2255989,0.24808288
60,0.24078286,0.24078286,0.15193579,0.2255989,0.2255989,0.2255989,0.2255989,0.3135546
61,0.24078286,0.24078286,0.15193579,0.2255989,0.2255989,0.2255989,0.2255989,0.17932105
62,0.24078286,0.24078286,0.15193579,0.2255989,0.2255989,0.2255989,0.2255989,0.16434124
63,0.24078286,0.24078286,0.15193579,0.2255989,0.2255989,0.2255989,0.2255989,0.2255989
64,0.30728492,0.30728492,0.15193579,0.2255989,0.2255989,0.2255989,0.2255989,0.21369803
65,0.30728492,0.30728492,0.15193579,0.2255989,0.2255989,0.2255989,0.2255989,0.285988
66,0.30728492,0.30728492,0.15193579,0.2255989,0.2255989,0.2255989,0.2255989,0.24078286
67,0.30728492,0.30728492,0.15193579,0.2255989,0.2255989,0.2255989,0.2255989,0.24808288
68,0.30728492,0.30728492,0.15193579,0.2255989,0.2255989,0.2255989,0.2255989,0.3135546
69,0.30728492,0.30728492,0.15193579,0.2255989,0.2255989,0.2255989,0.2255989,0.17932105
70,0.30728492,0.30728492,0.15193579,0.2255989,0.2255989,0.2255989,0.2255989,0.16434124
71,0.30728492,0.30728492,0.15193579,0.2255989,0.2255989,0.2255989,0.2255989,0.2255989
72,0.32346746,0.32346746,0.15193579,0.2255989,0.2255989,0.2255989,0.2255989,0.21369803
73,0.32346746,0.32346746,0.15193579,0.2255989,0.2255989,0.2255989,0.2255989,0.285988
74,0.32346746,0.32346746,0.15193579,0.2255989,0.2255989,0.2255989,0.2255989,0.24078286
75,0.32346746,0.32346746,0.15193579,0.2255989,0.2255989,0.2255989,0.2255989,0.24808288
76,0.32346746,0.32346746,0.15193579,0.2255989,0.2255989,0.2255989,0.2255989,0.3135546
77,0.32346746,0.32346746,0.15193579,0.2255989,0.2255989,0.2255989,0.2255989,0.17932105
78,0.32346746,0.32346746,0.15193579,0.2255989,0.2255989,0.2255989,0.2255989,0.16434124
79,0.32346746,0.32346746,0.15193579,0.2255989,0.2255989,0.2255989,0.2255989,0.2255989
80,0.21369803,0.21369803,0.14878257,0.2255989,0.2255989,0.2255989,0.2255989,0.21369803
81,0.21369803,0.21369803,0.14878257,0.2255989,0.2255989,0.2255989,0.2255989,0.285988
82,0.21369803,0.21369803,0.14878257,0.2255989,0.2255989,0.2255989,0.2255989,0.24078286
83,0.21369803,0.21369803,0.14878257,0.2255989,0.2255989,0.2255989,0.2255989,0.24808288
84,0.21369803,0.21369803,0.14878257,0.2255989,0.2255989,0.2255989,0.2255989,0.3135546
85,0.21369803,0.21369803,0.14878257,0.2255989,0.2255989,0.2255989,0.2255989,0.17932105
86,0.21369803,0.21369803,0.14878257,0.2255989,0.2255989,0.2255989,0.2255989,0.16434124
87,0.21369803,0.21369803,0.14878257,0.2255989,0.2255989,0.2255989,0.2255989,0.2255989
88,0.24808288,0.24808288,0.14878257,0.2255989,0.2255989,0.2255989,0.2255989,0.21369803
89,0.24808288,0.24808288,0.14878257,0.2255989,0.2255989,0.2255989,0.2255989,0.285988
90,0.24808288,0.24808288,0.14878257,0.2255989,0.2255989,0.2255989,0.2255989,0.24078286
91,0.24808288,0.24808288,0.14878257,0.2255989,0.2255989,0.2255989,0.2255989,0.24808288
92,0.24808288,0.24808288,0.14878257,0.2255989,0.2255989,0.2255989,0.2255989,0.3135546
93,0.24808288,0.24808288,0.14878257,0.2255989,0.2255989,0.2255989,0.2255989,0.17932105
94,0.24808288,0.24808288,0.14878257,0.2255989,0.2255989,0.2255989,0.2255989,0.16434124
95,0.24808288,0.24808288,0.14878257,0.2255989,0.2255989,0.2255989,0.2255989,0.2255989
96,0.24078286,0.24078286,0.14878257,0.2255989,0.2255989,0.2255989,0.2255989,0.21369803
97,0.24078286,0.24078286,0.14878257,0.2255989,0.2255989,0.2255989,0.2255989,0.285988
98,0.24078286,0.24078286,0.14878257,0.2255989,0.2255989,0.2255989,0.2255989,0.24078286
99,0.24078286,0.24078286,0.14878257,0.2255989,0.2255989,0.2255989,0.2255989,0.24808288
100,0.24078286,0.24078286,0.14878257,0.2255989,0.2255989,0.2255989,0.2255989,0.3135546
101,0.24078286,0.24078286,0.14878257,0.2255989,0.2255989,0.2255989,0.2255989,0.17932105
102,0.24078286,0.24078286,0.14878257,0.2255989,0.2255989,0.2255989,0.2255989,0.16434124
103,0.24078286,0.24078286,0.14878257,0.2255989,0.2255989,0.2255989,0.2255989,0.2255989
104,0.30728492,0.30728492,0.14878257,0.2255989,0.2255989,0.2255989,0.2255989,0.21369803
105,0.30728492,0.30728492,0.14878257,0.2255989,0.2255989,0.2255989,0.2255989,0.285988
106,0.30728492,0.30728492,0.14878257,0.2255989,0.2255989,0.2255989,0.2255989,0.24078286
107,0.30728492,0.30728492,0.14878257,0.2255989,0.2255989,0.2255989,0.2255989,0.24808288
108,0.30728492,0.30728492,0.14878257,0.2255989,0.2255989,0.2255989,0.2255989,0.3135546
109,0.30728492,0.30728492,0.14878257,0.2255989,0.2255989,0.2255989,0.2255989,0.17932105
110,0.30728492,0.30728492,0.14878257,0.2255989,0.2255989,0.2255989,0.2255989,0.16434124
111,0.30728492,0.30728492,0.14878257,0.2255989,0.2255989,0.2255989,0.2255989,0.2255989
112,0.32346746,0.32346746,0.14878257,0.2255989,0.2255989,0.2255989,0.2255989,0.21369803
113,0.32346746,0.32346746,0.14878257,0.2255989,0.2255989,0.2255989,0.2255989,0.285988
114,0.32346746,0.32346746,0.14878257,0.2255989,0.2255989,0.2255989,0.2255989,0.24078286
115,0.32346746,0.32346746,0.14878257,0.2255989,0.2255989,0.2255989,0.2255989,0.24808288
116,0.32346746,0.32346746,0.14878257,0.2255989,0.2255989,0.2255989,0.2255989,0.3135546
117,0.32346746,0.32346746,0.14878257,0.2255989,0.2255989,0.2255989,0.2255989,0.17932105
118,0.32346746,0.32346746,0.14878257,0.2255989,0.2255989,0.2255989,0.2255989,0.16434124
119,0.32346746,0.32346746,0.14878257,0.2255989,0.2255989,0.2255989,0.2255989,0.2255989
120,0.21369803,0.21369803,0.2188383,0.14601703,0.14601703,0.14601703,0.14601703,0.21369803
121,0.21369803,0.21369803,0.2188383,0.14601703,0.14601703,0.14601703,0.14601703,0.285988
122,0.21369803,0.21369803,0.2188383,0.14601703,0.14601703,0.14601703,0.14601703,0.24078286
123,0.21369803,0.21369803,0.2188383,0.14601703,0.14601703,0.14601703,0.14601703,0.24808288
124,0.21369803,0.21369803,0.2188383,0.14601703,0.14601703,0.14601703,0.14601703,0.3135546
125,0.21369803,0.21369803,0.2188383,0.14601703,0.14601703,0.14601703,0.14601703,0.17932105
126,0.21369803,0.21369803,0.2188383,0.14601703,0.14601703,0.14601703,0.14601703,0.16434124
127,0.21369803,0.21369803,0.2188383,0.14601703,0.14601703,0.14601703,0.14601703,0.2255989
128,0.24808288,0.24808288,0.2188383,0.14601703,0.14601703,0.14601703,0.14601703,0.21369803
129,0.24808288,0.24808288,0.2188383,0.14601703,0.14601703,0.14601703,0.14601703,0.285988
130,0.24808288,0.24808288,0.2188383,0.14601703,0.14601703,0.14601703,0.14601703,0.24078286
131,0.24808288,0.24808288,0.2188383,0.14601703,0.14601703,0.14601703,0.14601703,0.24808288
132,0.24808288,0.24808288,0.2188383,0.14601703,0.14601703,0.14601703,0.14601703,0.3135546
133,0.24808288,0.24808288,0.2188383,0.14601703,0.14601703,0.14601703,0.14601703,0.17932105
134,0.24808288,0.24808288,0.2188383,0.14601703,0.14601703,0.14601703,0.14601703,0.16434124
135,0.24808288,0.24808288,0.2188383,0.14601703,0.14601703,0.14601703,0.14601703,0.2255989
136,0.24078286,0.24078286,0.2188383,0.14601703,0.14601703,0.14601703,0.14601703,0.21369803
137,0.24078286,0.24078286,0.2188383,0.14601703,0.14601703,0.14601703,0.14601703,0.285988
138,0.24078286,0.24078286,0.2188383,0.14601703,0.14601703,0.14601703,0.14601703,0.24078286
139,0.24078286,0.24078286,0.2188383,0.14601703,0.14601703,0.14601703,0.14601703,0.24808288
140,0.24078286,0.24078286,0.2188383,0.14601703,0.14601703,0.14601703,0.14601703,0.3135546
141,0.24078286,0.24078286,0.2188383,0.14601703,0.14601703,0.14601703,0.14601703,0.17932105
142,0.24078286,0.24078286,0.2188383,0.14601703,0.14601703,0.14601703,0.14601703,0.16434124
143,0.24078286,0.24078286,0.2188383,0.14601703,0.14601703,0.14601703,0.14601703,0.2255989
144,0.30728492,0.30728492,0.2188383,0.14601703,0.14601703,0.14601703,0.14601703,0.21369803
145,0.30728492,0.30728492,0.2188383,0.14601703,0.14601703,0.14601703,0.14601703,0.285988
146,0.30728492,0.30728492,0.2188383,0.14601703,0.14601703,0.14601703,0.14601703,0.24078286
147,0.30728492,0.30728492,0.2188383,0.14601703,0.14601703,0.14601703,0.14601703,0.24808288
148,0.30728492,0.30728492,0.2188383,0.14601703,0.14601703,0.14601703,0.14601703,0.3135546
149,0.30728492,0.30728492,0.2188383,0.14601703,0.14601703,0.14601703,0.14601703,0.17932105
150,0.30728492,0.30728492,0.2188383,0.14601703,0.14601703,0.14601703,0.14601703,0.16434124
151,0.30728492,0.30728492,0.2188383,0.14601703,0.14601703,0.14601703,0.14601703,0.2255989
152,0.32346746,0.32346746,0.2188383,0.14601703,0.14601703,0.14601703,0.14601703,0.21369803
153,0.32346746,0.32346746,0.2188383,0.14601703,0.14601703,0.14601703,0.14601703,0.285988
154,0.32346746,0.32346746,0.2188383,0.14601703,0.14601703,0.14601703,0.14601703,0.24078286
155,0.32346746,0.32346746,0.2188383,0.14601703,0.14601703,0.14601703,0.14601703,0.24808288
156,0.32346746,0.32346746,0.2188383,0.14601703,0.14601703,0.14601703,0.14601703,0.3135546
157,0.32346746,0.32346746,0.2188383,0.14601703,0.14601703,0.14601703,0.14601703,0.17932105
158,0.32346746,0.32346746,0.2188383,0.14601703,0.14601703,0.14601703,0.14601703,0.16434124
159,0.32346746,0.32346746,0.2188383,0.14601703,0.14601703,0.14601703,0.14601703,0.2255989
160,0.21369803,0.21369803,0.15193579,0.14601703,0.14601703,0.14601703,0.14601703,0.21369803
161,0.21369803,0.21369803,0.15193579,0.14601703,0.14601703,0.14601703,0.14601703,0.285988
162,0.21369803,0.21369803,0.15193579,0.14601703,0.14601703,0.14601703,0.14601703,0.24078286
163,0.21369803,0.21369803,0.15193579,0.14601703,0.14601703,0.14601703,0.14601703,0.24808288
164,0.21369803,0.21369803,0.15193579,0.14601703,0.14601703,0.14601703,0.14601703,0.3135546
165,0.21369803,0.21369803,0.15193579,0.14601703,0.14601703,0.14601703,0.14601703,0.17932105
166,0.21369803,0.21369803,0.15193579,0.14601703,0.14601703,0.14601703,0.14601703,0.16434124
167,0.21369803,0.21369803,0.15193579,0.14601703,0.14601703,0.14601703,0.14601703,0.2255989
168,0.24808288,0.24808288,0.15193579,0.14601703,0.14601703,0.14601703,0.14601703,0.21369803
169,0.24808288,0.24808288,0.15193579,0.14601703,0.14601703,0.14601703,0.14601703,0.285988
170,0.24808288,0.24808288,0.15193579,0.14601703,0.14601703,0.14601703,0.14601703,0.24078286
171,0.24808288,0.24808288,0.15193579,0.14601703,0.14601703,0.14601703,0.14601703,0.24808288
172,0.24808288,0.24808288,0.15193579,0.14601703,0.14601703,0.14601703,0.14601703,0.3135546
173,0.24808288,0.24808288,0.15193579,0.14601703,0.14601703,0.14601703,0.14601703,0.17932105
174,0.24808288,0.24808288,0.15193579,0.14601703,0.14601703,0.14601703,0.14601703,0.16434124
175,0.24808288,0.24808288,0.15193579,0.14601703,0.14601703,0.14601703,0.14601703,0.2255989
176,0.24078286,0.24078286,0.15193579,0.14601703,0.14601703,0.14601703,0.14601703,0.21369803
177,0.24078286,0.24078286,0.15193579,0.14601703,0.14601703,0.14601703,0.14601703,0.285988
178,0.24078286,0.24078286,0.15193579,0.14601703,0.14601703,0.14601703,0.14601703,0.24078286
179,0.24078286,0.24078286,0.15193579,0.14601703,0.14601703,0.14601703,0.14601703,0.24808288
180,0.24078286,0.24078286,0.15193579,0.14601703,0.14601703,0.14601703,0.14601703,0.3135546
181,0.24078286,0.24078286,0.15193579,0.14601703,0.14601703,0.14601703,0.14601703,0.17932105
182,0.24078286,0.24078286,0.15193579,0.14601703,0.14601703,0.14601703,0.14601703,0.16434124
183,0.24078286,0.24078286,0.15193579,0.14601703,0.14601703,0.14601703,0.14601703,0.2255989
184,0.30728492,0.30728492,0.15193579,0.14601703,0.14601703,0.14601703,0.14601703,0.21369803
185,0.30728492,0.30728492,0.15193579,0.14601703,0.14601703,0.14601703,0.14601703,0.285988
186,0.30728492,0.30728492,0.15193579,0.14601703,0.14601703,0.14601703,0.14601703,0.24078286
187,0.30728492,0.30728492,0.15193579,0.14601703,0.14601703,0.14601703,0.14601703,0.24808288
188,0.30728492,0.30728492,0.15193579,0.14601703,0.14601703,0.14601703,0.14601703,0.3135546
189,0.30728492,0.30728492,0.15193579,0.14601703,0.14601703,0.14601703,0.14601703,0.17932105
190,0.30728492,0.30728492,0.15193579,0.14601703,0.14601703,0.14601703,0.14601703,0.16434124
191,0.30728492,0.30728492,0.15193579,0.14601703,0.14601703,0.14601703,0.14601703,0.2255989
192,0.32346746,0.32346746,0.15193579,0.14601703,0.14601703,0.14601703,0.14601703,0.21369803
193,0.32346746,0.32346746,0.15193579,0.14601703,0.14601703,0.14601703,0.14601703,0.285988
194,0.32346746,0.32346746,0.15193579,0.14601703,0.14601703,0.14601703,0.14601703,0.24078286
195,0.32346746,0.32346746,0.15193579,0.14601703,0.14601703,0.14601703,0.14601703,0.24808288
196,0.32346746,0.32346746,0.15193579,0.14601703,0.14601703,0.14601703,0.14601703,0.3135546
197,0.32346746,0.32346746,0.15193579,0.14601703,0.14601703,0.14601703,0.14601703,0.17932105
198,0.32346746,0.32346746,0.15193579,0.14601703,0.14601703,0.14601703,0.14601703,0.16434124
199,0.32346746,0.32346746,0.15193579,0.14601703,0.14601703,0.14601703,0.14601703,0.2255989
200,0.21369803,0.21369803,0.14878257,0.14601703,0.14601703,0.14601703,0.14601703,0.21369803
201,0.21369803,0.21369803,0.14878257,0.14601703,0.14601703,0.14601703,0.14601703,0.285988
202,0.21369803,0.21369803,0.14878257,0.14601703,0.14601703,0.14601703,0.14601703,0.24078286
203,0.21369803,0.21369803,0.14878257,0.14601703,0.14601703,0.14601703,0.14601703,0.24808288
204,0.21369803,0.21369803,0.14878257,0.14601703,0.14601703,0.14601703,0.14601703,0.3135546
205,0.21369803,0.21369803,0.14878257,0.14601703,0.14601703,0.14601703,0.14601703,0.17932105
206,0.21369803,0.21369803,0.14878257,0.14601703,0.14601703,0.14601703,0.14601703,0.16434124
207,0.21369803,0.21369803,0.14878257,0.14601703,0.14601703,0.14601703,0.14601703,0.2255989
208,0.24808288,0.24808288,0.14878257,0.14601703,0.14601703,0.14601703,0.14601703,0.21369803
209,0.24808288,0.24808288,0.14878257,0.14601703,0.14601703,0.14601703,0.14601703,0.285988
210,0.24808288,0.24808288,0.14878257,0.14601703,0.14601703,0.14601703,0.14601703,0.24078286
211,0.24808288,0.24808288,0.14878257,0.14601703,0.14601703,0.14601703,0.14601703,0.24808288
212,0.24808288,0.24808288,0.14878257,0.14601703,0.14601703,0.14601703,0.14601703,0.3135546
213,0.24808288,0.24808288,0.14878257,0.14601703,0.14601703,0.14601703,0.14601703,0.17932105
214,0.24808288,0.24808288,0.14878257,0.14601703,0.14601703,0.14601703,0.14601703,0.16434124
215,0.24808288,0.24808288,0.14878257,0.14601703,0.14601703,0.14601703,0.14601703,0.2255989
216,0.24078286,0.24078286,0.14878257,0.14601703,0.14601703,0.14601703,0.14601703,0.21369803
217,0.24078286,0.24078286,0.14878257,0.14601703,0.14601703,0.14601703,0.14601703,0.285988
218,0.24078286,0.24078286,0.14878257,0.14601703,0.14601703,0.14601703,0.14601703,0.24078286
219,0.24078286,0.24078286,0.14878257,0.14601703,0.14601703,0.14601703,0.14601703,0.24808288
220,0.24078286,0.24078286,0.14878257,0.14601703,0.14601703,0.14601703,0.14601703,0.3135546
221,0.24078286,0.24078286,0.14878257,0.14601703,0.14601703,0.14601703,0.14601703,0.17932105
222,0.24078286,0.24078286,0.14878257,0.14601703,0.14601703,0.14601703,0.14601703,0.16434124
223,0.24078286,0.24078286,0.14878257,0.14601703,0.14601703,0.14601703,0.14601703,0.2255989
224,0.30728492,0.30728492,0.14878257,0.14601703,0.14601703,0.14601703,0.14601703,0.21369803
225,0.30728492,0.30728492,0.14878257,0.14601703,0.14601703,0.14601703,0.14601703,0.285988
226,0.30728492,0.30728492,0.14878257,0.14601703,0.14601703,0.14601703,0.14601703,0.24078286
227,0.30728492,0.30728492,0.14878257,0.14601703,0.14601703,0.14601703,0.14601703,0.24808288
228,0.30728492,0.30728492,0.14878257,0.14601703,0.14601703,0.14601703,0.14601703,0.3135546
229,0.30728492,0.30728492,0.14878257,0.14601703,0.14601703,0.14601703,0.14601703,0.17932105
230,0.30728492,0.30728492,0.14878257,0.14601703,0.14601703,0.14601703,0.14601703,0.16434124
231,0.30728492,0.30728492,0.14878257,0.14601703,0.14601703,0.14601703,0.14601703,0.2255989
232,0.32346746,0.32346746,0.14878257,0.14601703,0.14601703,0.14601703,0.14601703,0.21369803
233,0.32346746,0.32346746,0.14878257,0.14601703,0.14601703,0.14601703,0.14601703,0.285988
234,0.32346746,0.32346746,0.14878257,0.14601703,0.14601703,0.14601703,0.14601703,0.24078286
235,0.32346746,0.32346746,0.14878257,0.14601703,0.14601703,0.14601703,0.14601703,0.24808288
236,0.32346746,0.32346746,0.14878257,0.14601703,0.14601703,0.14601703,0.14601703,0.3135546
237,0.32346746,0.32346746,0.14878257,0.14601703,0.14601703,0.14601703,0.14601703,0.17932105
238,0.32346746,0.32346746,0.14878257,0.14601703,0.14601703,0.14601703,0.14601703,0.16434124
239,0.32346746,0.32346746,0.14878257,0.14601703,0.14601703,0.14601703,0.14601703,0.2255989
240,0.21369803,0.21369803,0.2188383,0.1841114,0.1841114,0.1841114,0.1841114,0.21369803
241,0.21369803,0.21369803,0.2188383,0.1841114,0.1841114,0.1841114,0.1841114,0.285988
242,0.21369803,0.21369803,0.2188383,0.1841114,0.1841114,0.1841114,0.1841114,0.24078286
243,0.21369803,0.21369803,0.2188383,0.1841114,0.1841114,0.1841114,0.1841114,0.24808288
244,0.21369803,0.21369803,0.2188383,0.1841114,0.1841114,0.1841114,0.1841114,0.3135546
245,0.21369803,0.21369803,0.2188383,0.1841114,0.1841114,0.1841114,0.1841114,0.17932105
246,0.21369803,0.21369803,0.2188383,0.1841114,0.1841114,0.1841114,0.1841114,0.16434124
247,0.21369803,0.21369803,0.2188383,0.1841114,0.1841114,0.1841114,0.1841114,0.2255989
248,0.24808288,0.24808288,0.2188383,0.1841114,0.1841114,0.1841114,0.1841114,0.21369803
249,0.24808288,0.24808288,0.2188383,0.1841114,0.1841114,0.1841114,0.1841114,0.285988
250,0.24808288,0.24808288,0.2188383,0.1841114,0.1841114,0.1841114,0.1841114,0.24078286
251,0.24808288,0.24808288,0.2188383,0.1841114,0.1841114,0.1841114,0.1841114,0.24808288
252,0.24808288,0.24808288,0.2188383,0.1841114,0.1841114,0.1841114,0.1841114,0.3135546
253,0.24808288,0.24808288,0.2188383,0.1841114,0.1841114,0.1841114,0.1841114,0.17932105
254,0.24808288,0.24808288,0.2188383,0.1841114,0.1841114,0.1841114,0.1841114,0.16434124
255,0.24808288,0.24808288,0.2188383,0.1841114,0.1841114,0.1841114,0.1841114,0.2255989
256,0.24078286,0.24078286,0.2188383,0.1841114,0.1841114,0.1841114,0.1841114,0.21369803
257,0.24078286,0.24078286,0.2188383,0.1841114,0.1841114,0.1841114,0.1841114,0.285988
258,0.24078286,0.24078286,0.2188383,0.1841114,0.1841114,0.1841114,0.1841114,0.24078286
259,0.24078286,0.24078286,0.2188383,0.1841114,0.1841114,0.1841114,0.1841114,0.24808288
260,0.24078286,0.24078286,0.2188383,0.1841114,0.1841114,0.1841114,0.1841114,0.3135546
261,0.24078286,0.24078286,0.2188383,0.1841114,0.1841114,0.1841114,0.1841114,0.17932105
262,0.24078286,0.24078286,0.2188383,0.1841114,0.1841114,0.1841114,0.1841114,0.16434124
263,0.24078286,0.24078286,0.2188383,0.1841114,0.1841114,0.1841114,0.1841114,0.2255989
264,0.30728492,0.30728492,0.2188383,0.1841114,0.1841114,0.1841114,0.1841114,0.21369803
265,0.30728492,0.30728492,0.2188383,0.1841114,0.1841114,0.1841114,0.1841114,0.285988
266,0.30728492,0.30728492,0.2188383,0.1841114,0.1841114,0.1841114,0.1841114,0.24078286
267,0.30728492,0.30728492,0.2188383,0.1841114,0.1841114,0.1841114,0.1841114,0.24808288
268,0.30728492,0.30728492,0.2188383,0.1841114,0.1841114,0.1841114,0.1841114,0.3135546
269,0.30728492,0.30728492,0.2188383,0.1841114,0.1841114,0.1841114,0.1841114,0.17932105
270,0.30728492,0.30728492,0.2188383,0.1841114,0.1841114,0.1841114,0.1841114,0.16434124
271,0.30728492,0.30728492,0.2188383,0.1841114,0.1841114,0.1841114,0.1841114,0.2255989
272,0.32346746,0.32346746,0.2188383,0.1841114,0.1841114,0.1841114,0.1841114,0.21369803
273,0.32346746,0.32346746,0.2188383,0.1841114,0.1841114,0.1841114,0.1841114,0.285988
274,0.32346746,0.32346746,0.2188383,0.1841114,0.1841114,0.1841114,0.1841114,0.24078286
275,0.32346746,0.32346746,0.2188383,0.1841114,0.1841114,0.1841114,0.1841114,0.24808288
276,0.32346746,0.32346746,0.2188383,0.1841114,0.1841114,0.1841114,0.1841114,0.3135546
277,0.32346746,0.32346746,0.2188383,0.1841114,0.1841114,0.1841114,0.1841114,0.17932105
278,0.32346746,0.32346746,0.2188383,0.1841114,0.1841114,0.1841114,0.1841114,0.16434124
279,0.32346746,0.32346746,0.2188383,0.1841114,0.1841114,0.1841114,0.1841114,0.2255989
280,0.21369803,0.21369803,0.15193579,0.1841114,0.1841114,0.1841114,0.1841114,0.21369803
281,0.21369803,0.21369803,0.15193579,0.1841114,0.1841114,0.1841114,0.1841114,0.285988
282,0.21369803,0.21369803,0.15193579,0.1841114,0.1841114,0.1841114,0.1841114,0.24078286
283,0.21369803,0.21369803,0.15193579,0.1841114,0.1841114,0.1841114,0.1841114,0.24808288
284,0.21369803,0.21369803,0.15193579,0.1841114,0.1841114,0.1841114,0.1841114,0.3135546
285,0.21369803,0.21369803,0.15193579,0.1841114,0.1841114,0.1841114,0.1841114,0.17932105
286,0.21369803,0.21369803,0.15193579,0.1841114,0.1841114,0.1841114,0.1841114,0.16434124
287,0.21369803,0.21369803,0.15193579,0.1841114,0.1841114,0.1841114,0.1841114,0.2255989
288,0.24808288,0.24808288,0.15193579,0.1841114,0.1841114,0.1841114,0.1841114,0.21369803
289,0.24808288,0.24808288,0.15193579,0.1841114,0.1841114,0.1841114,0.1841114,0.285988
290,0.24808288,0.24808288,0.15193579,0.1841114,0.1841114,0.1841114,0.1841114,0.24078286
291,0.24808288,0.24808288,0.15193579,0.1841114,0.1841114,0.1841114,0.1841114,0.24808288
292,0.24808288,0.24808288,0.15193579,0.1841114,0.1841114,0.1841114,0.1841114,0.3135546
293,0.24808288,0.24808288,0.15193579,0.1841114,0.1841114,0.1841114,0.1841114,0.17932105
294,0.24808288,0.24808288,0.15193579,0.1841114,0.1841114,0.1841114,0.1841114,0.16434124
295,0.24808288,0.24808288,0.15193579,0.1841114,0.1841114,0.1841114,0.1841114,0.2255989
296,0.24078286,0.24078286,0.15193579,0.1841114,0.1841114,0.1841114,0.1841114,0.21369803
297,0.24078286,0.24078286,0.15193579,0.1841114,0.1841114,0.1841114,0.1841114,0.285988
298,0.24078286,0.24078286,0.15193579,0.1841114,0.1841114,0.1841114,0.1841114,0.24078286
299,0.24078286,0.24078286,0.15193579,0.1841114,0.1841114,0.1841114,0.1841114,0.24808288
300,0.24078286,0.24078286,0.15193579,0.1841114,0.1841114,0.1841114,0.1841114,0.3135546
301,0.24078286,0.24078286,0.15193579,0.1841114,0.1841114,0.1841114,0.1841114,0.17932105
302,0.24078286,0.24078286,0.15193579,0.1841114,0.1841114,0.1841114,0.1841114,0.16434124
303,0.24078286,0.24078286,0.15193579,0.1841114,0.1841114,0.1841114,0.1841114,0.2255989
304,0.30728492,0.30728492,0.15193579,0.1841114,0.1841114,0.1841114,0.1841114,0.21369803
305,0.30728492,0.30728492,0.15193579,0.1841114,0.1841114,0.1841114,0.1841114,0.285988
306,0.30728492,0.30728492,0.15193579,0.1841114,0.1841114,0.1841114,0.1841114,0.24078286
307,0.30728492,0.30728492,0.15193579,0.1841114,0.1841114,0.1841114,0.1841114,0.24808288
308,0.30728492,0.30728492,0.15193579,0.1841114,0.1841114,0.1841114,0.1841114,0.3135546
309,0.30728492,0.30728492,0.15193579,0.1841114,0.1841114,0.1841114,0.1841114,0.17932105
310,0.30728492,0.30728492,0.15193579,0.1841114,0.1841114,0.1841114,0.1841114,0.16434124
311,0.30728492,0.30728492,0.15193579,0.1841114,0.1841114,0.1841114,0.1841114,0.2255989
312,0.32346746,0.32346746,0.15193579,0.1841114,0.1841114,0.1841114,0.1841114,0.21369803
313,0.32346746,0.32346746,0.15193579,0.1841114,0.1841114,0.1841114,0.1841114,0.285988
314,0.32346746,0.32346746,0.15193579,0.1841114,0.1841114,0.1841114,0.1841114,0.24078286
315,0.32346746,0.32346746,0.15193579,0.1841114,0.1841114,0.1841114,0.1841114,0.24808288
316,0.32346746,0.32346746,0.15193579,0.1841114,0.1841114,0.1841114,0.1841114,0.3135546
317,0.32346746,0.32346746,0.15193579,0.1841114,0.1841114,0.1841114,0.1841114,0.17932105
318,0.32346746,0.32346746,0.15193579,0.1841114,0.1841114,0.1841114,0.1841114,0.16434124
319,0.32346746,0.32346746,0.15193579,0.1841114,0.1841114,0.1841114,0.1841114,0.2255989
320,0.21369803,0.21369803,0.14878257,0.1841114,0.1841114,0.1841114,0.1841114,0.21369803
321,0.21369803,0.21369803,0.14878257,0.1841114,0.1841114,0.1841114,0.1841114,0.285988
322,0.21369803,0.21369803,0.14878257,0.1841114,0.1841114,0.1841114,0.1841114,0.24078286
323,0.21369803,0.21369803,0.14878257,0.1841114,0.1841114,0.1841114,0.1841114,0.24808288
324,0.21369803,0.21369803,0.14878257,0.1841114,0.1841114,0.1841114,0.1841114,0.3135546
325,0.21369803,0.21369803,0.14878257,0.1841114,0.1841114,0.1841114,0.1841114,0.17932105
326,0.21369803,0.21369803,0.14878257,0.1841114,0.1841114,0.1841114,0.1841114,0.16434124
327,0.21369803,0.21369803,0.14878257,0.1841114,0.1841114,0.1841114,0.1841114,0.2255989
328,0.24808288,0.24808288,0.14878257,0.1841114,0.1841114,0.1841114,0.1841114,0.21369803
329,0.24808288,0.24808288,0.14878257,0.1841114,0.1841114,0.1841114,0.1841114,0.285988
330,0.24808288,0.24808288,0.14878257,0.1841114,0.1841114,0.1841114,0.1841114,0.24078286
331,0.24808288,0.24808288,0.14878257,0.1841114,0.1841114,0.1841114,0.1841114,0.24808288
332,0.24808288,0.24808288,0.14878257,0.1841114,0.1841114,0.1841114,0.1841114,0.3135546
333,0.24808288,0.24808288,0.14878257,0.1841114,0.1841114,0.1841114,0.1841114,0.17932105
334,0.24808288,0.24808288,0.14878257,0.1841114,0.1841114,0.1841114,0.1841114,0.16434124
335,0.24808288,0.24808288,0.14878257,0.1841114,0.1841114,0.1841114,0.1841114,0.2255989
336,0.24078286,0.24078286,0.14878257,0.1841114,0.1841114,0.1841114,0.1841114,0.21369803
337,0.24078286,0.24078286,0.14878257,0.1841114,0.1841114,0.1841114,0.1841114,0.285988
338,0.24078286,0.24078286,0.14878257,0.1841114,0.1841114,0.1841114,0.1841114,0.24078286
339,0.24078286,0.24078286,0.14878257,0.1841114,0.1841114,0.1841114,0.1841114,0.24808288
340,0.24078286,0.24078286,0.14878257,0.1841114,0.1841114,0.1841114,0.1841114,0.3135546
341,0.24078286,0.24078286,0.14878257,0.1841114,0.1841114,0.1841114,0.1841114,0.17932105
342,0.24078286,0.24078286,0.14878257,0.1841114,0.1841114,0.1841114,0.1841114,0.16434124
343,0.24078286,0.24078286,0.14878257,0.1841114,0.1841114,0.1841114,0.1841114,0.2255989
344,0.30728492,0.30728492,0.14878257,0.1841114,0.1841114,0.1841114,0.1841114,0.21369803
345,0.30728492,0.30728492,0.14878257,0.1841114,0.1841114,0.1841114,0.1841114,0.285988
346,0.30728492,0.30728492,0.14878257,0.1841114,0.1841114,0.1841114,0.1841114,0.24078286
347,0.30728492,0.30728492,0.14878257,0.1841114,0.1841114,0.1841114,0.1841114,0.24808288
348,0.30728492,0.30728492,0.14878257,0.1841114,0.1841114,0.1841114,0.1841114,0.3135546
349,0.30728492,0.30728492,0.14878257,0.1841114,0.1841114,0.1841114,0.1841114,0.17932105
350,0.30728492,0.30728492,0.14878257,0.1841114,0.1841114,0.1841114,0.1841114,0.16434124
351,0.30728492,0.30728492,0.14878257,0.1841114,0.1841114,0.1841114,0.1841114,0.2255989
352,0.32346746,0.32346746,0.14878257,0.1841114,0.1841114,0.1841114,0.1841114,0.21369803
353,0.32346746,0.32346746,0.14878257,0.1841114,0.1841114,0.1841114,0.1841114,0.285988
354,0.32346746,0.32346746,0.14878257,0.1841114,0.1841114,0.1841114,0.1841114,0.24078286
355,0.32346746,0.32346746,0.14878257,0.1841114,0.1841114,0.1841114,0.1841114,0.24808288
356,0.32346746,0.32346746,0.14878257,0.1841114,0.1841114,0.1841114,0.1841114,0.3135546
357,0.32346746,0.32346746,0.14878257,0.1841114,0.1841114,0.1841114,0.1841114,0.17932105
358,0.32346746,0.32346746,0.14878257,0.1841114,0.1841114,0.1841114,0.1841114,0.16434124
359,0.32346746,0.32346746,0.14878257,0.1841114,0.1841114,0.1841114,0.1841114,0.2255989
360,0.21369803,0.21369803,0.2188383,0.2112751,0.2112751,0.2112751,0.2112751,0.21369803
361,0.21369803,0.21369803,0.2188383,0.2112751,0.2112751,0.2112751,0.2112751,0.285988
362,0.21369803,0.21369803,0.2188383,0.2112751,0.2112751,0.2112751,0.2112751,0.24078286
363,0.21369803,0.21369803,0.2188383,0.2112751,0.2112751,0.2112751,0.2112751,0.24808288
364,0.21369803,0.21369803,0.2188383,0.2112751,0.2112751,0.2112751,0.2112751,0.3135546
365,0.21369803,0.21369803,0.2188383,0.2112751,0.2112751,0.2112751,0.2112751,0.17932105
366,0.21369803,0.21369803,0.2188383,0.2112751,0.2112751,0.2112751,0.2112751,0.16434124
367,0.21369803,0.21369803,0.2188383,0.2112751,0.2112751,0.2112751,0.2112751,0.2255989
368,0.24808288,0.24808288,0.2188383,0.2112751,0.2112751,0.2112751,0.2112751,0.21369803
369,0.24808288,0.24808288,0.2188383,0.2112751,0.2112751,0.2112751,0.2112751,0.285988
370,0.24808288,0.24808288,0.2188383,0.2112751,0.2112751,0.2112751,0.2112751,0.24078286
371,0.24808288,0.24808288,0.2188383,0.2112751,0.2112751,0.2112751,0.2112751,0.24808288
372,0.24808288,0.24808288,0.2188383,0.2112751,0.2112751,0.2112751,0.2112751,0.3135546
373,0.24808288,0.24808288,0.2188383,0.2112751,0.2112751,0.2112751,0.2112751,0.17932105
374,0.24808288,0.24808288,0.2188383,0.2112751,0.2112751,0.2112751,0.2112751,0.16434124
375,0.24808288,0.24808288,0.2188383,0.2112751,0.2112751,0.2112751,0.2112751,0.2255989
376,0.24078286,0.24078286,0.2188383,0.2112751,0.2112751,0.2112751,0.2112751,0.21369803
377,0.24078286,0.24078286,0.2188383,0.2112751,0.2112751,0.2112751,0.2112751,0.285988
378,0.24078286,0.24078286,0.2188383,0.2112751,0.2112751,0.2112751,0.2112751,0.24078286
379,0.24078286,0.24078286,0.2188383,0.2112751,0.2112751,0.2112751,0.2112751,0.24808288
380,0.24078286,0.24078286,0.2188383,0.2112751,0.2112751,0.2112751,0.2112751,0.3135546
381,0.24078286,0.24078286,0.2188383,0.2112751,0.2112751,0.2112751,0.2112751,0.17932105
382,0.24078286,0.24078286,0.2188383,0.2112751,0.2112751,0.2112751,0.2112751,0.16434124
383,0.24078286,0.24078286,0.2188383,0.2112751,0.2112751,0.2112751,0.2112751,0.2255989
384,0.30728492,0.30728492,0.2188383,0.2112751,0.2112751,0.2112751,0.2112751,0.21369803
385,0.30728492,0.30728492,0.2188383,0.2112751,0.2112751,0.2112751,0.2112751,0.285988
386,0.30728492,0.30728492,0.2188383,0.2112751,0.2112751,0.2112751,0.2112751,0.24078286
387,0.30728492,0.30728492,0.2188383,0.2112751,0.2112751,0.2112751,0.2112751,0.24808288
388,0.30728492,0.30728492,0.2188383,0.2112751,0.2112751,0.2112751,0.2112751,0.3135546
389,0.30728492,0.30728492,0.2188383,0.2112751,0.2112751,0.2112751,0.2112751,0.17932105
390,0.30728492,0.30728492,0.2188383,0.2112751,0.2112751,0.2112751,0.2112751,0.16434124
391,0.30728492,0.30728492,0.2188383,0.2112751,0.2112751,0.2112751,0.2112751,0.2255989
392,0.32346746,0.32346746,0.2188383,0.2112751,0.2112751,0.2112751,0.2112751,0.21369803
393,0.32346746,0.32346746,0.2188383,0.2112751,0.2112751,0.2112751,0.2112751,0.285988
394,0.32346746,0.32346746,0.2188383,0.2112751,0.2112751,0.2112751,0.2112751,0.24078286
395,0.32346746,0.32346746,0.2188383,0.2112751,0.2112751,0.2112751,0.2112751,0.24808288
396,0.32346746,0.32346746,0.2188383,0.2112751,0.2112751,0.2112751,0.2112751,0.3135546
397,0.32346746,0.32346746,0.2188383,0.2112751,0.2112751,0.2112751,0.2112751,0.17932105
398,0.32346746,0.32346746,0.2188383,0.2112751,0.2112751,0.2112751,0.2112751,0.16434124
399,0.32346746,0.32346746,0.2188383,0.2112751,0.2112751,0.2112751,0.2112751,0.2255989
400,0.21369803,0.21369803,0.15193579,0.2112751,0.2112751,0.2112751,0.2112751,0.21369803
401,0.21369803,0.21369803,0.15193579,0.2112751,0.2112751,0.2112751,0.2112751,0.285988
402,0.21369803,0.21369803,0.15193579,0.2112751,0.2112751,0.2112751,0.2112751,0.24078286
403,0.21369803,0.21369803,0.15193579,0.2112751,0.2112751,0.2112751,0.2112751,0.24808288
404,0.21369803,0.21369803,0.15193579,0.2112751,0.2112751,0.2112751,0.2112751,0.3135546
405,0.21369803,0.21369803,0.15193579,0.2112751,0.2112751,0.2112751,0.2112751,0.17932105
406,0.21369803,0.21369803,0.15193579,0.2112751,0.2112751,0.2112751,0.2112751,0.16434124
407,0.21369803,0.21369803,0.15193579,0.2112751,0.2112751,0.2112751,0.2112751,0.2255989
408,0.24808288,0.24808288,0.15193579,0.2112751,0.2112751,0.2112751,0.2112751,0.21369803
409,0.24808288,0.24808288,0.15193579,0.2112751,0.2112751,0.2112751,0.2112751,0.285988
410,0.24808288,0.24808288,0.15193579,0.2112751,0.2112751,0.2112751,0.2112751,0.24078286
411,0.24808288,0.24808288,0.15193579,0.2112751,0.2112751,0.2112751,0.2112751,0.24808288
412,0.24808288,0.24808288,0.15193579,0.2112751,0.2112751,0.2112751,0.2112751,0.3135546
413,0.24808288,0.24808288,0.15193579,0.2112751,0.2112751,0.2112751,0.2112751,0.17932105
414,0.24808288,0.24808288,0.15193579,0.2112751,0.2112751,0.2112751,0.2112751,0.16434124
415,0.24808288,0.24808288,0.15193579,0.2112751,0.2112751,0.2112751,0.2112751,0.2255989
416,0.24078286,0.24078286,0.15193579,0.2112751,0.2112751,0.2112751,0.2112751,0.21369803
417,0.24078286,0.24078286,0.15193579,0.2112751,0.2112751,0.2112751,0.2112751,0.285988
418,0.24078286,0.24078286,0.15193579,0.2112751,0.2112751,0.2112751,0.2112751,0.24078286
419,0.24078286,0.24078286,0.15193579,0.2112751,0.2112751,0.2112751,0.2112751,0.24808288
420,0.24078286,0.24078286,0.15193579,0.2112751,0.2112751,0.2112751,0.2112751,0.3135546
421,0.24078286,0.24078286,0.15193579,0.2112751,0.2112751,0.2112751,0.2112751,0.17932105
422,0.24078286,0.24078286,0.15193579,0.2112751,0.2112751,0.2112751,0.2112751,0.16434124
423,0.24078286,0.24078286,0.15193579,0.2112751,0.2112751,0.2112751,0.2112751,0.2255989
424,0.30728492,0.30728492,0.15193579,0.2112751,0.2112751,0.2112751,0.2112751,0.21369803
425,0.30728492,0.30728492,0.15193579,0.2112751,0.2112751,0.2112751,0.2112751,0.285988
426,0.30728492,0.30728492,0.15193579,0.2112751,0.2112751,0.2112751,0.2112751,0.24078286
427,0.30728492,0.30728492,0.15193579,0.2112751,0.2112751,0.2112751,0.2112751,0.24808288
428,0.30728492,0.30728492,0.15193579,0.2112751,0.2112751,0.2112751,0.2112751,0.3135546
429,0.30728492,0.30728492,0.15193579,0.2112751,0.2112751,0.2112751,0.2112751,0.17932105
430,0.30728492,0.30728492,0.15193579,0.2112751,0.2112751,0.2112751,0.2112751,0.16434124
431,0.30728492,0.30728492,0.15193579,0.2112751,0.2112751,0.2112751,0.2112751,0.2255989
432,0.32346746,0.32346746,0.15193579,0.2112751,0.2112751,0.2112751,0.2112751,0.21369803
433,0.32346746,0.32346746,0.15193579,0.2112751,0.2112751,0.2112751,0.2112751,0.285988
434,0.32346746,0.32346746,0.15193579,0.2112751,0.2112751,0.2112751,0.2112751,0.24078286
435,0.32346746,0.32346746,0.15193579,0.2112751,0.2112751,0.2112751,0.2112751,0.24808288
436,0.32346746,0.32346746,0.15193579,0.2112751,0.2112751,0.2112751,0.2112751,0.3135546
437,0.32346746,0.32346746,0.15193579,0.2112751,0.2112751,0.2112751,0.2112751,0.17932105
438,0.32346746,0.32346746,0.15193579,0.2112751,0.2112751,0.2112751,0.2112751,0.16434124
439,0.32346746,0.32346746,0.15193579,0.2112751,0.2112751,0.2112751,0.2112751,0.2255989
440,0.21369803,0.21369803,0.14878257,0.2112751,0.2112751,0.2112751,0.2112751,0.21369803
441,0.21369803,0.21369803,0.14878257,0.2112751,0.2112751,0.2112751,0.2112751,0.285988
442,0.21369803,0.21369803,0.14878257,0.2112751,0.2112751,0.2112751,0.2112751,0.24078286
443,0.21369803,0.21369803,0.14878257,0.2112751,0.2112751,0.2112751,0.2112751,0.24808288
444,0.21369803,0.21369803,0.14878257,0.2112751,0.2112751,0.2112751,0.2112751,0.3135546
445,0.21369803,0.21369803,0.14878257,0.2112751,0.2112751,0.2112751,0.2112751,0.17932105
446,0.21369803,0.21369803,0.14878257,0.2112751,0.2112751,0.2112751,0.2112751,0.16434124
447,0.21369803,0.21369803,0.14878257,0.2112751,0.2112751,0.2112751,0.2112751,0.2255989
448,0.24808288,0.24808288,0.14878257,0.2112751,0.2112751,0.2112751,0.2112751,0.21369803
449,0.24808288,0.24808288,0.14878257,0.2112751,0.2112751,0.2112751,0.2112751,0.285988
450,0.24808288,0.24808288,0.14878257,0.2112751,0.2112751,0.2112751,0.2112751,0.24078286
451,0.24808288,0.24808288,0.14878257,0.2112751,0.2112751,0.2112751,0.2112751,0.24808288
452,0.24808288,0.24808288,0.14878257,0.2112751,0.2112751,0.2112751,0.2112751,0.3135546
453,0.24808288,0.24808288,0.14878257,0.2112751,0.2112751,0.2112751,0.2112751,0.17932105
454,0.24808288,0.24808288,0.14878257,0.2112751,0.2112751,0.2112751,0.2112751,0.16434124
455,0.24808288,0.24808288,0.14878257,0.2112751,0.2112751,0.2112751,0.2112751,0.2255989
456,0.24078286,0.24078286,0.14878257,0.2112751,0.2112751,0.2112751,0.2112751,0.21369803
457,0.24078286,0.24078286,0.14878257,0.2112751,0.2112751,0.2112751,0.2112751,0.285988
458,0.24078286,0.24078286,0.14878257,0.2112751,0.2112751,0.2112751,0.2112751,0.24078286
459,0.24078286,0.24078286,0.14878257,0.2112751,0.2112751,0.2112751,0.2112751,0.24808288
460,0.24078286,0.24078286,0.14878257,0.2112751,0.2112751,0.2112751,0.2112751,0.3135546
461,0.24078286,0.24078286,0.14878257,0.2112751,0.2112751,0.2112751,0.2112751,0.17932105
462,0.24078286,0.24078286,0.14878257,0.2112751,0.2112751,0.2112751,0.2112751,0.16434124
463,0.24078286,0.24078286,0.14878257,0.2112751,0.2112751,0.2112751,0.2112751,0.2255989
464,0.30728492,0.30728492,0.14878257,0.2112751,0.2112751,0.2112751,0.2112751,0.21369803
465,0.30728492,0.30728492,0.14878257,0.2112751,0.2112751,0.2112751,0.2112751,0.285988
466,0.30728492,0.30728492,0.14878257,0.2112751,0.2112751,0.2112751,0.2112751,0.24078286
467,0.30728492,0.30728492,0.14878257,0.2112751,0.2112751,0.2112751,0.2112751,0.24808288
468,0.30728492,0.30728492,0.14878257,0.2112751,0.2112751,0.2112751,0.2112751,0.3135546
469,0.30728492,0.30728492,0.14878257,0.2112751,0.2112751,0.2112751,0.2112751,0.17932105
470,0.30728492,0.30728492,0.14878257,0.2112751,0.2112751,0.2112751,0.2112751,0.16434124
471,0.30728492,0.30728492,0.14878257,0.2112751,0.2112751,0.2112751,0.2112751,0.2255989
472,0.32346746,0.32346746,0.14878257,0.2112751,0.2112751,0.2112751,0.2112751,0.21369803
473,0.32346746,0.32346746,0.14878257,0.2112751,0.2112751,0.2112751,0.2112751,0.285988
474,0.32346746,0.32346746,0.14878257,0.2112751,0.2112751,0.2112751,0.2112751,0.24078286
475,0.32346746,0.32346746,0.14878257,0.2112751,0.2112751,0.2112751,0.2112751,0.24808288
476,0.32346746,0.32346746,0.14878257,0.2112751,0.2112751,0.2112751,0.2112751,0.3135546
477,0.32346746,0.32346746,0.14878257,0.2112751,0.2112751,0.2112751,0.2112751,0.17932105
478,0.32346746,0.32346746,0.14878257,0.2112751,0.2112751,0.2112751,0.2112751,0.16434124
479,0.32346746,0.32346746,0.14878257,0.2112751,0.2112751,0.2112751,0.2112751,0.2255989
480,0.21369803,0.24808288,0.2188383,0.2255989,0.2255989,0.2255989,0.2255989,0.21369803
481,0.21369803,0.24808288,0.2188383,0.2255989,0.2255989,0.2255989,0.2255989,0.285988
482,0.21369803,0.24808288,0.2188383,0.2255989,0.2255989,0.2255989,0.2255989,0.24078286
483,0.21369803,0.24808288,0.2188383,0.2255989,0.2255989,0.2255989,0.2255989,0.24808288
484,0.21369803,0.24808288,0.2188383,0.2255989,0.2255989,0.2255989,0.2255989,0.3135546
485,0.21369803,0.24808288,0.2188383,0.2255989,0.2255989,0.2255989,0.2255989,0.17932105
486,0.21369803,0.24808288,0.2188383,0.2255989,0.2255989,0.2255989,0.2255989,0.16434124
487,0.21369803,0.24808288,0.2188383,0.2255989,0.2255989,0.2255989,0.2255989,0.2255989
488,0.24808288,0.24078286,0.2188383,0.14601703,0.14601703,0.14601703,0.14601703,0.21369803
489,0.24808288,0.24078286,0.2188383,0.14601703,0.14601703,0.14601703,0.14601703,0.285988
490,0.24808288,0.24078286,0.2188383,0.14601703,0.14601703,0.14601703,0.14601703,0.24078286
491,0.24808288,0.24078286,0.2188383,0.14601703,0.14601703,0.14601703,0.14601703,0.24808288
492,0.24808288,0.24078286,0.2188383,0.14601703,0.14601703,0.14601703,0.14601703,0.3135546
493,0.24808288,0.24078286,0.2188383,0.14601703,0.14601703,0.14601703,0.14601703,0.17932105
494,0.24808288,0.24078286,0.2188383,0.14601703,0.14601703,0.14601703,0.14601703,0.16434124
495,0.24808288,0.24078286,0.2188383,0.14601703,0.14601703,0.14601703,0.14601703,0.2255989
496,0.24078286,0.32346746,0.15193579,0.14601703,0.14601703,0.14601703,0.14601703,0.21369803
497,0.24078286,0.32346746,0.15193579,0.14601703,0.14601703,0.14601703,0.14601703,0.285988
498,0.24078286,0.32346746,0.15193579,0.14601703,0.14601703,0.14601703,0.14601703,0.24078286
499,0.24078286,0.32346746,0.15193579,0.14601703,0.14601703,0.14601703,0.14601703,0.24808288
500,0.24078286,0.32346746,0.15193579,0.14601703,0.14601703,0.14601703,0.14601703,0.3135546
501,0.24078286,0.32346746,0.15193579,0.14601703,0.14601703,0.14601703,0.14601703,0.17932105
502,0.24078286,0.32346746,0.15193579,0.14601703,0.14601703,0.14601703,0.14601703,0.16434124
503,0.24078286,0.32346746,0.15193579,0.14601703,0.14601703,0.14601703,0.14601703,0.2255989
504,0.21369803,0.24078286,0.15193579,0.1841114,0.1841114,0.1841114,0.1841114,0.21369803
505,0.21369803,0.24078286,0.15193579,0.1841114,0.1841114,0.1841114,0.1841114,0.285988
506,0.21369803,0.24078286,0.15193579,0.1841114,0.1841114,0.1841114,0.1841114,0.24078286
507,0.21369803,0.24078286,0.15193579,0.1841114,0.1841114,0.1841114,0.1841114,0.24808288
508,0.21369803,0.24078286,0.15193579,0.1841114,0.1841114,0.1841114,0.1841114,0.3135546
509,0.21369803,0.24078286,0.15193579,0.1841114,0.1841114,0.1841114,0.1841114,0.17932105
510,0.21369803,0.24078286,0.15193579,0.1841114,0.1841114,0.1841114,0.1841114,0.16434124
511,0.21369803,0.24078286,0.15193579,0.1841114,0.1841114,0.1841114,0.1841114,0.2255989
512,0.24078286,0.30728492,0.14878257,0.1841114,0.1841114,0.1841114,0.1841114,0.21369803
513,0.24078286,0.30728492,0.14878257,0.1841114,0.1841114,0.1841114,0.1841114,0.285988
514,0.24078286,0.30728492,0.14878257,0.1841114,0.1841114,0.1841114,0.1841114,0.24078286
515,0.24078286,0.30728492,0.14878257,0.1841114,0.1841114,0.1841114,0.1841114,0.24808288
516,0.24078286,0.30728492,0.14878257,0.1841114,0.1841114,0.1841114,0.1841114,0.3135546
517,0.24078286,0.30728492,0.14878257,0.1841114,0.1841114,0.1841114,0.1841114,0.17932105
518,0.24078286,0.30728492,0.14878257,0.1841114,0.1841114,0.1841114,0.1841114,0.16434124
519,0.24078286,0.30728492,0.14878257,0.1841114,0.1841114,0.1841114,0.1841114,0.2255989
520,0.30728492,0.32346746,0.14878257,0.2112751,0.2112751,0.2112751,0.2112751,0.21369803
521,0.30728492,0.32346746,0.14878257,0.2112751,0.2112751,0.2112751,0.2112751,0.285988
522,0.30728492,0.32346746,0.14878257,0.2112751,0.2112751,0.2112751,0.2112751,0.24078286
523,0.30728492,0.32346746,0.14878257,0.2112751,0.2112751,0.2112751,0.2112751,0.24808288
524,0.30728492,0.32346746,0.14878257,0.2112751,0.2112751,0.2112751,0.2112751,0.3135546
525,0.30728492,0.32346746,0.14878257,0.2112751,0.2112751,0.2112751,0.2112751,0.17932105
526,0.30728492,0.32346746,0.14878257,0.2112751,0.2112751,0.2112751,0.2112751,0.16434124
527,0.30728492,0.32346746,0.14878257,0.2112751,0.2112751,0.2112751,0.2112751,0.2255989
528,0.21369803,0.21369803,0.2188383,0.2255989,0.2255989,0.2255989,0.14601703,0.21369803
529,0.21369803,0.21369803,0.2188383,0.2255989,0.2255989,0.2255989,0.14601703,0.285988
530,0.21369803,0.21369803,0.2188383,0.2255989,0.2255989,0.2255989,0.14601703,0.24078286
531,0.21369803,0.21369803,0.2188383,0.2255989,0.2255989,0.2255989,0.14601703,0.24808288
532,0.21369803,0.21369803,0.2188383,0.2255989,0.2255989,0.2255989,0.14601703,0.3135546
533,0.21369803,0.21369803,0.2188383,0.2255989,0.2255989,0.2255989,0.14601703,0.17932105
534,0.21369803,0.21369803,0.2188383,0.2255989,0.2255989,0.2255989,0.14601703,0.16434124
535,0.21369803,0.21369803,0.2188383,0.2255989,0.2255989,0.2255989,0.14601703,0.2255989
536,0.24808288,0.24808288,0.2188383,0.2255989,0.2255989,0.2255989,0.14601703,0.21369803
537,0.24808288,0.24808288,0.2188383,0.2255989,0.2255989,0.2255989,0.14601703,0.285988
538,0.24808288,0.24808288,0.2188383,0.2255989,0.2255989,0.2255989,0.14601703,0.24078286
539,0.24808288,0.24808288,0.2188383,0.2255989,0.2255989,0.2255989,0.14601703,0.24808288
540,0.24808288,0.24808288,0.2188383,0.2255989,0.2255989,0.2255989,0.14601703,0.3135546
541,0.24808288,0.24808288,0.2188383,0.2255989,0.2255989,0.2255989,0.14601703,0.17932105
542,0.24808288,0.24808288,0.2188383,0.2255989,0.2255989,0.2255989,0.14601703,0.16434124
543,0.24808288,0.24808288,0.2188383,0.2255989,0.2255989,0.2255989,0.14601703,0.2255989
544,0.21369803,0.21369803,0.15193579,0.14601703,0.14601703,0.14601703,0.1841114,0.21369803
545,0.21369803,0.21369803,0.15193579,0.14601703,0.14601703,0.14601703,0.1841114,0.285988
546,0.21369803,0.21369803,0.15193579,0.14601703,0.14601703,0.14601703,0.1841114,0.24078286
547,0.21369803,0.21369803,0.15193579,0.14601703,0.14601703,0.14601703,0.1841114,0.24808288
548,0.21369803,0.21369803,0.15193579,0.14601703,0.14601703,0.14601703,0.1841114,0.3135546
549,0.21369803,0.21369803,0.15193579,0.14601703,0.14601703,0.14601703,0.1841114,0.17932105
550,0.21369803,0.21369803,0.15193579,0.14601703,0.14601703,0.14601703,0.1841114,0.16434124
551,0.21369803,0.21369803,0.15193579,0.14601703,0.14601703,0.14601703,0.1841114,0.2255989
552,0.24808288,0.24808288,0.15193579,0.14601703,0.14601703,0.14601703,0.1841114,0.21369803
553,0.24808288,0.24808288,0.15193579,0.14601703,0.14601703,0.14601703,0.1841114,0.285988
554,0.24808288,0.24808288,0.15193579,0.14601703,0.14601703,0.14601703,0.1841114,0.24078286
555,0.24808288,0.24808288,0.15193579,0.14601703,0.14601703,0.14601703,0.1841114,0.24808288
556,0.24808288,0.24808288,0.15193579,0.14601703,0.14601703,0.14601703,0.1841114,0.3135546
557,0.24808288,0.24808288,0.15193579,0.14601703,0.14601703,0.14601703,0.1841114,0.17932105
558,0.24808288,0.24808288,0.15193579,0.14601703,0.14601703,0.14601703,0.1841114,0.16434124
559,0.24808288,0.24808288,0.15193579,0.14601703,0.14601703,0.14601703,0.1841114,0.2255989
560,0.21369803,0.21369803,0.14878257,0.1841114,0.1841114,0.1841114,0.2112751,0.21369803
561,0.21369803,0.21369803,0.14878257,0.1841114,0.1841114,0.1841114,0.2112751,0.285988
562,0.21369803,0.21369803,0.14878257,0.1841114,0.1841114,0.1841114,0.2112751,0.24078286
563,0.21369803,0.21369803,0.14878257,0.1841114,0.1841114,0.1841114,0.2112751,0.24808288
564,0.21369803,0.21369803,0.14878257,0.1841114,0.1841114,0.1841114,0.2112751,0.3135546
565,0.21369803,0.21369803,0.14878257,0.1841114,0.1841114,0.1841114,0.2112751,0.17932105
566,0.21369803,0.21369803,0.14878257,0.1841114,0.1841114,0.1841114,0.2112751,0.16434124
567,0.21369803,0.21369803,0.14878257,0.1841114,0.1841114,0.1841114,0.2112751,0.2255989
568,0.24808288,0.24808288,0.14878257,0.1841114,0.1841114,0.1841114,0.2112751,0.21369803
569,0.24808288,0.24808288,0.14878257,0.1841114,0.1841114,0.1841114,0.2112751,0.285988
570,0.24808288,0.24808288,0.14878257,0.1841114,0.1841114,0.1841114,0.2112751,0.24078286
571,0.24808288,0.24808288,0.14878257,0.1841114,0.1841114,0.1841114,0.2112751,0.24808288
572,0.24808288,0.24808288,0.14878257,0.1841114,0.1841114,0.1841114,0.2112751,0.3135546
573,0.24808288,0.24808288,0.14878257,0.1841114,0.1841114,0.1841114,0.2112751,0.17932105
574,0.24808288,0.24808288,0.14878257,0.1841114,0.1841114,0.1841114,0.2112751,0.16434124
575,0.24808288,0.24808288,0.14878257,0.1841114,0.1841114,0.1841114,0.2112751,0.2255989
576,0.24078286,0.24078286,0.2188383,0.2255989,0.2255989,0.14601703,0.14601703,0.21369803
577,0.24078286,0.24078286,0.2188383,0.2255989,0.2255989,0.14601703,0.14601703,0.285988
578,0.24078286,0.24078286,0.2188383,0.2255989,0.2255989,0.14601703,0.14601703,0.24078286
579,0.24078286,0.24078286,0.2188383,0.2255989,0.2255989,0.14601703,0.14601703,0.24808288
580,0.24078286,0.24078286,0.2188383,0.2255989,0.2255989,0.14601703,0.14601703,0.3135546
581,0.24078286,0.24078286,0.2188383,0.2255989,0.2255989,0.14601703,0.14601703,0.17932105
582,0.24078286,0.24078286,0.2188383,0.2255989,0.2255989,0.14601703,0.14601703,0.16434124
583,0.24078286,0.24078286,0.2188383,0.2255989,0.2255989,0.14601703,0.14601703,0.2255989
584,0.30728492,0.30728492,0.2188383,0.2255989,0.2255989,0.2255989,0.1841114,0.21369803
585,0.30728492,0.30728492,0.2188383,0.2255989,0.2255989,0.2255989,0.1841114,0.285988
586,0.30728492,0.30728492,0.2188383,0.2255989,0.2255989,0.2255989,0.1841114,0.24078286
587,0.30728492,0.30728492,0.2188383,0.2255989,0.2255989,0.2255989,0.1841114,0.24808288
588,0.30728492,0.30728492,0.2188383,0.2255989,0.2255989,0.2255989,0.1841114,0.3135546
589,0.30728492,0.30728492,0.2188383,0.2255989,0.2255989,0.2255989,0.1841114,0.17932105
590,0.30728492,0.30728492,0.2188383,0.2255989,0.2255989,0.2255989,0.1841114,0.16434124
591,0.30728492,0.30728492,0.2188383,0.2255989,0.2255989,0.2255989,0.1841114,0.2255989
592,0.24078286,0.24078286,0.15193579,0.1841114,0.1841114,0.2112751,0.14601703,0.21369803
593,0.24078286,0.24078286,0.15193579,0.1841114,0.1841114,0.2112751,0.14601703,0.285988
594,0.24078286,0.24078286,0.15193579,0.1841114,0.1841114,0.2112751,0.14601703,0.24078286
595,0.24078286,0.24078286,0.15193579,0.1841114,0.1841114,0.2112751,0.14601703,0.24808288
596,0.24078286,0.24078286,0.15193579,0.1841114,0.1841114,0.2112751,0.14601703,0.3135546
597,0.24078286,0.24078286,0.15193579,0.1841114,0.1841114,0.2112751,0.14601703,0.17932105
598,0.24078286,0.24078286,0.15193579,0.1841114,0.1841114,0.2112751,0.14601703,0.16434124
599,0.24078286,0.24078286,0.15193579,0.1841114,0.1841114,0.2112751,0.14601703,0.2255989
600,0.32346746,0.32346746,0.14878257,0.2112751,0.2112751,0.2112751,0.14601703,0.21369803
601,0.32346746,0.32346746,0.14878257,0.2112751,0.2112751,0.2112751,0.14601703,0.285988
602,0.32346746,0.32346746,0.14878257,0.2112751,0.2112751,0.2112751,0.14601703,0.24078286
603,0.32346746,0.32346746,0.14878257,0.2112751,0.2112751,0.2112751,0.14601703,0.24808288
604,0.32346746,0.32346746,0.14878257,0.2112751,0.2112751,0.2112751,0.14601703,0.3135546
605,0.32346746,0.32346746,0.14878257,0.2112751,0.2112751,0.2112751,0.14601703,0.17932105
606,0.32346746,0.32346746,0.14878257,0.2112751,0.2112751,0.2112751,0.14601703,0.16434124
607,0.32346746,0.32346746,0.14878257,0.2112751,0.2112751,0.2112751,0.14601703,0.2255989
608,0.24078286,0.24078286,0.14878257,0.2255989,0.14601703,0.1841114,0.2112751,0.21369803
609,0.24078286,0.24078286,0.14878257,0.2255989,0.14601703,0.1841114,0.2112751,0.285988
610,0.24078286,0.24078286,0.14878257,0.2255989,0.14601703,0.1841114,0.2112751,0.24078286
611,0.24078286,0.24078286,0.14878257,0.2255989,0.14601703,0.1841114,0.2112751,0.24808288
612,0.24078286,0.24078286,0.14878257,0.2255989,0.14601703,0.1841114,0.2112751,0.3135546
613,0.24078286,0.24078286,0.14878257,0.2255989,0.14601703,0.1841114,0.2112751,0.17932105
614,0.24078286,0.24078286,0.14878257,0.2255989,0.14601703,0.1841114,0.2112751,0.16434124
615,0.24078286,0.24078286,0.14878257,0.2255989,0.14601703,0.1841114,0.2112751,0.2255989
616,0.32346746,0.32346746,0.15193579,0.1841114,0.1841114,0.2112751,0.2112751,0.21369803
617,0.32346746,0.32346746,0.15193579,0.1841114,0.1841114,0.2112751,0.2112751,0.285988
618,0.32346746,0.32346746,0.15193579,0.1841114,0.1841114,0.2112751,0.2112751,0.24078286
619,0.32346746,0.32346746,0.15193579,0.1841114,0.1841114,0.2112751,0.2112751,0.24808288
620,0.32346746,0.32346746,0.15193579,0.1841114,0.1841114,0.2112751,0.2112751,0.3135546
621,0.32346746,0.32346746,0.15193579,0.1841114,0.1841114,0.2112751,0.2112751,0.17932105
622,0.32346746,0.32346746,0.15193579,0.1841114,0.1841114,0.2112751,0.2112751,0.16434124
623,0.32346746,0.32346746,0.15193579,0.1841114,0.1841114,0.2112751,0.2112751,0.2255989
624,0.30728492,0.30728492,0.14878257,0.2255989,0.2255989,0.2255989,0.2112751,0.21369803
625,0.30728492,0.30728492,0.14878257,0.2255989,0.2255989,0.2255989,0.2112751,0.285988
626,0.30728492,0.30728492,0.14878257,0.2255989,0.2255989,0.2255989,0.2112751,0.24078286
627,0.30728492,0.30728492,0.14878257,0.2255989,0.2255989,0.2255989,0.2112751,0.24808288
628,0.30728492,0.30728492,0.14878257,0.2255989,0.2255989,0.2255989,0.2112751,0.3135546
629,0.30728492,0.30728492,0.14878257,0.2255989,0.2255989,0.2255989,0.2112751,0.17932105
630,0.30728492,0.30728492,0.14878257,0.2255989,0.2255989,0.2255989,0.2112751,0.16434124
631,0.30728492,0.30728492,0.14878257,0.2255989,0.2255989,0.2255989,0.2112751,0.2255989
632,0.30728492,0.30728492,0.15193579,0.14601703,0.14601703,0.2112751,0.2112751,0.21369803
633,0.30728492,0.30728492,0.15193579,0.14601703,0.14601703,0.2112751,0.2112751,0.285988
634,0.30728492,0.30728492,0.15193579,0.14601703,0.14601703,0.2112751,0.2112751,0.24078286
635,0.30728492,0.30728492,0.15193579,0.14601703,0.14601703,0.2112751,0.2112751,0.24808288
636,0.30728492,0.30728492,0.15193579,0.14601703,0.14601703,0.2112751,0.2112751,0.3135546
637,0.30728492,0.30728492,0.15193579,0.14601703,0.14601703,0.2112751,0.2112751,0.17932105
638,0.30728492,0.30728492,0.15193579,0.14601703,0.14601703,0.2112751,0.2112751,0.16434124
639,0.30728492,0.30728492,0.15193579,0.14601703,0.14601703,0.2112751,0.2112751,0.2255989
