,solar_Element_1,solar_Element_2,solar_Element_3,solar_Element_4,solar_Element_5,solar_Element_6,solar_Element_7,solar_ion
0,0.24562924,0.24562924,0.34884757,0.14519602,0.14519602,0.14519602,0.14519602,0.24562924
1,0.24562924,0.24562924,0.34884757,0.14519602,0.14519602,0.14519602,0.14519602,0.21135272
2,0.24562924,0.24562924,0.34884757,0.14519602,0.14519602,0.14519602,0.14519602,0.2121902
3,0.24562924,0.24562924,0.34884757,0.14519602,0.14519602,0.14519602,0.14519602,0.26328102
4,0.24562924,0.24562924,0.34884757,0.14519602,0.14519602,0.14519602,0.14519602,0.2466504
5,0.24562924,0.24562924,0.34884757,0.14519602,0.14519602,0.14519602,0.14519602,0.17888987
6,0.24562924,0.24562924,0.34884757,0.14519602,0.14519602,0.14519602,0.14519602,0.09761983
7,0.24562924,0.24562924,0.34884757,0.14519602,0.14519602,0.14519602,0.14519602,0.14519602
8,0.26328102,0.26328102,0.34884757,0.14519602,0.14519602,0.14519602,0.14519602,0.24562924
9,0.26328102,0.26328102,0.34884757,0.14519602,0.14519602,0.14519602,0.14519602,0.21135272
10,0.26328102,0.26328102,0.34884757,0.14519602,0.14519602,0.14519602,0.14519602,0.2121902
11,0.26328102,0.26328102,0.34884757,0.14519602,0.14519602,0.14519602,0.14519602,0.26328102
12,0.26328102,0.26328102,0.34884757,0.14519602,0.14519602,0.14519602,0.14519602,0.2466504
13,0.26328102,0.26328102,0.34884757,0.14519602,0.14519602,0.14519602,0.14519602,0.17888987
14,0.26328102,0.26328102,0.34884757,0.14519602,0.14519602,0.14519602,0.14519602,0.09761983
15,0.26328102,0.26328102,0.34884757,0.14519602,0.14519602,0.14519602,0.14519602,0.14519602
16,0.2121902,0.2121902,0.34884757,0.14519602,0.14519602,0.14519602,0.14519602,0.24562924
17,0.2121902,0.2121902,0.34884757,0.14519602,0.14519602,0.14519602,0.14519602,0.21135272
18,0.2121902,0.2121902,0.34884757,0.14519602,0.14519602,0.14519602,0.14519602,0.2121902
19,0.2121902,0.2121902,0.34884757,0.14519602,0.14519602,0.14519602,0.14519602,0.26328102
20,0.2121902,0.2121902,0.34884757,0.14519602,0.14519602,0.14519602,0.14519602,0.2466504
21,0.2121902,0.2121902,0.34884757,0.14519602,0.14519602,0.14519602,0.14519602,0.17888987
22,0.2121902,0.2121902,0.34884757,0.14519602,0.14519602,0.14519602,0.14519602,0.09761983
23,0.2121902,0.2121902,0.34884757,0.14519602,0.14519602,0.14519602,0.14519602,0.14519602
24,0.13468511,0.13468511,0.34884757,0.14519602,0.14519602,0.14519602,0.14519602,0.24562924
25,0.13468511,0.13468511,0.34884757,0.14519602,0.14519602,0.14519602,0.14519602,0.21135272
26,0.13468511,0.13468511,0.34884757,0.14519602,0.14519602,0.14519602,0.14519602,0.2121902
27,0.13468511,0.13468511,0.34884757,0.14519602,0.14519602,0.14519602,0.14519602,0.26328102
28,0.13468511,0.13468511,0.34884757,0.14519602,0.14519602,0.14519602,0.14519602,0.2466504
29,0.13468511,0.13468511,0.34884757,0.14519602,0.14519602,0.14519602,0.14519602,0.17888987
30,0.13468511,0.13468511,0.34884757,0.14519602,0.14519602,0.14519602,0.14519602,0.09761983
31,0.13468511,0.13468511,0.34884757,0.14519602,0.14519602,0.14519602,0.14519602,0.14519602
32,0.24314453,0.24314453,0.34884757,0.14519602,0.14519602,0.14519602,0.14519602,0.24562924
33,0.24314453,0.24314453,0.34884757,0.14519602,0.14519602,0.14519602,0.14519602,0.21135272
34,0.24314453,0.24314453,0.34884757,0.14519602,0.14519602,0.14519602,0.14519602,0.2121902
35,0.24314453,0.24314453,0.34884757,0.14519602,0.14519602,0.14519602,0.14519602,0.26328102
36,0.24314453,0.24314453,0.34884757,0.14519602,0.14519602,0.14519602,0.14519602,0.2466504
37,0.24314453,0.24314453,0.34884757,0.14519602,0.14519602,0.14519602,0.14519602,0.17888987
38,0.24314453,0.24314453,0.34884757,0.14519602,0.14519602,0.14519602,0.14519602,0.09761983
39,0.24314453,0.24314453,0.34884757,0.14519602,0.14519602,0.14519602,0.14519602,0.14519602
40,0.24562924,0.24562924,0.20178853,0.14519602,0.14519602,0.14519602,0.14519602,0.24562924
41,0.24562924,0.24562924,0.20178853,0.14519602,0.14519602,0.14519602,0.14519602,0.21135272
42,0.24562924,0.24562924,0.20178853,0.14519602,0.14519602,0.14519602,0.14519602,0.2121902
43,0.24562924,0.24562924,0.20178853,0.14519602,0.14519602,0.14519602,0.14519602,0.26328102
44,0.24562924,0.24562924,0.20178853,0.14519602,0.14519602,0.14519602,0.14519602,0.2466504
45,0.24562924,0.24562924,0.20178853,0.14519602,0.14519602,0.14519602,0.14519602,0.17888987
46,0.24562924,0.24562924,0.20178853,0.14519602,0.14519602,0.14519602,0.14519602,0.09761983
47,0.24562924,0.24562924,0.20178853,0.14519602,0.14519602,0.14519602,0.14519602,0.14519602
48,0.26328102,0.26328102,0.20178853,0.14519602,0.14519602,0.14519602,0.14519602,0.24562924
49,0.26328102,0.26328102,0.20178853,0.14519602,0.14519602,0.14519602,0.14519602,0.21135272
50,0.26328102,0.26328102,0.20178853,0.14519602,0.14519602,0.14519602,0.14519602,0.2121902
51,0.26328102,0.26328102,0.20178853,0.14519602,0.14519602,0.14519602,0.14519602,0.26328102
52,0.26328102,0.26328102,0.20178853,0.14519602,0.14519602,0.14519602,0.14519602,0.2466504
53,0.26328102,0.26328102,0.20178853,0.14519602,0.14519602,0.14519602,0.14519602,0.17888987
54,0.26328102,0.26328102,0.20178853,0.14519602,0.14519602,0.14519602,0.14519602,0.09761983
55,0.26328102,0.26328102,0.20178853,0.14519602,0.14519602,0.14519602,0.14519602,0.14519602
56,0.2121902,0.2121902,0.20178853,0.14519602,0.14519602,0.14519602,0.14519602,0.24562924
57,0.2121902,0.2121902,0.20178853,0.14519602,0.14519602,0.14519602,0.14519602,0.21135272
58,0.2121902,0.2121902,0.20178853,0.14519602,0.14519602,0.14519602,0.14519602,0.2121902
59,0.2121902,0.2121902,0.20178853,0.14519602,0.14519602,0.14519602,0.14519602,0.26328102
60,0.2121902,0.2121902,0.20178853,0.14519602,0.14519602,0.14519602,0.14519602,0.2466504
61,0.2121902,0.2121902,0.20178853,0.14519602,0.14519602,0.14519602,0.14519602,0.17888987
62,0.2121902,0.2121902,0.20178853,0.14519602,0.14519602,0.14519602,0.14519602,0.09761983
63,0.2121902,0.2121902,0.20178853,0.14519602,0.14519602,0.14519602,0.14519602,0.14519602
64,0.13468511,0.13468511,0.20178853,0.14519602,0.14519602,0.14519602,0.14519602,0.24562924
65,0.13468511,0.13468511,0.20178853,0.14519602,0.14519602,0.14519602,0.14519602,0.21135272
66,0.13468511,0.13468511,0.20178853,0.14519602,0.14519602,0.14519602,0.14519602,0.2121902
67,0.13468511,0.13468511,0.20178853,0.14519602,0.14519602,0.14519602,0.14519602,0.26328102
68,0.13468511,0.13468511,0.20178853,0.14519602,0.14519602,0.14519602,0.14519602,0.2466504
69,0.13468511,0.13468511,0.20178853,0.14519602,0.14519602,0.14519602,0.14519602,0.17888987
70,0.13468511,0.13468511,0.20178853,0.14519602,0.14519602,0.14519602,0.14519602,0.09761983
71,0.13468511,0.13468511,0.20178853,0.14519602,0.14519602,0.14519602,0.14519602,0.14519602
72,0.24314453,0.24314453,0.20178853,0.14519602,0.14519602,0.14519602,0.14519602,0.24562924
73,0.24314453,0.24314453,0.20178853,0.14519602,0.14519602,0.14519602,0.14519602,0.21135272
74,0.24314453,0.24314453,0.20178853,0.14519602,0.14519602,0.14519602,0.14519602,0.2121902
75,0.24314453,0.24314453,0.20178853,0.14519602,0.14519602,0.14519602,0.14519602,0.26328102
76,0.24314453,0.24314453,0.20178853,0.14519602,0.14519602,0.14519602,0.14519602,0.2466504
77,0.24314453,0.24314453,0.20178853,0.14519602,0.14519602,0.14519602,0.14519602,0.17888987
78,0.24314453,0.24314453,0.20178853,0.14519602,0.14519602,0.14519602,0.14519602,0.09761983
79,0.24314453,0.24314453,0.20178853,0.14519602,0.14519602,0.14519602,0.14519602,0.14519602
80,0.24562924,0.24562924,0.12345503,0.14519602,0.14519602,0.14519602,0.14519602,0.24562924
81,0.24562924,0.24562924,0.12345503,0.14519602,0.14519602,0.14519602,0.14519602,0.21135272
82,0.24562924,0.24562924,0.12345503,0.14519602,0.14519602,0.14519602,0.14519602,0.2121902
83,0.24562924,0.24562924,0.12345503,0.14519602,0.14519602,0.14519602,0.14519602,0.26328102
84,0.24562924,0.24562924,0.12345503,0.14519602,0.14519602,0.14519602,0.14519602,0.2466504
85,0.24562924,0.24562924,0.12345503,0.14519602,0.14519602,0.14519602,0.14519602,0.17888987
86,0.24562924,0.24562924,0.12345503,0.14519602,0.14519602,0.14519602,0.14519602,0.09761983
87,0.24562924,0.24562924,0.12345503,0.14519602,0.14519602,0.14519602,0.14519602,0.14519602
88,0.26328102,0.26328102,0.12345503,0.14519602,0.14519602,0.14519602,0.14519602,0.24562924
89,0.26328102,0.26328102,0.12345503,0.14519602,0.14519602,0.14519602,0.14519602,0.21135272
90,0.26328102,0.26328102,0.12345503,0.14519602,0.14519602,0.14519602,0.14519602,0.2121902
91,0.26328102,0.26328102,0.12345503,0.14519602,0.14519602,0.14519602,0.14519602,0.26328102
92,0.26328102,0.26328102,0.12345503,0.14519602,0.14519602,0.14519602,0.14519602,0.2466504
93,0.26328102,0.26328102,0.12345503,0.14519602,0.14519602,0.14519602,0.14519602,0.17888987
94,0.26328102,0.26328102,0.12345503,0.14519602,0.14519602,0.14519602,0.14519602,0.09761983
95,0.26328102,0.26328102,0.12345503,0.14519602,0.14519602,0.14519602,0.14519602,0.14519602
96,0.2121902,0.2121902,0.12345503,0.14519602,0.14519602,0.14519602,0.14519602,0.24562924
97,0.2121902,0.2121902,0.12345503,0.14519602,0.14519602,0.14519602,0.14519602,0.21135272
98,0.2121902,0.2121902,0.12345503,0.14519602,0.14519602,0.14519602,0.14519602,0.2121902
99,0.2121902,0.2121902,0.12345503,0.14519602,0.14519602,0.14519602,0.14519602,0.26328102
100,0.2121902,0.2121902,0.12345503,0.14519602,0.14519602,0.14519602,0.14519602,0.2466504
101,0.2121902,0.2121902,0.12345503,0.14519602,0.14519602,0.14519602,0.14519602,0.17888987
102,0.2121902,0.2121902,0.12345503,0.14519602,0.14519602,0.14519602,0.14519602,0.09761983
103,0.2121902,0.2121902,0.12345503,0.14519602,0.14519602,0.14519602,0.14519602,0.14519602
104,0.13468511,0.13468511,0.12345503,0.14519602,0.14519602,0.14519602,0.14519602,0.24562924
105,0.13468511,0.13468511,0.12345503,0.14519602,0.14519602,0.14519602,0.14519602,0.21135272
106,0.13468511,0.13468511,0.12345503,0.14519602,0.14519602,0.14519602,0.14519602,0.2121902
107,0.13468511,0.13468511,0.12345503,0.14519602,0.14519602,0.14519602,0.14519602,0.26328102
108,0.13468511,0.13468511,0.12345503,0.14519602,0.14519602,0.14519602,0.14519602,0.2466504
109,0.13468511,0.13468511,0.12345503,0.14519602,0.14519602,0.14519602,0.14519602,0.17888987
110,0.13468511,0.13468511,0.12345503,0.14519602,0.14519602,0.14519602,0.14519602,0.09761983
111,0.13468511,0.13468511,0.12345503,0.14519602,0.14519602,0.14519602,0.14519602,0.14519602
112,0.24314453,0.24314453,0.12345503,0.14519602,0.14519602,0.14519602,0.14519602,0.24562924
113,0.24314453,0.24314453,0.12345503,0.14519602,0.14519602,0.14519602,0.14519602,0.21135272
114,0.24314453,0.24314453,0.12345503,0.14519602,0.14519602,0.14519602,0.14519602,0.2121902
115,0.24314453,0.24314453,0.12345503,0.14519602,0.14519602,0.14519602,0.14519602,0.26328102
116,0.24314453,0.24314453,0.12345503,0.14519602,0.14519602,0.14519602,0.14519602,0.2466504
117,0.24314453,0.24314453,0.12345503,0.14519602,0.14519602,0.14519602,0.14519602,0.17888987
118,0.24314453,0.24314453,0.12345503,0.14519602,0.14519602,0.14519602,0.14519602,0.09761983
119,0.24314453,0.24314453,0.12345503,0.14519602,0.14519602,0.14519602,0.14519602,0.14519602
120,0.24562924,0.24562924,0.34884757,0.13827051,0.13827051,0.13827051,0.13827051,0.24562924
121,0.24562924,0.24562924,0.34884757,0.13827051,0.13827051,0.13827051,0.13827051,0.21135272
122,0.24562924,0.24562924,0.34884757,0.13827051,0.13827051,0.13827051,0.13827051,0.2121902
123,0.24562924,0.24562924,0.34884757,0.13827051,0.13827051,0.13827051,0.13827051,0.26328102
124,0.24562924,0.24562924,0.34884757,0.13827051,0.13827051,0.13827051,0.13827051,0.2466504
125,0.24562924,0.24562924,0.34884757,0.13827051,0.13827051,0.13827051,0.13827051,0.17888987
126,0.24562924,0.24562924,0.34884757,0.13827051,0.13827051,0.13827051,0.13827051,0.09761983
127,0.24562924,0.24562924,0.34884757,0.13827051,0.13827051,0.13827051,0.13827051,0.14519602
128,0.26328102,0.26328102,0.34884757,0.13827051,0.13827051,0.13827051,0.13827051,0.24562924
129,0.26328102,0.26328102,0.34884757,0.13827051,0.13827051,0.13827051,0.13827051,0.21135272
130,0.26328102,0.26328102,0.34884757,0.13827051,0.13827051,0.13827051,0.13827051,0.2121902
131,0.26328102,0.26328102,0.34884757,0.13827051,0.13827051,0.13827051,0.13827051,0.26328102
132,0.26328102,0.26328102,0.34884757,0.13827051,0.13827051,0.13827051,0.13827051,0.2466504
133,0.26328102,0.26328102,0.34884757,0.13827051,0.13827051,0.13827051,0.13827051,0.17888987
134,0.26328102,0.26328102,0.34884757,0.13827051,0.13827051,0.13827051,0.13827051,0.09761983
135,0.26328102,0.26328102,0.34884757,0.13827051,0.13827051,0.13827051,0.13827051,0.14519602
136,0.2121902,0.2121902,0.34884757,0.13827051,0.13827051,0.13827051,0.13827051,0.24562924
137,0.2121902,0.2121902,0.34884757,0.13827051,0.13827051,0.13827051,0.13827051,0.21135272
138,0.2121902,0.2121902,0.34884757,0.13827051,0.13827051,0.13827051,0.13827051,0.2121902
139,0.2121902,0.2121902,0.34884757,0.13827051,0.13827051,0.13827051,0.13827051,0.26328102
140,0.2121902,0.2121902,0.34884757,0.13827051,0.13827051,0.13827051,0.13827051,0.2466504
141,0.2121902,0.2121902,0.34884757,0.13827051,0.13827051,0.13827051,0.13827051,0.17888987
142,0.2121902,0.2121902,0.34884757,0.13827051,0.13827051,0.13827051,0.13827051,0.09761983
143,0.2121902,0.2121902,0.34884757,0.13827051,0.13827051,0.13827051,0.13827051,0.14519602
144,0.13468511,0.13468511,0.34884757,0.13827051,0.13827051,0.13827051,0.13827051,0.24562924
145,0.13468511,0.13468511,0.34884757,0.13827051,0.13827051,0.13827051,0.13827051,0.21135272
146,0.13468511,0.13468511,0.34884757,0.13827051,0.13827051,0.13827051,0.13827051,0.2121902
147,0.13468511,0.13468511,0.34884757,0.13827051,0.13827051,0.13827051,0.13827051,0.26328102
148,0.13468511,0.13468511,0.34884757,0.13827051,0.13827051,0.13827051,0.13827051,0.2466504
149,0.13468511,0.13468511,0.34884757,0.13827051,0.13827051,0.13827051,0.13827051,0.17888987
150,0.13468511,0.13468511,0.34884757,0.13827051,0.13827051,0.13827051,0.13827051,0.09761983
151,0.13468511,0.13468511,0.34884757,0.13827051,0.13827051,0.13827051,0.13827051,0.14519602
152,0.24314453,0.24314453,0.34884757,0.13827051,0.13827051,0.13827051,0.13827051,0.24562924
153,0.24314453,0.24314453,0.34884757,0.13827051,0.13827051,0.13827051,0.13827051,0.21135272
154,0.24314453,0.24314453,0.34884757,0.13827051,0.13827051,0.13827051,0.13827051,0.2121902
155,0.24314453,0.24314453,0.34884757,0.13827051,0.13827051,0.13827051,0.13827051,0.26328102
156,0.24314453,0.24314453,0.34884757,0.13827051,0.13827051,0.13827051,0.13827051,0.2466504
157,0.24314453,0.24314453,0.34884757,0.13827051,0.13827051,0.13827051,0.13827051,0.17888987
158,0.24314453,0.24314453,0.34884757,0.13827051,0.13827051,0.13827051,0.13827051,0.09761983
159,0.24314453,0.24314453,0.34884757,0.13827051,0.13827051,0.13827051,0.13827051,0.14519602
160,0.24562924,0.24562924,0.20178853,0.13827051,0.13827051,0.13827051,0.13827051,0.24562924
161,0.24562924,0.24562924,0.20178853,0.13827051,0.13827051,0.13827051,0.13827051,0.21135272
162,0.24562924,0.24562924,0.20178853,0.13827051,0.13827051,0.13827051,0.13827051,0.2121902
163,0.24562924,0.24562924,0.20178853,0.13827051,0.13827051,0.13827051,0.13827051,0.26328102
164,0.24562924,0.24562924,0.20178853,0.13827051,0.13827051,0.13827051,0.13827051,0.2466504
165,0.24562924,0.24562924,0.20178853,0.13827051,0.13827051,0.13827051,0.13827051,0.17888987
166,0.24562924,0.24562924,0.20178853,0.13827051,0.13827051,0.13827051,0.13827051,0.09761983
167,0.24562924,0.24562924,0.20178853,0.13827051,0.13827051,0.13827051,0.13827051,0.14519602
168,0.26328102,0.26328102,0.20178853,0.13827051,0.13827051,0.13827051,0.13827051,0.24562924
169,0.26328102,0.26328102,0.20178853,0.13827051,0.13827051,0.13827051,0.13827051,0.21135272
170,0.26328102,0.26328102,0.20178853,0.13827051,0.13827051,0.13827051,0.13827051,0.2121902
171,0.26328102,0.26328102,0.20178853,0.13827051,0.13827051,0.13827051,0.13827051,0.26328102
172,0.26328102,0.26328102,0.20178853,0.13827051,0.13827051,0.13827051,0.13827051,0.2466504
173,0.26328102,0.26328102,0.20178853,0.13827051,0.13827051,0.13827051,0.13827051,0.17888987
174,0.26328102,0.26328102,0.20178853,0.13827051,0.13827051,0.13827051,0.13827051,0.09761983
175,0.26328102,0.26328102,0.20178853,0.13827051,0.13827051,0.13827051,0.13827051,0.14519602
176,0.2121902,0.2121902,0.20178853,0.13827051,0.13827051,0.13827051,0.13827051,0.24562924
177,0.2121902,0.2121902,0.20178853,0.13827051,0.13827051,0.13827051,0.13827051,0.21135272
178,0.2121902,0.2121902,0.20178853,0.13827051,0.13827051,0.13827051,0.13827051,0.2121902
179,0.2121902,0.2121902,0.20178853,0.13827051,0.13827051,0.13827051,0.13827051,0.26328102
180,0.2121902,0.2121902,0.20178853,0.13827051,0.13827051,0.13827051,0.13827051,0.2466504
181,0.2121902,0.2121902,0.20178853,0.13827051,0.13827051,0.13827051,0.13827051,0.17888987
182,0.2121902,0.2121902,0.20178853,0.13827051,0.13827051,0.13827051,0.13827051,0.09761983
183,0.2121902,0.2121902,0.20178853,0.13827051,0.13827051,0.13827051,0.13827051,0.14519602
184,0.13468511,0.13468511,0.20178853,0.13827051,0.13827051,0.13827051,0.13827051,0.24562924
185,0.13468511,0.13468511,0.20178853,0.13827051,0.13827051,0.13827051,0.13827051,0.21135272
186,0.13468511,0.13468511,0.20178853,0.13827051,0.13827051,0.13827051,0.13827051,0.2121902
187,0.13468511,0.13468511,0.20178853,0.13827051,0.13827051,0.13827051,0.13827051,0.26328102
188,0.13468511,0.13468511,0.20178853,0.13827051,0.13827051,0.13827051,0.13827051,0.2466504
189,0.13468511,0.13468511,0.20178853,0.13827051,0.13827051,0.13827051,0.13827051,0.17888987
190,0.13468511,0.13468511,0.20178853,0.13827051,0.13827051,0.13827051,0.13827051,0.09761983
191,0.13468511,0.13468511,0.20178853,0.13827051,0.13827051,0.13827051,0.13827051,0.14519602
192,0.24314453,0.24314453,0.20178853,0.13827051,0.13827051,0.13827051,0.13827051,0.24562924
193,0.24314453,0.24314453,0.20178853,0.13827051,0.13827051,0.13827051,0.13827051,0.21135272
194,0.24314453,0.24314453,0.20178853,0.13827051,0.13827051,0.13827051,0.13827051,0.2121902
195,0.24314453,0.24314453,0.20178853,0.13827051,0.13827051,0.13827051,0.13827051,0.26328102
196,0.24314453,0.24314453,0.20178853,0.13827051,0.13827051,0.13827051,0.13827051,0.2466504
197,0.24314453,0.24314453,0.20178853,0.13827051,0.13827051,0.13827051,0.13827051,0.17888987
198,0.24314453,0.24314453,0.20178853,0.13827051,0.13827051,0.13827051,0.13827051,0.09761983
199,0.24314453,0.24314453,0.20178853,0.13827051,0.13827051,0.13827051,0.13827051,0.14519602
200,0.24562924,0.24562924,0.12345503,0.13827051,0.13827051,0.13827051,0.13827051,0.24562924
201,0.24562924,0.24562924,0.12345503,0.13827051,0.13827051,0.13827051,0.13827051,0.21135272
202,0.24562924,0.24562924,0.12345503,0.13827051,0.13827051,0.13827051,0.13827051,0.2121902
203,0.24562924,0.24562924,0.12345503,0.13827051,0.13827051,0.13827051,0.13827051,0.26328102
204,0.24562924,0.24562924,0.12345503,0.13827051,0.13827051,0.13827051,0.13827051,0.2466504
205,0.24562924,0.24562924,0.12345503,0.13827051,0.13827051,0.13827051,0.13827051,0.17888987
206,0.24562924,0.24562924,0.12345503,0.13827051,0.13827051,0.13827051,0.13827051,0.09761983
207,0.24562924,0.24562924,0.12345503,0.13827051,0.13827051,0.13827051,0.13827051,0.14519602
208,0.26328102,0.26328102,0.12345503,0.13827051,0.13827051,0.13827051,0.13827051,0.24562924
209,0.26328102,0.26328102,0.12345503,0.13827051,0.13827051,0.13827051,0.13827051,0.21135272
210,0.26328102,0.26328102,0.12345503,0.13827051,0.13827051,0.13827051,0.13827051,0.2121902
211,0.26328102,0.26328102,0.12345503,0.13827051,0.13827051,0.13827051,0.13827051,0.26328102
212,0.26328102,0.26328102,0.12345503,0.13827051,0.13827051,0.13827051,0.13827051,0.2466504
213,0.26328102,0.26328102,0.12345503,0.13827051,0.13827051,0.13827051,0.13827051,0.17888987
214,0.26328102,0.26328102,0.12345503,0.13827051,0.13827051,0.13827051,0.13827051,0.09761983
215,0.26328102,0.26328102,0.12345503,0.13827051,0.13827051,0.13827051,0.13827051,0.14519602
216,0.2121902,0.2121902,0.12345503,0.13827051,0.13827051,0.13827051,0.13827051,0.24562924
217,0.2121902,0.2121902,0.12345503,0.13827051,0.13827051,0.13827051,0.13827051,0.21135272
218,0.2121902,0.2121902,0.12345503,0.13827051,0.13827051,0.13827051,0.13827051,0.2121902
219,0.2121902,0.2121902,0.12345503,0.13827051,0.13827051,0.13827051,0.13827051,0.26328102
220,0.2121902,0.2121902,0.12345503,0.13827051,0.13827051,0.13827051,0.13827051,0.2466504
221,0.2121902,0.2121902,0.12345503,0.13827051,0.13827051,0.13827051,0.13827051,0.17888987
222,0.2121902,0.2121902,0.12345503,0.13827051,0.13827051,0.13827051,0.13827051,0.09761983
223,0.2121902,0.2121902,0.12345503,0.13827051,0.13827051,0.13827051,0.13827051,0.14519602
224,0.13468511,0.13468511,0.12345503,0.13827051,0.13827051,0.13827051,0.13827051,0.24562924
225,0.13468511,0.13468511,0.12345503,0.13827051,0.13827051,0.13827051,0.13827051,0.21135272
226,0.13468511,0.13468511,0.12345503,0.13827051,0.13827051,0.13827051,0.13827051,0.2121902
227,0.13468511,0.13468511,0.12345503,0.13827051,0.13827051,0.13827051,0.13827051,0.26328102
228,0.13468511,0.13468511,0.12345503,0.13827051,0.13827051,0.13827051,0.13827051,0.2466504
229,0.13468511,0.13468511,0.12345503,0.13827051,0.13827051,0.13827051,0.13827051,0.17888987
230,0.13468511,0.13468511,0.12345503,0.13827051,0.13827051,0.13827051,0.13827051,0.09761983
231,0.13468511,0.13468511,0.12345503,0.13827051,0.13827051,0.13827051,0.13827051,0.14519602
232,0.24314453,0.24314453,0.12345503,0.13827051,0.13827051,0.13827051,0.13827051,0.24562924
233,0.24314453,0.24314453,0.12345503,0.13827051,0.13827051,0.13827051,0.13827051,0.21135272
234,0.24314453,0.24314453,0.12345503,0.13827051,0.13827051,0.13827051,0.13827051,0.2121902
235,0.24314453,0.24314453,0.12345503,0.13827051,0.13827051,0.13827051,0.13827051,0.26328102
236,0.24314453,0.24314453,0.12345503,0.13827051,0.13827051,0.13827051,0.13827051,0.2466504
237,0.24314453,0.24314453,0.12345503,0.13827051,0.13827051,0.13827051,0.13827051,0.17888987
238,0.24314453,0.24314453,0.12345503,0.13827051,0.13827051,0.13827051,0.13827051,0.09761983
239,0.24314453,0.24314453,0.12345503,0.13827051,0.13827051,0.13827051,0.13827051,0.14519602
240,0.24562924,0.24562924,0.34884757,0.1442311,0.1442311,0.1442311,0.1442311,0.24562924
241,0.24562924,0.24562924,0.34884757,0.1442311,0.1442311,0.1442311,0.1442311,0.21135272
242,0.24562924,0.24562924,0.34884757,0.1442311,0.1442311,0.1442311,0.1442311,0.2121902
243,0.24562924,0.24562924,0.34884757,0.1442311,0.1442311,0.1442311,0.1442311,0.26328102
244,0.24562924,0.24562924,0.34884757,0.1442311,0.1442311,0.1442311,0.1442311,0.2466504
245,0.24562924,0.24562924,0.34884757,0.1442311,0.1442311,0.1442311,0.1442311,0.17888987
246,0.24562924,0.24562924,0.34884757,0.1442311,0.1442311,0.1442311,0.1442311,0.09761983
247,0.24562924,0.24562924,0.34884757,0.1442311,0.1442311,0.1442311,0.1442311,0.14519602
248,0.26328102,0.26328102,0.34884757,0.1442311,0.1442311,0.1442311,0.1442311,0.24562924
249,0.26328102,0.26328102,0.34884757,0.1442311,0.1442311,0.1442311,0.1442311,0.21135272
250,0.26328102,0.26328102,0.34884757,0.1442311,0.1442311,0.1442311,0.1442311,0.2121902
251,0.26328102,0.26328102,0.34884757,0.1442311,0.1442311,0.1442311,0.1442311,0.26328102
252,0.26328102,0.26328102,0.34884757,0.1442311,0.1442311,0.1442311,0.1442311,0.2466504
253,0.26328102,0.26328102,0.34884757,0.1442311,0.1442311,0.1442311,0.1442311,0.17888987
254,0.26328102,0.26328102,0.34884757,0.1442311,0.1442311,0.1442311,0.1442311,0.09761983
255,0.26328102,0.26328102,0.34884757,0.1442311,0.1442311,0.1442311,0.1442311,0.14519602
256,0.2121902,0.2121902,0.34884757,0.1442311,0.1442311,0.1442311,0.1442311,0.24562924
257,0.2121902,0.2121902,0.34884757,0.1442311,0.1442311,0.1442311,0.1442311,0.21135272
258,0.2121902,0.2121902,0.34884757,0.1442311,0.1442311,0.1442311,0.1442311,0.2121902
259,0.2121902,0.2121902,0.34884757,0.1442311,0.1442311,0.1442311,0.1442311,0.26328102
260,0.2121902,0.2121902,0.34884757,0.1442311,0.1442311,0.1442311,0.1442311,0.2466504
261,0.2121902,0.2121902,0.34884757,0.1442311,0.1442311,0.1442311,0.1442311,0.17888987
262,0.2121902,0.2121902,0.34884757,0.1442311,0.1442311,0.1442311,0.1442311,0.09761983
263,0.2121902,0.2121902,0.34884757,0.1442311,0.1442311,0.1442311,0.1442311,0.14519602
264,0.13468511,0.13468511,0.34884757,0.1442311,0.1442311,0.1442311,0.1442311,0.24562924
265,0.13468511,0.13468511,0.34884757,0.1442311,0.1442311,0.1442311,0.1442311,0.21135272
266,0.13468511,0.13468511,0.34884757,0.1442311,0.1442311,0.1442311,0.1442311,0.2121902
267,0.13468511,0.13468511,0.34884757,0.1442311,0.1442311,0.1442311,0.1442311,0.26328102
268,0.13468511,0.13468511,0.34884757,0.1442311,0.1442311,0.1442311,0.1442311,0.2466504
269,0.13468511,0.13468511,0.34884757,0.1442311,0.1442311,0.1442311,0.1442311,0.17888987
270,0.13468511,0.13468511,0.34884757,0.1442311,0.1442311,0.1442311,0.1442311,0.09761983
271,0.13468511,0.13468511,0.34884757,0.1442311,0.1442311,0.1442311,0.1442311,0.14519602
272,0.24314453,0.24314453,0.34884757,0.1442311,0.1442311,0.1442311,0.1442311,0.24562924
273,0.24314453,0.24314453,0.34884757,0.1442311,0.1442311,0.1442311,0.1442311,0.21135272
274,0.24314453,0.24314453,0.34884757,0.1442311,0.1442311,0.1442311,0.1442311,0.2121902
275,0.24314453,0.24314453,0.34884757,0.1442311,0.1442311,0.1442311,0.1442311,0.26328102
276,0.24314453,0.24314453,0.34884757,0.1442311,0.1442311,0.1442311,0.1442311,0.2466504
277,0.24314453,0.24314453,0.34884757,0.1442311,0.1442311,0.1442311,0.1442311,0.17888987
278,0.24314453,0.24314453,0.34884757,0.1442311,0.1442311,0.1442311,0.1442311,0.09761983
279,0.24314453,0.24314453,0.34884757,0.1442311,0.1442311,0.1442311,0.1442311,0.14519602
280,0.24562924,0.24562924,0.20178853,0.1442311,0.1442311,0.1442311,0.1442311,0.24562924
281,0.24562924,0.24562924,0.20178853,0.1442311,0.1442311,0.1442311,0.1442311,0.21135272
282,0.24562924,0.24562924,0.20178853,0.1442311,0.1442311,0.1442311,0.1442311,0.2121902
283,0.24562924,0.24562924,0.20178853,0.1442311,0.1442311,0.1442311,0.1442311,0.26328102
284,0.24562924,0.24562924,0.20178853,0.1442311,0.1442311,0.1442311,0.1442311,0.2466504
285,0.24562924,0.24562924,0.20178853,0.1442311,0.1442311,0.1442311,0.1442311,0.17888987
286,0.24562924,0.24562924,0.20178853,0.1442311,0.1442311,0.1442311,0.1442311,0.09761983
287,0.24562924,0.24562924,0.20178853,0.1442311,0.1442311,0.1442311,0.1442311,0.14519602
288,0.26328102,0.26328102,0.20178853,0.1442311,0.1442311,0.1442311,0.1442311,0.24562924
289,0.26328102,0.26328102,0.20178853,0.1442311,0.1442311,0.1442311,0.1442311,0.21135272
290,0.26328102,0.26328102,0.20178853,0.1442311,0.1442311,0.1442311,0.1442311,0.2121902
291,0.26328102,0.26328102,0.20178853,0.1442311,0.1442311,0.1442311,0.1442311,0.26328102
292,0.26328102,0.26328102,0.20178853,0.1442311,0.1442311,0.1442311,0.1442311,0.2466504
293,0.26328102,0.26328102,0.20178853,0.1442311,0.1442311,0.1442311,0.1442311,0.17888987
294,0.26328102,0.26328102,0.20178853,0.1442311,0.1442311,0.1442311,0.1442311,0.09761983
295,0.26328102,0.26328102,0.20178853,0.1442311,0.1442311,0.1442311,0.1442311,0.14519602
296,0.2121902,0.2121902,0.20178853,0.1442311,0.1442311,0.1442311,0.1442311,0.24562924
297,0.2121902,0.2121902,0.20178853,0.1442311,0.1442311,0.1442311,0.1442311,0.21135272
298,0.2121902,0.2121902,0.20178853,0.1442311,0.1442311,0.1442311,0.1442311,0.2121902
299,0.2121902,0.2121902,0.20178853,0.1442311,0.1442311,0.1442311,0.1442311,0.26328102
300,0.2121902,0.2121902,0.20178853,0.1442311,0.1442311,0.1442311,0.1442311,0.2466504
301,0.2121902,0.2121902,0.20178853,0.1442311,0.1442311,0.1442311,0.1442311,0.17888987
302,0.2121902,0.2121902,0.20178853,0.1442311,0.1442311,0.1442311,0.1442311,0.09761983
303,0.2121902,0.2121902,0.20178853,0.1442311,0.1442311,0.1442311,0.1442311,0.14519602
304,0.13468511,0.13468511,0.20178853,0.1442311,0.1442311,0.1442311,0.1442311,0.24562924
305,0.13468511,0.13468511,0.20178853,0.1442311,0.1442311,0.1442311,0.1442311,0.21135272
306,0.13468511,0.13468511,0.20178853,0.1442311,0.1442311,0.1442311,0.1442311,0.2121902
307,0.13468511,0.13468511,0.20178853,0.1442311,0.1442311,0.1442311,0.1442311,0.26328102
308,0.13468511,0.13468511,0.20178853,0.1442311,0.1442311,0.1442311,0.1442311,0.2466504
309,0.13468511,0.13468511,0.20178853,0.1442311,0.1442311,0.1442311,0.1442311,0.17888987
310,0.13468511,0.13468511,0.20178853,0.1442311,0.1442311,0.1442311,0.1442311,0.09761983
311,0.13468511,0.13468511,0.20178853,0.1442311,0.1442311,0.1442311,0.1442311,0.14519602
312,0.24314453,0.24314453,0.20178853,0.1442311,0.1442311,0.1442311,0.1442311,0.24562924
313,0.24314453,0.24314453,0.20178853,0.1442311,0.1442311,0.1442311,0.1442311,0.21135272
314,0.24314453,0.24314453,0.20178853,0.1442311,0.1442311,0.1442311,0.1442311,0.2121902
315,0.24314453,0.24314453,0.20178853,0.1442311,0.1442311,0.1442311,0.1442311,0.26328102
316,0.24314453,0.24314453,0.20178853,0.1442311,0.1442311,0.1442311,0.1442311,0.2466504
317,0.24314453,0.24314453,0.20178853,0.1442311,0.1442311,0.1442311,0.1442311,0.17888987
318,0.24314453,0.24314453,0.20178853,0.1442311,0.1442311,0.1442311,0.1442311,0.09761983
319,0.24314453,0.24314453,0.20178853,0.1442311,0.1442311,0.1442311,0.1442311,0.14519602
320,0.24562924,0.24562924,0.12345503,0.1442311,0.1442311,0.1442311,0.1442311,0.24562924
321,0.24562924,0.24562924,0.12345503,0.1442311,0.1442311,0.1442311,0.1442311,0.21135272
322,0.24562924,0.24562924,0.12345503,0.1442311,0.1442311,0.1442311,0.1442311,0.2121902
323,0.24562924,0.24562924,0.12345503,0.1442311,0.1442311,0.1442311,0.1442311,0.26328102
324,0.24562924,0.24562924,0.12345503,0.1442311,0.1442311,0.1442311,0.1442311,0.2466504
325,0.24562924,0.24562924,0.12345503,0.1442311,0.1442311,0.1442311,0.1442311,0.17888987
326,0.24562924,0.24562924,0.12345503,0.1442311,0.1442311,0.1442311,0.1442311,0.09761983
327,0.24562924,0.24562924,0.12345503,0.1442311,0.1442311,0.1442311,0.1442311,0.14519602
328,0.26328102,0.26328102,0.12345503,0.1442311,0.1442311,0.1442311,0.1442311,0.24562924
329,0.26328102,0.26328102,0.12345503,0.1442311,0.1442311,0.1442311,0.1442311,0.21135272
330,0.26328102,0.26328102,0.12345503,0.1442311,0.1442311,0.1442311,0.1442311,0.2121902
331,0.26328102,0.26328102,0.12345503,0.1442311,0.1442311,0.1442311,0.1442311,0.26328102
332,0.26328102,0.26328102,0.12345503,0.1442311,0.1442311,0.1442311,0.1442311,0.2466504
333,0.26328102,0.26328102,0.12345503,0.1442311,0.1442311,0.1442311,0.1442311,0.17888987
334,0.26328102,0.26328102,0.12345503,0.1442311,0.1442311,0.1442311,0.1442311,0.09761983
335,0.26328102,0.26328102,0.12345503,0.1442311,0.1442311,0.1442311,0.1442311,0.14519602
336,0.2121902,0.2121902,0.12345503,0.1442311,0.1442311,0.1442311,0.1442311,0.24562924
337,0.2121902,0.2121902,0.12345503,0.1442311,0.1442311,0.1442311,0.1442311,0.21135272
338,0.2121902,0.2121902,0.12345503,0.1442311,0.1442311,0.1442311,0.1442311,0.2121902
339,0.2121902,0.2121902,0.12345503,0.1442311,0.1442311,0.1442311,0.1442311,0.26328102
340,0.2121902,0.2121902,0.12345503,0.1442311,0.1442311,0.1442311,0.1442311,0.2466504
341,0.2121902,0.2121902,0.12345503,0.1442311,0.1442311,0.1442311,0.1442311,0.17888987
342,0.2121902,0.2121902,0.12345503,0.1442311,0.1442311,0.1442311,0.1442311,0.09761983
343,0.2121902,0.2121902,0.12345503,0.1442311,0.1442311,0.1442311,0.1442311,0.14519602
344,0.13468511,0.13468511,0.12345503,0.1442311,0.1442311,0.1442311,0.1442311,0.24562924
345,0.13468511,0.13468511,0.12345503,0.1442311,0.1442311,0.1442311,0.1442311,0.21135272
346,0.13468511,0.13468511,0.12345503,0.1442311,0.1442311,0.1442311,0.1442311,0.2121902
347,0.13468511,0.13468511,0.12345503,0.1442311,0.1442311,0.1442311,0.1442311,0.26328102
348,0.13468511,0.13468511,0.12345503,0.1442311,0.1442311,0.1442311,0.1442311,0.2466504
349,0.13468511,0.13468511,0.12345503,0.1442311,0.1442311,0.1442311,0.1442311,0.17888987
350,0.13468511,0.13468511,0.12345503,0.1442311,0.1442311,0.1442311,0.1442311,0.09761983
351,0.13468511,0.13468511,0.12345503,0.1442311,0.1442311,0.1442311,0.1442311,0.14519602
352,0.24314453,0.24314453,0.12345503,0.1442311,0.1442311,0.1442311,0.1442311,0.24562924
353,0.24314453,0.24314453,0.12345503,0.1442311,0.1442311,0.1442311,0.1442311,0.21135272
354,0.24314453,0.24314453,0.12345503,0.1442311,0.1442311,0.1442311,0.1442311,0.2121902
355,0.24314453,0.24314453,0.12345503,0.1442311,0.1442311,0.1442311,0.1442311,0.26328102
356,0.24314453,0.24314453,0.12345503,0.1442311,0.1442311,0.1442311,0.1442311,0.2466504
357,0.24314453,0.24314453,0.12345503,0.1442311,0.1442311,0.1442311,0.1442311,0.17888987
358,0.24314453,0.24314453,0.12345503,0.1442311,0.1442311,0.1442311,0.1442311,0.09761983
359,0.24314453,0.24314453,0.12345503,0.1442311,0.1442311,0.1442311,0.1442311,0.14519602
360,0.24562924,0.24562924,0.34884757,0.23280038,0.23280038,0.23280038,0.23280038,0.24562924
361,0.24562924,0.24562924,0.34884757,0.23280038,0.23280038,0.23280038,0.23280038,0.21135272
362,0.24562924,0.24562924,0.34884757,0.23280038,0.23280038,0.23280038,0.23280038,0.2121902
363,0.24562924,0.24562924,0.34884757,0.23280038,0.23280038,0.23280038,0.23280038,0.26328102
364,0.24562924,0.24562924,0.34884757,0.23280038,0.23280038,0.23280038,0.23280038,0.2466504
365,0.24562924,0.24562924,0.34884757,0.23280038,0.23280038,0.23280038,0.23280038,0.17888987
366,0.24562924,0.24562924,0.34884757,0.23280038,0.23280038,0.23280038,0.23280038,0.09761983
367,0.24562924,0.24562924,0.34884757,0.23280038,0.23280038,0.23280038,0.23280038,0.14519602
368,0.26328102,0.26328102,0.34884757,0.23280038,0.23280038,0.23280038,0.23280038,0.24562924
369,0.26328102,0.26328102,0.34884757,0.23280038,0.23280038,0.23280038,0.23280038,0.21135272
370,0.26328102,0.26328102,0.34884757,0.23280038,0.23280038,0.23280038,0.23280038,0.2121902
371,0.26328102,0.26328102,0.34884757,0.23280038,0.23280038,0.23280038,0.23280038,0.26328102
372,0.26328102,0.26328102,0.34884757,0.23280038,0.23280038,0.23280038,0.23280038,0.2466504
373,0.26328102,0.26328102,0.34884757,0.23280038,0.23280038,0.23280038,0.23280038,0.17888987
374,0.26328102,0.26328102,0.34884757,0.23280038,0.23280038,0.23280038,0.23280038,0.09761983
375,0.26328102,0.26328102,0.34884757,0.23280038,0.23280038,0.23280038,0.23280038,0.14519602
376,0.2121902,0.2121902,0.34884757,0.23280038,0.23280038,0.23280038,0.23280038,0.24562924
377,0.2121902,0.2121902,0.34884757,0.23280038,0.23280038,0.23280038,0.23280038,0.21135272
378,0.2121902,0.2121902,0.34884757,0.23280038,0.23280038,0.23280038,0.23280038,0.2121902
379,0.2121902,0.2121902,0.34884757,0.23280038,0.23280038,0.23280038,0.23280038,0.26328102
380,0.2121902,0.2121902,0.34884757,0.23280038,0.23280038,0.23280038,0.23280038,0.2466504
381,0.2121902,0.2121902,0.34884757,0.23280038,0.23280038,0.23280038,0.23280038,0.17888987
382,0.2121902,0.2121902,0.34884757,0.23280038,0.23280038,0.23280038,0.23280038,0.09761983
383,0.2121902,0.2121902,0.34884757,0.23280038,0.23280038,0.23280038,0.23280038,0.14519602
384,0.13468511,0.13468511,0.34884757,0.23280038,0.23280038,0.23280038,0.23280038,0.24562924
385,0.13468511,0.13468511,0.34884757,0.23280038,0.23280038,0.23280038,0.23280038,0.21135272
386,0.13468511,0.13468511,0.34884757,0.23280038,0.23280038,0.23280038,0.23280038,0.2121902
387,0.13468511,0.13468511,0.34884757,0.23280038,0.23280038,0.23280038,0.23280038,0.26328102
388,0.13468511,0.13468511,0.34884757,0.23280038,0.23280038,0.23280038,0.23280038,0.2466504
389,0.13468511,0.13468511,0.34884757,0.23280038,0.23280038,0.23280038,0.23280038,0.17888987
390,0.13468511,0.13468511,0.34884757,0.23280038,0.23280038,0.23280038,0.23280038,0.09761983
391,0.13468511,0.13468511,0.34884757,0.23280038,0.23280038,0.23280038,0.23280038,0.14519602
392,0.24314453,0.24314453,0.34884757,0.23280038,0.23280038,0.23280038,0.23280038,0.24562924
393,0.24314453,0.24314453,0.34884757,0.23280038,0.23280038,0.23280038,0.23280038,0.21135272
394,0.24314453,0.24314453,0.34884757,0.23280038,0.23280038,0.23280038,0.23280038,0.2121902
395,0.24314453,0.24314453,0.34884757,0.23280038,0.23280038,0.23280038,0.23280038,0.26328102
396,0.24314453,0.24314453,0.34884757,0.23280038,0.23280038,0.23280038,0.23280038,0.2466504
397,0.24314453,0.24314453,0.34884757,0.23280038,0.23280038,0.23280038,0.23280038,0.17888987
398,0.24314453,0.24314453,0.34884757,0.23280038,0.23280038,0.23280038,0.23280038,0.09761983
399,0.24314453,0.24314453,0.34884757,0.23280038,0.23280038,0.23280038,0.23280038,0.14519602
400,0.24562924,0.24562924,0.20178853,0.23280038,0.23280038,0.23280038,0.23280038,0.24562924
401,0.24562924,0.24562924,0.20178853,0.23280038,0.23280038,0.23280038,0.23280038,0.21135272
402,0.24562924,0.24562924,0.20178853,0.23280038,0.23280038,0.23280038,0.23280038,0.2121902
403,0.24562924,0.24562924,0.20178853,0.23280038,0.23280038,0.23280038,0.23280038,0.26328102
404,0.24562924,0.24562924,0.20178853,0.23280038,0.23280038,0.23280038,0.23280038,0.2466504
405,0.24562924,0.24562924,0.20178853,0.23280038,0.23280038,0.23280038,0.23280038,0.17888987
406,0.24562924,0.24562924,0.20178853,0.23280038,0.23280038,0.23280038,0.23280038,0.09761983
407,0.24562924,0.24562924,0.20178853,0.23280038,0.23280038,0.23280038,0.23280038,0.14519602
408,0.26328102,0.26328102,0.20178853,0.23280038,0.23280038,0.23280038,0.23280038,0.24562924
409,0.26328102,0.26328102,0.20178853,0.23280038,0.23280038,0.23280038,0.23280038,0.21135272
410,0.26328102,0.26328102,0.20178853,0.23280038,0.23280038,0.23280038,0.23280038,0.2121902
411,0.26328102,0.26328102,0.20178853,0.23280038,0.23280038,0.23280038,0.23280038,0.26328102
412,0.26328102,0.26328102,0.20178853,0.23280038,0.23280038,0.23280038,0.23280038,0.2466504
413,0.26328102,0.26328102,0.20178853,0.23280038,0.23280038,0.23280038,0.23280038,0.17888987
414,0.26328102,0.26328102,0.20178853,0.23280038,0.23280038,0.23280038,0.23280038,0.09761983
415,0.26328102,0.26328102,0.20178853,0.23280038,0.23280038,0.23280038,0.23280038,0.14519602
416,0.2121902,0.2121902,0.20178853,0.23280038,0.23280038,0.23280038,0.23280038,0.24562924
417,0.2121902,0.2121902,0.20178853,0.23280038,0.23280038,0.23280038,0.23280038,0.21135272
418,0.2121902,0.2121902,0.20178853,0.23280038,0.23280038,0.23280038,0.23280038,0.2121902
419,0.2121902,0.2121902,0.20178853,0.23280038,0.23280038,0.23280038,0.23280038,0.26328102
420,0.2121902,0.2121902,0.20178853,0.23280038,0.23280038,0.23280038,0.23280038,0.2466504
421,0.2121902,0.2121902,0.20178853,0.23280038,0.23280038,0.23280038,0.23280038,0.17888987
422,0.2121902,0.2121902,0.20178853,0.23280038,0.23280038,0.23280038,0.23280038,0.09761983
423,0.2121902,0.2121902,0.20178853,0.23280038,0.23280038,0.23280038,0.23280038,0.14519602
424,0.13468511,0.13468511,0.20178853,0.23280038,0.23280038,0.23280038,0.23280038,0.24562924
425,0.13468511,0.13468511,0.20178853,0.23280038,0.23280038,0.23280038,0.23280038,0.21135272
426,0.13468511,0.13468511,0.20178853,0.23280038,0.23280038,0.23280038,0.23280038,0.2121902
427,0.13468511,0.13468511,0.20178853,0.23280038,0.23280038,0.23280038,0.23280038,0.26328102
428,0.13468511,0.13468511,0.20178853,0.23280038,0.23280038,0.23280038,0.23280038,0.2466504
429,0.13468511,0.13468511,0.20178853,0.23280038,0.23280038,0.23280038,0.23280038,0.17888987
430,0.13468511,0.13468511,0.20178853,0.23280038,0.23280038,0.23280038,0.23280038,0.09761983
431,0.13468511,0.13468511,0.20178853,0.23280038,0.23280038,0.23280038,0.23280038,0.14519602
432,0.24314453,0.24314453,0.20178853,0.23280038,0.23280038,0.23280038,0.23280038,0.24562924
433,0.24314453,0.24314453,0.20178853,0.23280038,0.23280038,0.23280038,0.23280038,0.21135272
434,0.24314453,0.24314453,0.20178853,0.23280038,0.23280038,0.23280038,0.23280038,0.2121902
435,0.24314453,0.24314453,0.20178853,0.23280038,0.23280038,0.23280038,0.23280038,0.26328102
436,0.24314453,0.24314453,0.20178853,0.23280038,0.23280038,0.23280038,0.23280038,0.2466504
437,0.24314453,0.24314453,0.20178853,0.23280038,0.23280038,0.23280038,0.23280038,0.17888987
438,0.24314453,0.24314453,0.20178853,0.23280038,0.23280038,0.23280038,0.23280038,0.09761983
439,0.24314453,0.24314453,0.20178853,0.23280038,0.23280038,0.23280038,0.23280038,0.14519602
440,0.24562924,0.24562924,0.12345503,0.23280038,0.23280038,0.23280038,0.23280038,0.24562924
441,0.24562924,0.24562924,0.12345503,0.23280038,0.23280038,0.23280038,0.23280038,0.21135272
442,0.24562924,0.24562924,0.12345503,0.23280038,0.23280038,0.23280038,0.23280038,0.2121902
443,0.24562924,0.24562924,0.12345503,0.23280038,0.23280038,0.23280038,0.23280038,0.26328102
444,0.24562924,0.24562924,0.12345503,0.23280038,0.23280038,0.23280038,0.23280038,0.2466504
445,0.24562924,0.24562924,0.12345503,0.23280038,0.23280038,0.23280038,0.23280038,0.17888987
446,0.24562924,0.24562924,0.12345503,0.23280038,0.23280038,0.23280038,0.23280038,0.09761983
447,0.24562924,0.24562924,0.12345503,0.23280038,0.23280038,0.23280038,0.23280038,0.14519602
448,0.26328102,0.26328102,0.12345503,0.23280038,0.23280038,0.23280038,0.23280038,0.24562924
449,0.26328102,0.26328102,0.12345503,0.23280038,0.23280038,0.23280038,0.23280038,0.21135272
450,0.26328102,0.26328102,0.12345503,0.23280038,0.23280038,0.23280038,0.23280038,0.2121902
451,0.26328102,0.26328102,0.12345503,0.23280038,0.23280038,0.23280038,0.23280038,0.26328102
452,0.26328102,0.26328102,0.12345503,0.23280038,0.23280038,0.23280038,0.23280038,0.2466504
453,0.26328102,0.26328102,0.12345503,0.23280038,0.23280038,0.23280038,0.23280038,0.17888987
454,0.26328102,0.26328102,0.12345503,0.23280038,0.23280038,0.23280038,0.23280038,0.09761983
455,0.26328102,0.26328102,0.12345503,0.23280038,0.23280038,0.23280038,0.23280038,0.14519602
456,0.2121902,0.2121902,0.12345503,0.23280038,0.23280038,0.23280038,0.23280038,0.24562924
457,0.2121902,0.2121902,0.12345503,0.23280038,0.23280038,0.23280038,0.23280038,0.21135272
458,0.2121902,0.2121902,0.12345503,0.23280038,0.23280038,0.23280038,0.23280038,0.2121902
459,0.2121902,0.2121902,0.12345503,0.23280038,0.23280038,0.23280038,0.23280038,0.26328102
460,0.2121902,0.2121902,0.12345503,0.23280038,0.23280038,0.23280038,0.23280038,0.2466504
461,0.2121902,0.2121902,0.12345503,0.23280038,0.23280038,0.23280038,0.23280038,0.17888987
462,0.2121902,0.2121902,0.12345503,0.23280038,0.23280038,0.23280038,0.23280038,0.09761983
463,0.2121902,0.2121902,0.12345503,0.23280038,0.23280038,0.23280038,0.23280038,0.14519602
464,0.13468511,0.13468511,0.12345503,0.23280038,0.23280038,0.23280038,0.23280038,0.24562924
465,0.13468511,0.13468511,0.12345503,0.23280038,0.23280038,0.23280038,0.23280038,0.21135272
466,0.13468511,0.13468511,0.12345503,0.23280038,0.23280038,0.23280038,0.23280038,0.2121902
467,0.13468511,0.13468511,0.12345503,0.23280038,0.23280038,0.23280038,0.23280038,0.26328102
468,0.13468511,0.13468511,0.12345503,0.23280038,0.23280038,0.23280038,0.23280038,0.2466504
469,0.13468511,0.13468511,0.12345503,0.23280038,0.23280038,0.23280038,0.23280038,0.17888987
470,0.13468511,0.13468511,0.12345503,0.23280038,0.23280038,0.23280038,0.23280038,0.09761983
471,0.13468511,0.13468511,0.12345503,0.23280038,0.23280038,0.23280038,0.23280038,0.14519602
472,0.24314453,0.24314453,0.12345503,0.23280038,0.23280038,0.23280038,0.23280038,0.24562924
473,0.24314453,0.24314453,0.12345503,0.23280038,0.23280038,0.23280038,0.23280038,0.21135272
474,0.24314453,0.24314453,0.12345503,0.23280038,0.23280038,0.23280038,0.23280038,0.2121902
475,0.24314453,0.24314453,0.12345503,0.23280038,0.23280038,0.23280038,0.23280038,0.26328102
476,0.24314453,0.24314453,0.12345503,0.23280038,0.23280038,0.23280038,0.23280038,0.2466504
477,0.24314453,0.24314453,0.12345503,0.23280038,0.23280038,0.23280038,0.23280038,0.17888987
478,0.24314453,0.24314453,0.12345503,0.23280038,0.23280038,0.23280038,0.23280038,0.09761983
479,0.24314453,0.24314453,0.12345503,0.23280038,0.23280038,0.23280038,0.23280038,0.14519602
480,0.24562924,0.26328102,0.34884757,0.14519602,0.14519602,0.14519602,0.14519602,0.24562924
481,0.24562924,0.26328102,0.34884757,0.14519602,0.14519602,0.14519602,0.14519602,0.21135272
482,0.24562924,0.26328102,0.34884757,0.14519602,0.14519602,0.14519602,0.14519602,0.2121902
483,0.24562924,0.26328102,0.34884757,0.14519602,0.14519602,0.14519602,0.14519602,0.26328102
484,0.24562924,0.26328102,0.34884757,0.14519602,0.14519602,0.14519602,0.14519602,0.2466504
485,0.24562924,0.26328102,0.34884757,0.14519602,0.14519602,0.14519602,0.14519602,0.17888987
486,0.24562924,0.26328102,0.34884757,0.14519602,0.14519602,0.14519602,0.14519602,0.09761983
487,0.24562924,0.26328102,0.34884757,0.14519602,0.14519602,0.14519602,0.14519602,0.14519602
488,0.26328102,0.2121902,0.34884757,0.13827051,0.13827051,0.13827051,0.13827051,0.24562924
489,0.26328102,0.2121902,0.34884757,0.13827051,0.13827051,0.13827051,0.13827051,0.21135272
490,0.26328102,0.2121902,0.34884757,0.13827051,0.13827051,0.13827051,0.13827051,0.2121902
491,0.26328102,0.2121902,0.34884757,0.13827051,0.13827051,0.13827051,0.13827051,0.26328102
492,0.26328102,0.2121902,0.34884757,0.13827051,0.13827051,0.13827051,0.13827051,0.2466504
493,0.26328102,0.2121902,0.34884757,0.13827051,0.13827051,0.13827051,0.13827051,0.17888987
494,0.26328102,0.2121902,0.34884757,0.13827051,0.13827051,0.13827051,0.13827051,0.09761983
495,0.26328102,0.2121902,0.34884757,0.13827051,0.13827051,0.13827051,0.13827051,0.14519602
496,0.2121902,0.24314453,0.20178853,0.13827051,0.13827051,0.13827051,0.13827051,0.24562924
497,0.2121902,0.24314453,0.20178853,0.13827051,0.13827051,0.13827051,0.13827051,0.21135272
498,0.2121902,0.24314453,0.20178853,0.13827051,0.13827051,0.13827051,0.13827051,0.2121902
499,0.2121902,0.24314453,0.20178853,0.13827051,0.13827051,0.13827051,0.13827051,0.26328102
500,0.2121902,0.24314453,0.20178853,0.13827051,0.13827051,0.13827051,0.13827051,0.2466504
501,0.2121902,0.24314453,0.20178853,0.13827051,0.13827051,0.13827051,0.13827051,0.17888987
502,0.2121902,0.24314453,0.20178853,0.13827051,0.13827051,0.13827051,0.13827051,0.09761983
503,0.2121902,0.24314453,0.20178853,0.13827051,0.13827051,0.13827051,0.13827051,0.14519602
504,0.24562924,0.2121902,0.20178853,0.1442311,0.1442311,0.1442311,0.1442311,0.24562924
505,0.24562924,0.2121902,0.20178853,0.1442311,0.1442311,0.1442311,0.1442311,0.21135272
506,0.24562924,0.2121902,0.20178853,0.1442311,0.1442311,0.1442311,0.1442311,0.2121902
507,0.24562924,0.2121902,0.20178853,0.1442311,0.1442311,0.1442311,0.1442311,0.26328102
508,0.24562924,0.2121902,0.20178853,0.1442311,0.1442311,0.1442311,0.1442311,0.2466504
509,0.24562924,0.2121902,0.20178853,0.1442311,0.1442311,0.1442311,0.1442311,0.17888987
510,0.24562924,0.2121902,0.20178853,0.1442311,0.1442311,0.1442311,0.1442311,0.09761983
511,0.24562924,0.2121902,0.20178853,0.1442311,0.1442311,0.1442311,0.1442311,0.14519602
512,0.2121902,0.13468511,0.12345503,0.1442311,0.1442311,0.1442311,0.1442311,0.24562924
513,0.2121902,0.13468511,0.12345503,0.1442311,0.1442311,0.1442311,0.1442311,0.21135272
514,0.2121902,0.13468511,0.12345503,0.1442311,0.1442311,0.1442311,0.1442311,0.2121902
515,0.2121902,0.13468511,0.12345503,0.1442311,0.1442311,0.1442311,0.1442311,0.26328102
516,0.2121902,0.13468511,0.12345503,0.1442311,0.1442311,0.1442311,0.1442311,0.2466504
517,0.2121902,0.13468511,0.12345503,0.1442311,0.1442311,0.1442311,0.1442311,0.17888987
518,0.2121902,0.13468511,0.12345503,0.1442311,0.1442311,0.1442311,0.1442311,0.09761983
519,0.2121902,0.13468511,0.12345503,0.1442311,0.1442311,0.1442311,0.1442311,0.14519602
520,0.13468511,0.24314453,0.12345503,0.23280038,0.23280038,0.23280038,0.23280038,0.24562924
521,0.13468511,0.24314453,0.12345503,0.23280038,0.23280038,0.23280038,0.23280038,0.21135272
522,0.13468511,0.24314453,0.12345503,0.23280038,0.23280038,0.23280038,0.23280038,0.2121902
523,0.13468511,0.24314453,0.12345503,0.23280038,0.23280038,0.23280038,0.23280038,0.26328102
524,0.13468511,0.24314453,0.12345503,0.23280038,0.23280038,0.23280038,0.23280038,0.2466504
525,0.13468511,0.24314453,0.12345503,0.23280038,0.23280038,0.23280038,0.23280038,0.17888987
526,0.13468511,0.24314453,0.12345503,0.23280038,0.23280038,0.23280038,0.23280038,0.09761983
527,0.13468511,0.24314453,0.12345503,0.23280038,0.23280038,0.23280038,0.23280038,0.14519602
528,0.24562924,0.24562924,0.34884757,0.14519602,0.14519602,0.14519602,0.13827051,0.24562924
529,0.24562924,0.24562924,0.34884757,0.14519602,0.14519602,0.14519602,0.13827051,0.21135272
530,0.24562924,0.24562924,0.34884757,0.14519602,0.14519602,0.14519602,0.13827051,0.2121902
531,0.24562924,0.24562924,0.34884757,0.14519602,0.14519602,0.14519602,0.13827051,0.26328102
532,0.24562924,0.24562924,0.34884757,0.14519602,0.14519602,0.14519602,0.13827051,0.2466504
533,0.24562924,0.24562924,0.34884757,0.14519602,0.14519602,0.14519602,0.13827051,0.17888987
534,0.24562924,0.24562924,0.34884757,0.14519602,0.14519602,0.14519602,0.13827051,0.09761983
535,0.24562924,0.24562924,0.34884757,0.14519602,0.14519602,0.14519602,0.13827051,0.14519602
536,0.26328102,0.26328102,0.34884757,0.14519602,0.14519602,0.14519602,0.13827051,0.24562924
537,0.26328102,0.26328102,0.34884757,0.14519602,0.14519602,0.14519602,0.13827051,0.21135272
538,0.26328102,0.26328102,0.34884757,0.14519602,0.14519602,0.14519602,0.13827051,0.2121902
539,0.26328102,0.26328102,0.34884757,0.14519602,0.14519602,0.14519602,0.13827051,0.26328102
540,0.26328102,0.26328102,0.34884757,0.14519602,0.14519602,0.14519602,0.13827051,0.2466504
541,0.26328102,0.26328102,0.34884757,0.14519602,0.14519602,0.14519602,0.13827051,0.17888987
542,0.26328102,0.26328102,0.34884757,0.14519602,0.14519602,0.14519602,0.13827051,0.09761983
543,0.26328102,0.26328102,0.34884757,0.14519602,0.14519602,0.14519602,0.13827051,0.14519602
544,0.24562924,0.24562924,0.20178853,0.13827051,0.13827051,0.13827051,0.1442311,0.24562924
545,0.24562924,0.24562924,0.20178853,0.13827051,0.13827051,0.13827051,0.1442311,0.21135272
546,0.24562924,0.24562924,0.20178853,0.13827051,0.13827051,0.13827051,0.1442311,0.2121902
547,0.24562924,0.24562924,0.20178853,0.13827051,0.13827051,0.13827051,0.1442311,0.26328102
548,0.24562924,0.24562924,0.20178853,0.13827051,0.13827051,0.13827051,0.1442311,0.2466504
549,0.24562924,0.24562924,0.20178853,0.13827051,0.13827051,0.13827051,0.1442311,0.17888987
550,0.24562924,0.24562924,0.20178853,0.13827051,0.13827051,0.13827051,0.1442311,0.09761983
551,0.24562924,0.24562924,0.20178853,0.13827051,0.13827051,0.13827051,0.1442311,0.14519602
552,0.26328102,0.26328102,0.20178853,0.13827051,0.13827051,0.13827051,0.1442311,0.24562924
553,0.26328102,0.26328102,0.20178853,0.13827051,0.13827051,0.13827051,0.1442311,0.21135272
554,0.26328102,0.26328102,0.20178853,0.13827051,0.13827051,0.13827051,0.1442311,0.2121902
555,0.26328102,0.26328102,0.20178853,0.13827051,0.13827051,0.13827051,0.1442311,0.26328102
556,0.26328102,0.26328102,0.20178853,0.13827051,0.13827051,0.13827051,0.1442311,0.2466504
557,0.26328102,0.26328102,0.20178853,0.13827051,0.13827051,0.13827051,0.1442311,0.17888987
558,0.26328102,0.26328102,0.20178853,0.13827051,0.13827051,0.13827051,0.1442311,0.09761983
559,0.26328102,0.26328102,0.20178853,0.13827051,0.13827051,0.13827051,0.1442311,0.14519602
560,0.24562924,0.24562924,0.12345503,0.1442311,0.1442311,0.1442311,0.23280038,0.24562924
561,0.24562924,0.24562924,0.12345503,0.1442311,0.1442311,0.1442311,0.23280038,0.21135272
562,0.24562924,0.24562924,0.12345503,0.1442311,0.1442311,0.1442311,0.23280038,0.2121902
563,0.24562924,0.24562924,0.12345503,0.1442311,0.1442311,0.1442311,0.23280038,0.26328102
564,0.24562924,0.24562924,0.12345503,0.1442311,0.1442311,0.1442311,0.23280038,0.2466504
565,0.24562924,0.24562924,0.12345503,0.1442311,0.1442311,0.1442311,0.23280038,0.17888987
566,0.24562924,0.24562924,0.12345503,0.1442311,0.1442311,0.1442311,0.23280038,0.09761983
567,0.24562924,0.24562924,0.12345503,0.1442311,0.1442311,0.1442311,0.23280038,0.14519602
568,0.26328102,0.26328102,0.12345503,0.1442311,0.1442311,0.1442311,0.23280038,0.24562924
569,0.26328102,0.26328102,0.12345503,0.1442311,0.1442311,0.1442311,0.23280038,0.21135272
570,0.26328102,0.26328102,0.12345503,0.1442311,0.1442311,0.1442311,0.23280038,0.2121902
571,0.26328102,0.26328102,0.12345503,0.1442311,0.1442311,0.1442311,0.23280038,0.26328102
572,0.26328102,0.26328102,0.12345503,0.1442311,0.1442311,0.1442311,0.23280038,0.2466504
573,0.26328102,0.26328102,0.12345503,0.1442311,0.1442311,0.1442311,0.23280038,0.17888987
574,0.26328102,0.26328102,0.12345503,0.1442311,0.1442311,0.1442311,0.23280038,0.09761983
575,0.26328102,0.26328102,0.12345503,0.1442311,0.1442311,0.1442311,0.23280038,0.14519602
576,0.2121902,0.2121902,0.34884757,0.14519602,0.14519602,0.13827051,0.13827051,0.24562924
577,0.2121902,0.2121902,0.34884757,0.14519602,0.14519602,0.13827051,0.13827051,0.21135272
578,0.2121902,0.2121902,0.34884757,0.14519602,0.14519602,0.13827051,0.13827051,0.2121902
579,0.2121902,0.2121902,0.34884757,0.14519602,0.14519602,0.13827051,0.13827051,0.26328102
580,0.2121902,0.2121902,0.34884757,0.14519602,0.14519602,0.13827051,0.13827051,0.2466504
581,0.2121902,0.2121902,0.34884757,0.14519602,0.14519602,0.13827051,0.13827051,0.17888987
582,0.2121902,0.2121902,0.34884757,0.14519602,0.14519602,0.13827051,0.13827051,0.09761983
583,0.2121902,0.2121902,0.34884757,0.14519602,0.14519602,0.13827051,0.13827051,0.14519602
584,0.13468511,0.13468511,0.34884757,0.14519602,0.14519602,0.14519602,0.1442311,0.24562924
585,0.13468511,0.13468511,0.34884757,0.14519602,0.14519602,0.14519602,0.1442311,0.21135272
586,0.13468511,0.13468511,0.34884757,0.14519602,0.14519602,0.14519602,0.1442311,0.2121902
587,0.13468511,0.13468511,0.34884757,0.14519602,0.14519602,0.14519602,0.1442311,0.26328102
588,0.13468511,0.13468511,0.34884757,0.14519602,0.14519602,0.14519602,0.1442311,0.2466504
589,0.13468511,0.13468511,0.34884757,0.14519602,0.14519602,0.14519602,0.1442311,0.17888987
590,0.13468511,0.13468511,0.34884757,0.14519602,0.14519602,0.14519602,0.1442311,0.09761983
591,0.13468511,0.13468511,0.34884757,0.14519602,0.14519602,0.14519602,0.1442311,0.14519602
592,0.2121902,0.2121902,0.20178853,0.1442311,0.1442311,0.23280038,0.13827051,0.24562924
593,0.2121902,0.2121902,0.20178853,0.1442311,0.1442311,0.23280038,0.13827051,0.21135272
594,0.2121902,0.2121902,0.20178853,0.1442311,0.1442311,0.23280038,0.13827051,0.2121902
595,0.2121902,0.2121902,0.20178853,0.1442311,0.1442311,0.23280038,0.13827051,0.26328102
596,0.2121902,0.2121902,0.20178853,0.1442311,0.1442311,0.23280038,0.13827051,0.2466504
597,0.2121902,0.2121902,0.20178853,0.1442311,0.1442311,0.23280038,0.13827051,0.17888987
598,0.2121902,0.2121902,0.20178853,0.1442311,0.1442311,0.23280038,0.13827051,0.09761983
599,0.2121902,0.2121902,0.20178853,0.1442311,0.1442311,0.23280038,0.13827051,0.14519602
600,0.24314453,0.24314453,0.12345503,0.23280038,0.23280038,0.23280038,0.13827051,0.24562924
601,0.24314453,0.24314453,0.12345503,0.23280038,0.23280038,0.23280038,0.13827051,0.21135272
602,0.24314453,0.24314453,0.12345503,0.23280038,0.23280038,0.23280038,0.13827051,0.2121902
603,0.24314453,0.24314453,0.12345503,0.23280038,0.23280038,0.23280038,0.13827051,0.26328102
604,0.24314453,0.24314453,0.12345503,0.23280038,0.23280038,0.23280038,0.13827051,0.2466504
605,0.24314453,0.24314453,0.12345503,0.23280038,0.23280038,0.23280038,0.13827051,0.17888987
606,0.24314453,0.24314453,0.12345503,0.23280038,0.23280038,0.23280038,0.13827051,0.09761983
607,0.24314453,0.24314453,0.12345503,0.23280038,0.23280038,0.23280038,0.13827051,0.14519602
608,0.2121902,0.2121902,0.12345503,0.14519602,0.13827051,0.1442311,0.23280038,0.24562924
609,0.2121902,0.2121902,0.12345503,0.14519602,0.13827051,0.1442311,0.23280038,0.21135272
610,0.2121902,0.2121902,0.12345503,0.14519602,0.13827051,0.1442311,0.23280038,0.2121902
611,0.2121902,0.2121902,0.12345503,0.14519602,0.13827051,0.1442311,0.23280038,0.26328102
612,0.2121902,0.2121902,0.12345503,0.14519602,0.13827051,0.1442311,0.23280038,0.2466504
613,0.2121902,0.2121902,0.12345503,0.14519602,0.13827051,0.1442311,0.23280038,0.17888987
614,0.2121902,0.2121902,0.12345503,0.14519602,0.13827051,0.1442311,0.23280038,0.09761983
615,0.2121902,0.2121902,0.12345503,0.14519602,0.13827051,0.1442311,0.23280038,0.14519602
616,0.24314453,0.24314453,0.20178853,0.1442311,0.1442311,0.23280038,0.23280038,0.24562924
617,0.24314453,0.24314453,0.20178853,0.1442311,0.1442311,0.23280038,0.23280038,0.21135272
618,0.24314453,0.24314453,0.20178853,0.1442311,0.1442311,0.23280038,0.23280038,0.2121902
619,0.24314453,0.24314453,0.20178853,0.1442311,0.1442311,0.23280038,0.23280038,0.26328102
620,0.24314453,0.24314453,0.20178853,0.1442311,0.1442311,0.23280038,0.23280038,0.2466504
621,0.24314453,0.24314453,0.20178853,0.1442311,0.1442311,0.23280038,0.23280038,0.17888987
622,0.24314453,0.24314453,0.20178853,0.1442311,0.1442311,0.23280038,0.23280038,0.09761983
623,0.24314453,0.24314453,0.20178853,0.1442311,0.1442311,0.23280038,0.23280038,0.14519602
624,0.13468511,0.13468511,0.12345503,0.14519602,0.14519602,0.14519602,0.23280038,0.24562924
625,0.13468511,0.13468511,0.12345503,0.14519602,0.14519602,0.14519602,0.23280038,0.21135272
626,0.13468511,0.13468511,0.12345503,0.14519602,0.14519602,0.14519602,0.23280038,0.2121902
627,0.13468511,0.13468511,0.12345503,0.14519602,0.14519602,0.14519602,0.23280038,0.26328102
628,0.13468511,0.13468511,0.12345503,0.14519602,0.14519602,0.14519602,0.23280038,0.2466504
629,0.13468511,0.13468511,0.12345503,0.14519602,0.14519602,0.14519602,0.23280038,0.17888987
630,0.13468511,0.13468511,0.12345503,0.14519602,0.14519602,0.14519602,0.23280038,0.09761983
631,0.13468511,0.13468511,0.12345503,0.14519602,0.14519602,0.14519602,0.23280038,0.14519602
632,0.13468511,0.13468511,0.20178853,0.13827051,0.13827051,0.23280038,0.23280038,0.24562924
633,0.13468511,0.13468511,0.20178853,0.13827051,0.13827051,0.23280038,0.23280038,0.21135272
634,0.13468511,0.13468511,0.20178853,0.13827051,0.13827051,0.23280038,0.23280038,0.2121902
635,0.13468511,0.13468511,0.20178853,0.13827051,0.13827051,0.23280038,0.23280038,0.26328102
636,0.13468511,0.13468511,0.20178853,0.13827051,0.13827051,0.23280038,0.23280038,0.2466504
637,0.13468511,0.13468511,0.20178853,0.13827051,0.13827051,0.23280038,0.23280038,0.17888987
638,0.13468511,0.13468511,0.20178853,0.13827051,0.13827051,0.23280038,0.23280038,0.09761983
639,0.13468511,0.13468511,0.20178853,0.13827051,0.13827051,0.23280038,0.23280038,0.14519602
