Element_1,Element_2,Element_3,Element_4,Element_5,Element_6,Element_7,Octahedral Factor,Tolerance Factor
76.0,76.0,73,133.0,133.0,133.0,133.0,0.5488721804511278,0.7174044527572253
76.0,76.0,73,133.0,133.0,133.0,133.0,0.5488721804511278,0.7174044527572253
76.0,76.0,73,133.0,133.0,133.0,133.0,0.5488721804511278,0.7174044527572253
76.0,76.0,73,133.0,133.0,133.0,133.0,0.5488721804511278,0.7174044527572253
76.0,76.0,73,133.0,133.0,133.0,133.0,0.5488721804511278,0.7174044527572253
76.0,76.0,73,133.0,133.0,133.0,133.0,0.5488721804511278,0.7174044527572253
76.0,76.0,73,133.0,133.0,133.0,133.0,0.5488721804511278,0.7174044527572253
76.0,76.0,73,133.0,133.0,133.0,133.0,0.5488721804511278,0.7174044527572253
102.0,102.0,73,133.0,133.0,133.0,133.0,0.5488721804511278,0.8066509397031003
102.0,102.0,73,133.0,133.0,133.0,133.0,0.5488721804511278,0.8066509397031003
102.0,102.0,73,133.0,133.0,133.0,133.0,0.5488721804511278,0.8066509397031003
102.0,102.0,73,133.0,133.0,133.0,133.0,0.5488721804511278,0.8066509397031003
102.0,102.0,73,133.0,133.0,133.0,133.0,0.5488721804511278,0.8066509397031003
102.0,102.0,73,133.0,133.0,133.0,133.0,0.5488721804511278,0.8066509397031003
102.0,102.0,73,133.0,133.0,133.0,133.0,0.5488721804511278,0.8066509397031003
102.0,102.0,73,133.0,133.0,133.0,133.0,0.5488721804511278,0.8066509397031003
138.0,138.0,73,133.0,133.0,133.0,133.0,0.5488721804511278,0.9302229985512348
138.0,138.0,73,133.0,133.0,133.0,133.0,0.5488721804511278,0.9302229985512348
138.0,138.0,73,133.0,133.0,133.0,133.0,0.5488721804511278,0.9302229985512348
138.0,138.0,73,133.0,133.0,133.0,133.0,0.5488721804511278,0.9302229985512348
138.0,138.0,73,133.0,133.0,133.0,133.0,0.5488721804511278,0.9302229985512348
138.0,138.0,73,133.0,133.0,133.0,133.0,0.5488721804511278,0.9302229985512348
138.0,138.0,73,133.0,133.0,133.0,133.0,0.5488721804511278,0.9302229985512348
138.0,138.0,73,133.0,133.0,133.0,133.0,0.5488721804511278,0.9302229985512348
152.0,152.0,73,133.0,133.0,133.0,133.0,0.5488721804511278,0.9782787992143982
152.0,152.0,73,133.0,133.0,133.0,133.0,0.5488721804511278,0.9782787992143982
152.0,152.0,73,133.0,133.0,133.0,133.0,0.5488721804511278,0.9782787992143982
152.0,152.0,73,133.0,133.0,133.0,133.0,0.5488721804511278,0.9782787992143982
152.0,152.0,73,133.0,133.0,133.0,133.0,0.5488721804511278,0.9782787992143982
152.0,152.0,73,133.0,133.0,133.0,133.0,0.5488721804511278,0.9782787992143982
152.0,152.0,73,133.0,133.0,133.0,133.0,0.5488721804511278,0.9782787992143982
152.0,152.0,73,133.0,133.0,133.0,133.0,0.5488721804511278,0.9782787992143982
167.0,167.0,73,133.0,133.0,133.0,133.0,0.5488721804511278,1.0297671570677875
167.0,167.0,73,133.0,133.0,133.0,133.0,0.5488721804511278,1.0297671570677875
167.0,167.0,73,133.0,133.0,133.0,133.0,0.5488721804511278,1.0297671570677875
167.0,167.0,73,133.0,133.0,133.0,133.0,0.5488721804511278,1.0297671570677875
167.0,167.0,73,133.0,133.0,133.0,133.0,0.5488721804511278,1.0297671570677875
167.0,167.0,73,133.0,133.0,133.0,133.0,0.5488721804511278,1.0297671570677875
167.0,167.0,73,133.0,133.0,133.0,133.0,0.5488721804511278,1.0297671570677875
167.0,167.0,73,133.0,133.0,133.0,133.0,0.5488721804511278,1.0297671570677875
76.0,76.0,112,133.0,133.0,133.0,133.0,0.8421052631578947,0.6032053766040344
76.0,76.0,112,133.0,133.0,133.0,133.0,0.8421052631578947,0.6032053766040344
76.0,76.0,112,133.0,133.0,133.0,133.0,0.8421052631578947,0.6032053766040344
76.0,76.0,112,133.0,133.0,133.0,133.0,0.8421052631578947,0.6032053766040344
76.0,76.0,112,133.0,133.0,133.0,133.0,0.8421052631578947,0.6032053766040344
76.0,76.0,112,133.0,133.0,133.0,133.0,0.8421052631578947,0.6032053766040344
76.0,76.0,112,133.0,133.0,133.0,133.0,0.8421052631578947,0.6032053766040344
76.0,76.0,112,133.0,133.0,133.0,133.0,0.8421052631578947,0.6032053766040344
102.0,102.0,112,133.0,133.0,133.0,133.0,0.8421052631578947,0.6782452799136272
102.0,102.0,112,133.0,133.0,133.0,133.0,0.8421052631578947,0.6782452799136272
102.0,102.0,112,133.0,133.0,133.0,133.0,0.8421052631578947,0.6782452799136272
102.0,102.0,112,133.0,133.0,133.0,133.0,0.8421052631578947,0.6782452799136272
102.0,102.0,112,133.0,133.0,133.0,133.0,0.8421052631578947,0.6782452799136272
102.0,102.0,112,133.0,133.0,133.0,133.0,0.8421052631578947,0.6782452799136272
102.0,102.0,112,133.0,133.0,133.0,133.0,0.8421052631578947,0.6782452799136272
102.0,102.0,112,133.0,133.0,133.0,133.0,0.8421052631578947,0.6782452799136272
138.0,138.0,112,133.0,133.0,133.0,133.0,0.8421052631578947,0.7821466844961403
138.0,138.0,112,133.0,133.0,133.0,133.0,0.8421052631578947,0.7821466844961403
138.0,138.0,112,133.0,133.0,133.0,133.0,0.8421052631578947,0.7821466844961403
138.0,138.0,112,133.0,133.0,133.0,133.0,0.8421052631578947,0.7821466844961403
138.0,138.0,112,133.0,133.0,133.0,133.0,0.8421052631578947,0.7821466844961403
138.0,138.0,112,133.0,133.0,133.0,133.0,0.8421052631578947,0.7821466844961403
138.0,138.0,112,133.0,133.0,133.0,133.0,0.8421052631578947,0.7821466844961403
138.0,138.0,112,133.0,133.0,133.0,133.0,0.8421052631578947,0.7821466844961403
152.0,152.0,112,133.0,133.0,133.0,133.0,0.8421052631578947,0.8225527862782287
152.0,152.0,112,133.0,133.0,133.0,133.0,0.8421052631578947,0.8225527862782287
152.0,152.0,112,133.0,133.0,133.0,133.0,0.8421052631578947,0.8225527862782287
152.0,152.0,112,133.0,133.0,133.0,133.0,0.8421052631578947,0.8225527862782287
152.0,152.0,112,133.0,133.0,133.0,133.0,0.8421052631578947,0.8225527862782287
152.0,152.0,112,133.0,133.0,133.0,133.0,0.8421052631578947,0.8225527862782287
152.0,152.0,112,133.0,133.0,133.0,133.0,0.8421052631578947,0.8225527862782287
152.0,152.0,112,133.0,133.0,133.0,133.0,0.8421052631578947,0.8225527862782287
167.0,167.0,112,133.0,133.0,133.0,133.0,0.8421052631578947,0.8658450381876092
167.0,167.0,112,133.0,133.0,133.0,133.0,0.8421052631578947,0.8658450381876092
167.0,167.0,112,133.0,133.0,133.0,133.0,0.8421052631578947,0.8658450381876092
167.0,167.0,112,133.0,133.0,133.0,133.0,0.8421052631578947,0.8658450381876092
167.0,167.0,112,133.0,133.0,133.0,133.0,0.8421052631578947,0.8658450381876092
167.0,167.0,112,133.0,133.0,133.0,133.0,0.8421052631578947,0.8658450381876092
167.0,167.0,112,133.0,133.0,133.0,133.0,0.8421052631578947,0.8658450381876092
167.0,167.0,112,133.0,133.0,133.0,133.0,0.8421052631578947,0.8658450381876092
76.0,76.0,119,133.0,133.0,133.0,133.0,0.8947368421052632,0.5864496716983667
76.0,76.0,119,133.0,133.0,133.0,133.0,0.8947368421052632,0.5864496716983667
76.0,76.0,119,133.0,133.0,133.0,133.0,0.8947368421052632,0.5864496716983667
76.0,76.0,119,133.0,133.0,133.0,133.0,0.8947368421052632,0.5864496716983667
76.0,76.0,119,133.0,133.0,133.0,133.0,0.8947368421052632,0.5864496716983667
76.0,76.0,119,133.0,133.0,133.0,133.0,0.8947368421052632,0.5864496716983667
76.0,76.0,119,133.0,133.0,133.0,133.0,0.8947368421052632,0.5864496716983667
76.0,76.0,119,133.0,133.0,133.0,133.0,0.8947368421052632,0.5864496716983667
102.0,102.0,119,133.0,133.0,133.0,133.0,0.8947368421052632,0.6594051332493597
102.0,102.0,119,133.0,133.0,133.0,133.0,0.8947368421052632,0.6594051332493597
102.0,102.0,119,133.0,133.0,133.0,133.0,0.8947368421052632,0.6594051332493597
102.0,102.0,119,133.0,133.0,133.0,133.0,0.8947368421052632,0.6594051332493597
102.0,102.0,119,133.0,133.0,133.0,133.0,0.8947368421052632,0.6594051332493597
102.0,102.0,119,133.0,133.0,133.0,133.0,0.8947368421052632,0.6594051332493597
102.0,102.0,119,133.0,133.0,133.0,133.0,0.8947368421052632,0.6594051332493597
102.0,102.0,119,133.0,133.0,133.0,133.0,0.8947368421052632,0.6594051332493597
138.0,138.0,119,133.0,133.0,133.0,133.0,0.8947368421052632,0.7604203877045808
138.0,138.0,119,133.0,133.0,133.0,133.0,0.8947368421052632,0.7604203877045808
138.0,138.0,119,133.0,133.0,133.0,133.0,0.8947368421052632,0.7604203877045808
138.0,138.0,119,133.0,133.0,133.0,133.0,0.8947368421052632,0.7604203877045808
138.0,138.0,119,133.0,133.0,133.0,133.0,0.8947368421052632,0.7604203877045808
138.0,138.0,119,133.0,133.0,133.0,133.0,0.8947368421052632,0.7604203877045808
138.0,138.0,119,133.0,133.0,133.0,133.0,0.8947368421052632,0.7604203877045808
138.0,138.0,119,133.0,133.0,133.0,133.0,0.8947368421052632,0.7604203877045808
152.0,152.0,119,133.0,133.0,133.0,133.0,0.8947368421052632,0.7997040977705001
152.0,152.0,119,133.0,133.0,133.0,133.0,0.8947368421052632,0.7997040977705001
152.0,152.0,119,133.0,133.0,133.0,133.0,0.8947368421052632,0.7997040977705001
152.0,152.0,119,133.0,133.0,133.0,133.0,0.8947368421052632,0.7997040977705001
152.0,152.0,119,133.0,133.0,133.0,133.0,0.8947368421052632,0.7997040977705001
152.0,152.0,119,133.0,133.0,133.0,133.0,0.8947368421052632,0.7997040977705001
152.0,152.0,119,133.0,133.0,133.0,133.0,0.8947368421052632,0.7997040977705001
152.0,152.0,119,133.0,133.0,133.0,133.0,0.8947368421052632,0.7997040977705001
167.0,167.0,119,133.0,133.0,133.0,133.0,0.8947368421052632,0.8417937871268422
167.0,167.0,119,133.0,133.0,133.0,133.0,0.8947368421052632,0.8417937871268422
167.0,167.0,119,133.0,133.0,133.0,133.0,0.8947368421052632,0.8417937871268422
167.0,167.0,119,133.0,133.0,133.0,133.0,0.8947368421052632,0.8417937871268422
167.0,167.0,119,133.0,133.0,133.0,133.0,0.8947368421052632,0.8417937871268422
167.0,167.0,119,133.0,133.0,133.0,133.0,0.8947368421052632,0.8417937871268422
167.0,167.0,119,133.0,133.0,133.0,133.0,0.8947368421052632,0.8417937871268422
167.0,167.0,119,133.0,133.0,133.0,133.0,0.8947368421052632,0.8417937871268422
76.0,76.0,73,181.0,181.0,181.0,181.0,0.40331491712707185,0.7154584360824516
76.0,76.0,73,181.0,181.0,181.0,181.0,0.40331491712707185,0.7154584360824516
76.0,76.0,73,181.0,181.0,181.0,181.0,0.40331491712707185,0.7154584360824516
76.0,76.0,73,181.0,181.0,181.0,181.0,0.40331491712707185,0.7154584360824516
76.0,76.0,73,181.0,181.0,181.0,181.0,0.40331491712707185,0.7154584360824516
76.0,76.0,73,181.0,181.0,181.0,181.0,0.40331491712707185,0.7154584360824516
76.0,76.0,73,181.0,181.0,181.0,181.0,0.40331491712707185,0.7154584360824516
76.0,76.0,73,181.0,181.0,181.0,181.0,0.40331491712707185,0.7154584360824516
102.0,102.0,73,181.0,181.0,181.0,181.0,0.40331491712707185,0.7878394451802871
102.0,102.0,73,181.0,181.0,181.0,181.0,0.40331491712707185,0.7878394451802871
102.0,102.0,73,181.0,181.0,181.0,181.0,0.40331491712707185,0.7878394451802871
102.0,102.0,73,181.0,181.0,181.0,181.0,0.40331491712707185,0.7878394451802871
102.0,102.0,73,181.0,181.0,181.0,181.0,0.40331491712707185,0.7878394451802871
102.0,102.0,73,181.0,181.0,181.0,181.0,0.40331491712707185,0.7878394451802871
102.0,102.0,73,181.0,181.0,181.0,181.0,0.40331491712707185,0.7878394451802871
102.0,102.0,73,181.0,181.0,181.0,181.0,0.40331491712707185,0.7878394451802871
138.0,138.0,73,181.0,181.0,181.0,181.0,0.40331491712707185,0.8880593039311364
138.0,138.0,73,181.0,181.0,181.0,181.0,0.40331491712707185,0.8880593039311364
138.0,138.0,73,181.0,181.0,181.0,181.0,0.40331491712707185,0.8880593039311364
138.0,138.0,73,181.0,181.0,181.0,181.0,0.40331491712707185,0.8880593039311364
138.0,138.0,73,181.0,181.0,181.0,181.0,0.40331491712707185,0.8880593039311364
138.0,138.0,73,181.0,181.0,181.0,181.0,0.40331491712707185,0.8880593039311364
138.0,138.0,73,181.0,181.0,181.0,181.0,0.40331491712707185,0.8880593039311364
138.0,138.0,73,181.0,181.0,181.0,181.0,0.40331491712707185,0.8880593039311364
152.0,152.0,73,181.0,181.0,181.0,181.0,0.40331491712707185,0.9270336934453556
152.0,152.0,73,181.0,181.0,181.0,181.0,0.40331491712707185,0.9270336934453556
152.0,152.0,73,181.0,181.0,181.0,181.0,0.40331491712707185,0.9270336934453556
152.0,152.0,73,181.0,181.0,181.0,181.0,0.40331491712707185,0.9270336934453556
152.0,152.0,73,181.0,181.0,181.0,181.0,0.40331491712707185,0.9270336934453556
152.0,152.0,73,181.0,181.0,181.0,181.0,0.40331491712707185,0.9270336934453556
152.0,152.0,73,181.0,181.0,181.0,181.0,0.40331491712707185,0.9270336934453556
152.0,152.0,73,181.0,181.0,181.0,181.0,0.40331491712707185,0.9270336934453556
167.0,167.0,73,181.0,181.0,181.0,181.0,0.40331491712707185,0.9687919679248761
167.0,167.0,73,181.0,181.0,181.0,181.0,0.40331491712707185,0.9687919679248761
167.0,167.0,73,181.0,181.0,181.0,181.0,0.40331491712707185,0.9687919679248761
167.0,167.0,73,181.0,181.0,181.0,181.0,0.40331491712707185,0.9687919679248761
167.0,167.0,73,181.0,181.0,181.0,181.0,0.40331491712707185,0.9687919679248761
167.0,167.0,73,181.0,181.0,181.0,181.0,0.40331491712707185,0.9687919679248761
167.0,167.0,73,181.0,181.0,181.0,181.0,0.40331491712707185,0.9687919679248761
167.0,167.0,73,181.0,181.0,181.0,181.0,0.40331491712707185,0.9687919679248761
76.0,76.0,112,181.0,181.0,181.0,181.0,0.6187845303867403,0.6202267671158453
76.0,76.0,112,181.0,181.0,181.0,181.0,0.6187845303867403,0.6202267671158453
76.0,76.0,112,181.0,181.0,181.0,181.0,0.6187845303867403,0.6202267671158453
76.0,76.0,112,181.0,181.0,181.0,181.0,0.6187845303867403,0.6202267671158453
76.0,76.0,112,181.0,181.0,181.0,181.0,0.6187845303867403,0.6202267671158453
76.0,76.0,112,181.0,181.0,181.0,181.0,0.6187845303867403,0.6202267671158453
76.0,76.0,112,181.0,181.0,181.0,181.0,0.6187845303867403,0.6202267671158453
76.0,76.0,112,181.0,181.0,181.0,181.0,0.6187845303867403,0.6202267671158453
102.0,102.0,112,181.0,181.0,181.0,181.0,0.6187845303867403,0.6829734439446857
102.0,102.0,112,181.0,181.0,181.0,181.0,0.6187845303867403,0.6829734439446857
102.0,102.0,112,181.0,181.0,181.0,181.0,0.6187845303867403,0.6829734439446857
102.0,102.0,112,181.0,181.0,181.0,181.0,0.6187845303867403,0.6829734439446857
102.0,102.0,112,181.0,181.0,181.0,181.0,0.6187845303867403,0.6829734439446857
102.0,102.0,112,181.0,181.0,181.0,181.0,0.6187845303867403,0.6829734439446857
102.0,102.0,112,181.0,181.0,181.0,181.0,0.6187845303867403,0.6829734439446857
102.0,102.0,112,181.0,181.0,181.0,181.0,0.6187845303867403,0.6829734439446857
138.0,138.0,112,181.0,181.0,181.0,181.0,0.6187845303867403,0.7698534580153878
138.0,138.0,112,181.0,181.0,181.0,181.0,0.6187845303867403,0.7698534580153878
138.0,138.0,112,181.0,181.0,181.0,181.0,0.6187845303867403,0.7698534580153878
138.0,138.0,112,181.0,181.0,181.0,181.0,0.6187845303867403,0.7698534580153878
138.0,138.0,112,181.0,181.0,181.0,181.0,0.6187845303867403,0.7698534580153878
138.0,138.0,112,181.0,181.0,181.0,181.0,0.6187845303867403,0.7698534580153878
138.0,138.0,112,181.0,181.0,181.0,181.0,0.6187845303867403,0.7698534580153878
138.0,138.0,112,181.0,181.0,181.0,181.0,0.6187845303867403,0.7698534580153878
152.0,152.0,112,181.0,181.0,181.0,181.0,0.6187845303867403,0.8036401301539942
152.0,152.0,112,181.0,181.0,181.0,181.0,0.6187845303867403,0.8036401301539942
152.0,152.0,112,181.0,181.0,181.0,181.0,0.6187845303867403,0.8036401301539942
152.0,152.0,112,181.0,181.0,181.0,181.0,0.6187845303867403,0.8036401301539942
152.0,152.0,112,181.0,181.0,181.0,181.0,0.6187845303867403,0.8036401301539942
152.0,152.0,112,181.0,181.0,181.0,181.0,0.6187845303867403,0.8036401301539942
152.0,152.0,112,181.0,181.0,181.0,181.0,0.6187845303867403,0.8036401301539942
152.0,152.0,112,181.0,181.0,181.0,181.0,0.6187845303867403,0.8036401301539942
167.0,167.0,112,181.0,181.0,181.0,181.0,0.6187845303867403,0.8398401360167868
167.0,167.0,112,181.0,181.0,181.0,181.0,0.6187845303867403,0.8398401360167868
167.0,167.0,112,181.0,181.0,181.0,181.0,0.6187845303867403,0.8398401360167868
167.0,167.0,112,181.0,181.0,181.0,181.0,0.6187845303867403,0.8398401360167868
167.0,167.0,112,181.0,181.0,181.0,181.0,0.6187845303867403,0.8398401360167868
167.0,167.0,112,181.0,181.0,181.0,181.0,0.6187845303867403,0.8398401360167868
167.0,167.0,112,181.0,181.0,181.0,181.0,0.6187845303867403,0.8398401360167868
167.0,167.0,112,181.0,181.0,181.0,181.0,0.6187845303867403,0.8398401360167868
76.0,76.0,119,181.0,181.0,181.0,181.0,0.6574585635359116,0.6057548092164757
76.0,76.0,119,181.0,181.0,181.0,181.0,0.6574585635359116,0.6057548092164757
76.0,76.0,119,181.0,181.0,181.0,181.0,0.6574585635359116,0.6057548092164757
76.0,76.0,119,181.0,181.0,181.0,181.0,0.6574585635359116,0.6057548092164757
76.0,76.0,119,181.0,181.0,181.0,181.0,0.6574585635359116,0.6057548092164757
76.0,76.0,119,181.0,181.0,181.0,181.0,0.6574585635359116,0.6057548092164757
76.0,76.0,119,181.0,181.0,181.0,181.0,0.6574585635359116,0.6057548092164757
76.0,76.0,119,181.0,181.0,181.0,181.0,0.6574585635359116,0.6057548092164757
102.0,102.0,119,181.0,181.0,181.0,181.0,0.6574585635359116,0.6670373969193099
102.0,102.0,119,181.0,181.0,181.0,181.0,0.6574585635359116,0.6670373969193099
102.0,102.0,119,181.0,181.0,181.0,181.0,0.6574585635359116,0.6670373969193099
102.0,102.0,119,181.0,181.0,181.0,181.0,0.6574585635359116,0.6670373969193099
102.0,102.0,119,181.0,181.0,181.0,181.0,0.6574585635359116,0.6670373969193099
102.0,102.0,119,181.0,181.0,181.0,181.0,0.6574585635359116,0.6670373969193099
102.0,102.0,119,181.0,181.0,181.0,181.0,0.6574585635359116,0.6670373969193099
102.0,102.0,119,181.0,181.0,181.0,181.0,0.6574585635359116,0.6670373969193099
138.0,138.0,119,181.0,181.0,181.0,181.0,0.6574585635359116,0.7518902106616955
138.0,138.0,119,181.0,181.0,181.0,181.0,0.6574585635359116,0.7518902106616955
138.0,138.0,119,181.0,181.0,181.0,181.0,0.6574585635359116,0.7518902106616955
138.0,138.0,119,181.0,181.0,181.0,181.0,0.6574585635359116,0.7518902106616955
138.0,138.0,119,181.0,181.0,181.0,181.0,0.6574585635359116,0.7518902106616955
138.0,138.0,119,181.0,181.0,181.0,181.0,0.6574585635359116,0.7518902106616955
138.0,138.0,119,181.0,181.0,181.0,181.0,0.6574585635359116,0.7518902106616955
138.0,138.0,119,181.0,181.0,181.0,181.0,0.6574585635359116,0.7518902106616955
152.0,152.0,119,181.0,181.0,181.0,181.0,0.6574585635359116,0.7848885271170677
152.0,152.0,119,181.0,181.0,181.0,181.0,0.6574585635359116,0.7848885271170677
152.0,152.0,119,181.0,181.0,181.0,181.0,0.6574585635359116,0.7848885271170677
152.0,152.0,119,181.0,181.0,181.0,181.0,0.6574585635359116,0.7848885271170677
152.0,152.0,119,181.0,181.0,181.0,181.0,0.6574585635359116,0.7848885271170677
152.0,152.0,119,181.0,181.0,181.0,181.0,0.6574585635359116,0.7848885271170677
152.0,152.0,119,181.0,181.0,181.0,181.0,0.6574585635359116,0.7848885271170677
152.0,152.0,119,181.0,181.0,181.0,181.0,0.6574585635359116,0.7848885271170677
167.0,167.0,119,181.0,181.0,181.0,181.0,0.6574585635359116,0.8202438661763951
167.0,167.0,119,181.0,181.0,181.0,181.0,0.6574585635359116,0.8202438661763951
167.0,167.0,119,181.0,181.0,181.0,181.0,0.6574585635359116,0.8202438661763951
167.0,167.0,119,181.0,181.0,181.0,181.0,0.6574585635359116,0.8202438661763951
167.0,167.0,119,181.0,181.0,181.0,181.0,0.6574585635359116,0.8202438661763951
167.0,167.0,119,181.0,181.0,181.0,181.0,0.6574585635359116,0.8202438661763951
167.0,167.0,119,181.0,181.0,181.0,181.0,0.6574585635359116,0.8202438661763951
167.0,167.0,119,181.0,181.0,181.0,181.0,0.6574585635359116,0.8202438661763951
76.0,76.0,73,196.0,196.0,196.0,196.0,0.37244897959183676,0.7149927304191113
76.0,76.0,73,196.0,196.0,196.0,196.0,0.37244897959183676,0.7149927304191113
76.0,76.0,73,196.0,196.0,196.0,196.0,0.37244897959183676,0.7149927304191113
76.0,76.0,73,196.0,196.0,196.0,196.0,0.37244897959183676,0.7149927304191113
76.0,76.0,73,196.0,196.0,196.0,196.0,0.37244897959183676,0.7149927304191113
76.0,76.0,73,196.0,196.0,196.0,196.0,0.37244897959183676,0.7149927304191113
76.0,76.0,73,196.0,196.0,196.0,196.0,0.37244897959183676,0.7149927304191113
76.0,76.0,73,196.0,196.0,196.0,196.0,0.37244897959183676,0.7149927304191113
102.0,102.0,73,196.0,196.0,196.0,196.0,0.37244897959183676,0.7833376237679969
102.0,102.0,73,196.0,196.0,196.0,196.0,0.37244897959183676,0.7833376237679969
102.0,102.0,73,196.0,196.0,196.0,196.0,0.37244897959183676,0.7833376237679969
102.0,102.0,73,196.0,196.0,196.0,196.0,0.37244897959183676,0.7833376237679969
102.0,102.0,73,196.0,196.0,196.0,196.0,0.37244897959183676,0.7833376237679969
102.0,102.0,73,196.0,196.0,196.0,196.0,0.37244897959183676,0.7833376237679969
102.0,102.0,73,196.0,196.0,196.0,196.0,0.37244897959183676,0.7833376237679969
102.0,102.0,73,196.0,196.0,196.0,196.0,0.37244897959183676,0.7833376237679969
138.0,138.0,73,196.0,196.0,196.0,196.0,0.37244897959183676,0.8779690145587616
138.0,138.0,73,196.0,196.0,196.0,196.0,0.37244897959183676,0.8779690145587616
138.0,138.0,73,196.0,196.0,196.0,196.0,0.37244897959183676,0.8779690145587616
138.0,138.0,73,196.0,196.0,196.0,196.0,0.37244897959183676,0.8779690145587616
138.0,138.0,73,196.0,196.0,196.0,196.0,0.37244897959183676,0.8779690145587616
138.0,138.0,73,196.0,196.0,196.0,196.0,0.37244897959183676,0.8779690145587616
138.0,138.0,73,196.0,196.0,196.0,196.0,0.37244897959183676,0.8779690145587616
138.0,138.0,73,196.0,196.0,196.0,196.0,0.37244897959183676,0.8779690145587616
152.0,152.0,73,196.0,196.0,196.0,196.0,0.37244897959183676,0.9147701109773924
152.0,152.0,73,196.0,196.0,196.0,196.0,0.37244897959183676,0.9147701109773924
152.0,152.0,73,196.0,196.0,196.0,196.0,0.37244897959183676,0.9147701109773924
152.0,152.0,73,196.0,196.0,196.0,196.0,0.37244897959183676,0.9147701109773924
152.0,152.0,73,196.0,196.0,196.0,196.0,0.37244897959183676,0.9147701109773924
152.0,152.0,73,196.0,196.0,196.0,196.0,0.37244897959183676,0.9147701109773924
152.0,152.0,73,196.0,196.0,196.0,196.0,0.37244897959183676,0.9147701109773924
152.0,152.0,73,196.0,196.0,196.0,196.0,0.37244897959183676,0.9147701109773924
167.0,167.0,73,196.0,196.0,196.0,196.0,0.37244897959183676,0.9541998571402109
167.0,167.0,73,196.0,196.0,196.0,196.0,0.37244897959183676,0.9541998571402109
167.0,167.0,73,196.0,196.0,196.0,196.0,0.37244897959183676,0.9541998571402109
167.0,167.0,73,196.0,196.0,196.0,196.0,0.37244897959183676,0.9541998571402109
167.0,167.0,73,196.0,196.0,196.0,196.0,0.37244897959183676,0.9541998571402109
167.0,167.0,73,196.0,196.0,196.0,196.0,0.37244897959183676,0.9541998571402109
167.0,167.0,73,196.0,196.0,196.0,196.0,0.37244897959183676,0.9541998571402109
167.0,167.0,73,196.0,196.0,196.0,196.0,0.37244897959183676,0.9541998571402109
76.0,76.0,112,196.0,196.0,196.0,196.0,0.5714285714285714,0.6244579366322757
76.0,76.0,112,196.0,196.0,196.0,196.0,0.5714285714285714,0.6244579366322757
76.0,76.0,112,196.0,196.0,196.0,196.0,0.5714285714285714,0.6244579366322757
76.0,76.0,112,196.0,196.0,196.0,196.0,0.5714285714285714,0.6244579366322757
76.0,76.0,112,196.0,196.0,196.0,196.0,0.5714285714285714,0.6244579366322757
76.0,76.0,112,196.0,196.0,196.0,196.0,0.5714285714285714,0.6244579366322757
76.0,76.0,112,196.0,196.0,196.0,196.0,0.5714285714285714,0.6244579366322757
76.0,76.0,112,196.0,196.0,196.0,196.0,0.5714285714285714,0.6244579366322757
102.0,102.0,112,196.0,196.0,196.0,196.0,0.5714285714285714,0.6841487688103608
102.0,102.0,112,196.0,196.0,196.0,196.0,0.5714285714285714,0.6841487688103608
102.0,102.0,112,196.0,196.0,196.0,196.0,0.5714285714285714,0.6841487688103608
102.0,102.0,112,196.0,196.0,196.0,196.0,0.5714285714285714,0.6841487688103608
102.0,102.0,112,196.0,196.0,196.0,196.0,0.5714285714285714,0.6841487688103608
102.0,102.0,112,196.0,196.0,196.0,196.0,0.5714285714285714,0.6841487688103608
102.0,102.0,112,196.0,196.0,196.0,196.0,0.5714285714285714,0.6841487688103608
102.0,102.0,112,196.0,196.0,196.0,196.0,0.5714285714285714,0.6841487688103608
138.0,138.0,112,196.0,196.0,196.0,196.0,0.5714285714285714,0.7667976133646326
138.0,138.0,112,196.0,196.0,196.0,196.0,0.5714285714285714,0.7667976133646326
138.0,138.0,112,196.0,196.0,196.0,196.0,0.5714285714285714,0.7667976133646326
138.0,138.0,112,196.0,196.0,196.0,196.0,0.5714285714285714,0.7667976133646326
138.0,138.0,112,196.0,196.0,196.0,196.0,0.5714285714285714,0.7667976133646326
138.0,138.0,112,196.0,196.0,196.0,196.0,0.5714285714285714,0.7667976133646326
138.0,138.0,112,196.0,196.0,196.0,196.0,0.5714285714285714,0.7667976133646326
138.0,138.0,112,196.0,196.0,196.0,196.0,0.5714285714285714,0.7667976133646326
152.0,152.0,112,196.0,196.0,196.0,196.0,0.5714285714285714,0.7989388306912939
152.0,152.0,112,196.0,196.0,196.0,196.0,0.5714285714285714,0.7989388306912939
152.0,152.0,112,196.0,196.0,196.0,196.0,0.5714285714285714,0.7989388306912939
152.0,152.0,112,196.0,196.0,196.0,196.0,0.5714285714285714,0.7989388306912939
152.0,152.0,112,196.0,196.0,196.0,196.0,0.5714285714285714,0.7989388306912939
152.0,152.0,112,196.0,196.0,196.0,196.0,0.5714285714285714,0.7989388306912939
152.0,152.0,112,196.0,196.0,196.0,196.0,0.5714285714285714,0.7989388306912939
152.0,152.0,112,196.0,196.0,196.0,196.0,0.5714285714285714,0.7989388306912939
167.0,167.0,112,196.0,196.0,196.0,196.0,0.5714285714285714,0.8333758492555737
167.0,167.0,112,196.0,196.0,196.0,196.0,0.5714285714285714,0.8333758492555737
167.0,167.0,112,196.0,196.0,196.0,196.0,0.5714285714285714,0.8333758492555737
167.0,167.0,112,196.0,196.0,196.0,196.0,0.5714285714285714,0.8333758492555737
167.0,167.0,112,196.0,196.0,196.0,196.0,0.5714285714285714,0.8333758492555737
167.0,167.0,112,196.0,196.0,196.0,196.0,0.5714285714285714,0.8333758492555737
167.0,167.0,112,196.0,196.0,196.0,196.0,0.5714285714285714,0.8333758492555737
167.0,167.0,112,196.0,196.0,196.0,196.0,0.5714285714285714,0.8333758492555737
76.0,76.0,119,196.0,196.0,196.0,196.0,0.6071428571428571,0.6105810935960029
76.0,76.0,119,196.0,196.0,196.0,196.0,0.6071428571428571,0.6105810935960029
76.0,76.0,119,196.0,196.0,196.0,196.0,0.6071428571428571,0.6105810935960029
76.0,76.0,119,196.0,196.0,196.0,196.0,0.6071428571428571,0.6105810935960029
76.0,76.0,119,196.0,196.0,196.0,196.0,0.6071428571428571,0.6105810935960029
76.0,76.0,119,196.0,196.0,196.0,196.0,0.6071428571428571,0.6105810935960029
76.0,76.0,119,196.0,196.0,196.0,196.0,0.6071428571428571,0.6105810935960029
76.0,76.0,119,196.0,196.0,196.0,196.0,0.6071428571428571,0.6105810935960029
102.0,102.0,119,196.0,196.0,196.0,196.0,0.6071428571428571,0.6689454628367973
102.0,102.0,119,196.0,196.0,196.0,196.0,0.6071428571428571,0.6689454628367973
102.0,102.0,119,196.0,196.0,196.0,196.0,0.6071428571428571,0.6689454628367973
102.0,102.0,119,196.0,196.0,196.0,196.0,0.6071428571428571,0.6689454628367973
102.0,102.0,119,196.0,196.0,196.0,196.0,0.6071428571428571,0.6689454628367973
102.0,102.0,119,196.0,196.0,196.0,196.0,0.6071428571428571,0.6689454628367973
102.0,102.0,119,196.0,196.0,196.0,196.0,0.6071428571428571,0.6689454628367973
102.0,102.0,119,196.0,196.0,196.0,196.0,0.6071428571428571,0.6689454628367973
138.0,138.0,119,196.0,196.0,196.0,196.0,0.6071428571428571,0.7497576664009742
138.0,138.0,119,196.0,196.0,196.0,196.0,0.6071428571428571,0.7497576664009742
138.0,138.0,119,196.0,196.0,196.0,196.0,0.6071428571428571,0.7497576664009742
138.0,138.0,119,196.0,196.0,196.0,196.0,0.6071428571428571,0.7497576664009742
138.0,138.0,119,196.0,196.0,196.0,196.0,0.6071428571428571,0.7497576664009742
138.0,138.0,119,196.0,196.0,196.0,196.0,0.6071428571428571,0.7497576664009742
138.0,138.0,119,196.0,196.0,196.0,196.0,0.6071428571428571,0.7497576664009742
138.0,138.0,119,196.0,196.0,196.0,196.0,0.6071428571428571,0.7497576664009742
152.0,152.0,119,196.0,196.0,196.0,196.0,0.6071428571428571,0.7811846344537097
152.0,152.0,119,196.0,196.0,196.0,196.0,0.6071428571428571,0.7811846344537097
152.0,152.0,119,196.0,196.0,196.0,196.0,0.6071428571428571,0.7811846344537097
152.0,152.0,119,196.0,196.0,196.0,196.0,0.6071428571428571,0.7811846344537097
152.0,152.0,119,196.0,196.0,196.0,196.0,0.6071428571428571,0.7811846344537097
152.0,152.0,119,196.0,196.0,196.0,196.0,0.6071428571428571,0.7811846344537097
152.0,152.0,119,196.0,196.0,196.0,196.0,0.6071428571428571,0.7811846344537097
152.0,152.0,119,196.0,196.0,196.0,196.0,0.6071428571428571,0.7811846344537097
167.0,167.0,119,196.0,196.0,196.0,196.0,0.6071428571428571,0.8148563859387833
167.0,167.0,119,196.0,196.0,196.0,196.0,0.6071428571428571,0.8148563859387833
167.0,167.0,119,196.0,196.0,196.0,196.0,0.6071428571428571,0.8148563859387833
167.0,167.0,119,196.0,196.0,196.0,196.0,0.6071428571428571,0.8148563859387833
167.0,167.0,119,196.0,196.0,196.0,196.0,0.6071428571428571,0.8148563859387833
167.0,167.0,119,196.0,196.0,196.0,196.0,0.6071428571428571,0.8148563859387833
167.0,167.0,119,196.0,196.0,196.0,196.0,0.6071428571428571,0.8148563859387833
167.0,167.0,119,196.0,196.0,196.0,196.0,0.6071428571428571,0.8148563859387833
76.0,76.0,73,220.00000000000003,220.00000000000003,220.00000000000003,220.00000000000003,0.3318181818181818,0.714346782359106
76.0,76.0,73,220.00000000000003,220.00000000000003,220.00000000000003,220.00000000000003,0.3318181818181818,0.714346782359106
76.0,76.0,73,220.00000000000003,220.00000000000003,220.00000000000003,220.00000000000003,0.3318181818181818,0.714346782359106
76.0,76.0,73,220.00000000000003,220.00000000000003,220.00000000000003,220.00000000000003,0.3318181818181818,0.714346782359106
76.0,76.0,73,220.00000000000003,220.00000000000003,220.00000000000003,220.00000000000003,0.3318181818181818,0.714346782359106
76.0,76.0,73,220.00000000000003,220.00000000000003,220.00000000000003,220.00000000000003,0.3318181818181818,0.714346782359106
76.0,76.0,73,220.00000000000003,220.00000000000003,220.00000000000003,220.00000000000003,0.3318181818181818,0.714346782359106
76.0,76.0,73,220.00000000000003,220.00000000000003,220.00000000000003,220.00000000000003,0.3318181818181818,0.714346782359106
102.0,102.0,73,220.00000000000003,220.00000000000003,220.00000000000003,220.00000000000003,0.3318181818181818,0.7770934591879464
102.0,102.0,73,220.00000000000003,220.00000000000003,220.00000000000003,220.00000000000003,0.3318181818181818,0.7770934591879464
102.0,102.0,73,220.00000000000003,220.00000000000003,220.00000000000003,220.00000000000003,0.3318181818181818,0.7770934591879464
102.0,102.0,73,220.00000000000003,220.00000000000003,220.00000000000003,220.00000000000003,0.3318181818181818,0.7770934591879464
102.0,102.0,73,220.00000000000003,220.00000000000003,220.00000000000003,220.00000000000003,0.3318181818181818,0.7770934591879464
102.0,102.0,73,220.00000000000003,220.00000000000003,220.00000000000003,220.00000000000003,0.3318181818181818,0.7770934591879464
102.0,102.0,73,220.00000000000003,220.00000000000003,220.00000000000003,220.00000000000003,0.3318181818181818,0.7770934591879464
102.0,102.0,73,220.00000000000003,220.00000000000003,220.00000000000003,220.00000000000003,0.3318181818181818,0.7770934591879464
138.0,138.0,73,220.00000000000003,220.00000000000003,220.00000000000003,220.00000000000003,0.3318181818181818,0.8639734732586484
138.0,138.0,73,220.00000000000003,220.00000000000003,220.00000000000003,220.00000000000003,0.3318181818181818,0.8639734732586484
138.0,138.0,73,220.00000000000003,220.00000000000003,220.00000000000003,220.00000000000003,0.3318181818181818,0.8639734732586484
138.0,138.0,73,220.00000000000003,220.00000000000003,220.00000000000003,220.00000000000003,0.3318181818181818,0.8639734732586484
138.0,138.0,73,220.00000000000003,220.00000000000003,220.00000000000003,220.00000000000003,0.3318181818181818,0.8639734732586484
138.0,138.0,73,220.00000000000003,220.00000000000003,220.00000000000003,220.00000000000003,0.3318181818181818,0.8639734732586484
138.0,138.0,73,220.00000000000003,220.00000000000003,220.00000000000003,220.00000000000003,0.3318181818181818,0.8639734732586484
138.0,138.0,73,220.00000000000003,220.00000000000003,220.00000000000003,220.00000000000003,0.3318181818181818,0.8639734732586484
152.0,152.0,73,220.00000000000003,220.00000000000003,220.00000000000003,220.00000000000003,0.3318181818181818,0.8977601453972548
152.0,152.0,73,220.00000000000003,220.00000000000003,220.00000000000003,220.00000000000003,0.3318181818181818,0.8977601453972548
152.0,152.0,73,220.00000000000003,220.00000000000003,220.00000000000003,220.00000000000003,0.3318181818181818,0.8977601453972548
152.0,152.0,73,220.00000000000003,220.00000000000003,220.00000000000003,220.00000000000003,0.3318181818181818,0.8977601453972548
152.0,152.0,73,220.00000000000003,220.00000000000003,220.00000000000003,220.00000000000003,0.3318181818181818,0.8977601453972548
152.0,152.0,73,220.00000000000003,220.00000000000003,220.00000000000003,220.00000000000003,0.3318181818181818,0.8977601453972548
152.0,152.0,73,220.00000000000003,220.00000000000003,220.00000000000003,220.00000000000003,0.3318181818181818,0.8977601453972548
152.0,152.0,73,220.00000000000003,220.00000000000003,220.00000000000003,220.00000000000003,0.3318181818181818,0.8977601453972548
167.0,167.0,73,220.00000000000003,220.00000000000003,220.00000000000003,220.00000000000003,0.3318181818181818,0.9339601512600473
167.0,167.0,73,220.00000000000003,220.00000000000003,220.00000000000003,220.00000000000003,0.3318181818181818,0.9339601512600473
167.0,167.0,73,220.00000000000003,220.00000000000003,220.00000000000003,220.00000000000003,0.3318181818181818,0.9339601512600473
167.0,167.0,73,220.00000000000003,220.00000000000003,220.00000000000003,220.00000000000003,0.3318181818181818,0.9339601512600473
167.0,167.0,73,220.00000000000003,220.00000000000003,220.00000000000003,220.00000000000003,0.3318181818181818,0.9339601512600473
167.0,167.0,73,220.00000000000003,220.00000000000003,220.00000000000003,220.00000000000003,0.3318181818181818,0.9339601512600473
167.0,167.0,73,220.00000000000003,220.00000000000003,220.00000000000003,220.00000000000003,0.3318181818181818,0.9339601512600473
167.0,167.0,73,220.00000000000003,220.00000000000003,220.00000000000003,220.00000000000003,0.3318181818181818,0.9339601512600473
76.0,76.0,112,220.00000000000003,220.00000000000003,220.00000000000003,220.00000000000003,0.509090909090909,0.6304325519012591
76.0,76.0,112,220.00000000000003,220.00000000000003,220.00000000000003,220.00000000000003,0.509090909090909,0.6304325519012591
76.0,76.0,112,220.00000000000003,220.00000000000003,220.00000000000003,220.00000000000003,0.509090909090909,0.6304325519012591
76.0,76.0,112,220.00000000000003,220.00000000000003,220.00000000000003,220.00000000000003,0.509090909090909,0.6304325519012591
76.0,76.0,112,220.00000000000003,220.00000000000003,220.00000000000003,220.00000000000003,0.509090909090909,0.6304325519012591
76.0,76.0,112,220.00000000000003,220.00000000000003,220.00000000000003,220.00000000000003,0.509090909090909,0.6304325519012591
76.0,76.0,112,220.00000000000003,220.00000000000003,220.00000000000003,220.00000000000003,0.509090909090909,0.6304325519012591
76.0,76.0,112,220.00000000000003,220.00000000000003,220.00000000000003,220.00000000000003,0.509090909090909,0.6304325519012591
102.0,102.0,112,220.00000000000003,220.00000000000003,220.00000000000003,220.00000000000003,0.509090909090909,0.6858083841628563
102.0,102.0,112,220.00000000000003,220.00000000000003,220.00000000000003,220.00000000000003,0.509090909090909,0.6858083841628563
102.0,102.0,112,220.00000000000003,220.00000000000003,220.00000000000003,220.00000000000003,0.509090909090909,0.6858083841628563
102.0,102.0,112,220.00000000000003,220.00000000000003,220.00000000000003,220.00000000000003,0.509090909090909,0.6858083841628563
102.0,102.0,112,220.00000000000003,220.00000000000003,220.00000000000003,220.00000000000003,0.509090909090909,0.6858083841628563
102.0,102.0,112,220.00000000000003,220.00000000000003,220.00000000000003,220.00000000000003,0.509090909090909,0.6858083841628563
102.0,102.0,112,220.00000000000003,220.00000000000003,220.00000000000003,220.00000000000003,0.509090909090909,0.6858083841628563
102.0,102.0,112,220.00000000000003,220.00000000000003,220.00000000000003,220.00000000000003,0.509090909090909,0.6858083841628563
138.0,138.0,112,220.00000000000003,220.00000000000003,220.00000000000003,220.00000000000003,0.509090909090909,0.7624826134481446
138.0,138.0,112,220.00000000000003,220.00000000000003,220.00000000000003,220.00000000000003,0.509090909090909,0.7624826134481446
138.0,138.0,112,220.00000000000003,220.00000000000003,220.00000000000003,220.00000000000003,0.509090909090909,0.7624826134481446
138.0,138.0,112,220.00000000000003,220.00000000000003,220.00000000000003,220.00000000000003,0.509090909090909,0.7624826134481446
138.0,138.0,112,220.00000000000003,220.00000000000003,220.00000000000003,220.00000000000003,0.509090909090909,0.7624826134481446
138.0,138.0,112,220.00000000000003,220.00000000000003,220.00000000000003,220.00000000000003,0.509090909090909,0.7624826134481446
138.0,138.0,112,220.00000000000003,220.00000000000003,220.00000000000003,220.00000000000003,0.509090909090909,0.7624826134481446
138.0,138.0,112,220.00000000000003,220.00000000000003,220.00000000000003,220.00000000000003,0.509090909090909,0.7624826134481446
152.0,152.0,112,220.00000000000003,220.00000000000003,220.00000000000003,220.00000000000003,0.509090909090909,0.7923003692813122
152.0,152.0,112,220.00000000000003,220.00000000000003,220.00000000000003,220.00000000000003,0.509090909090909,0.7923003692813122
152.0,152.0,112,220.00000000000003,220.00000000000003,220.00000000000003,220.00000000000003,0.509090909090909,0.7923003692813122
152.0,152.0,112,220.00000000000003,220.00000000000003,220.00000000000003,220.00000000000003,0.509090909090909,0.7923003692813122
152.0,152.0,112,220.00000000000003,220.00000000000003,220.00000000000003,220.00000000000003,0.509090909090909,0.7923003692813122
152.0,152.0,112,220.00000000000003,220.00000000000003,220.00000000000003,220.00000000000003,0.509090909090909,0.7923003692813122
152.0,152.0,112,220.00000000000003,220.00000000000003,220.00000000000003,220.00000000000003,0.509090909090909,0.7923003692813122
152.0,152.0,112,220.00000000000003,220.00000000000003,220.00000000000003,220.00000000000003,0.509090909090909,0.7923003692813122
167.0,167.0,112,220.00000000000003,220.00000000000003,220.00000000000003,220.00000000000003,0.509090909090909,0.824247964816849
167.0,167.0,112,220.00000000000003,220.00000000000003,220.00000000000003,220.00000000000003,0.509090909090909,0.824247964816849
167.0,167.0,112,220.00000000000003,220.00000000000003,220.00000000000003,220.00000000000003,0.509090909090909,0.824247964816849
167.0,167.0,112,220.00000000000003,220.00000000000003,220.00000000000003,220.00000000000003,0.509090909090909,0.824247964816849
167.0,167.0,112,220.00000000000003,220.00000000000003,220.00000000000003,220.00000000000003,0.509090909090909,0.824247964816849
167.0,167.0,112,220.00000000000003,220.00000000000003,220.00000000000003,220.00000000000003,0.509090909090909,0.824247964816849
167.0,167.0,112,220.00000000000003,220.00000000000003,220.00000000000003,220.00000000000003,0.509090909090909,0.824247964816849
167.0,167.0,112,220.00000000000003,220.00000000000003,220.00000000000003,220.00000000000003,0.509090909090909,0.824247964816849
76.0,76.0,119,220.00000000000003,220.00000000000003,220.00000000000003,220.00000000000003,0.5409090909090908,0.6174147705935636
76.0,76.0,119,220.00000000000003,220.00000000000003,220.00000000000003,220.00000000000003,0.5409090909090908,0.6174147705935636
76.0,76.0,119,220.00000000000003,220.00000000000003,220.00000000000003,220.00000000000003,0.5409090909090908,0.6174147705935636
76.0,76.0,119,220.00000000000003,220.00000000000003,220.00000000000003,220.00000000000003,0.5409090909090908,0.6174147705935636
76.0,76.0,119,220.00000000000003,220.00000000000003,220.00000000000003,220.00000000000003,0.5409090909090908,0.6174147705935636
76.0,76.0,119,220.00000000000003,220.00000000000003,220.00000000000003,220.00000000000003,0.5409090909090908,0.6174147705935636
76.0,76.0,119,220.00000000000003,220.00000000000003,220.00000000000003,220.00000000000003,0.5409090909090908,0.6174147705935636
76.0,76.0,119,220.00000000000003,220.00000000000003,220.00000000000003,220.00000000000003,0.5409090909090908,0.6174147705935636
102.0,102.0,119,220.00000000000003,220.00000000000003,220.00000000000003,220.00000000000003,0.5409090909090908,0.6716471490916469
102.0,102.0,119,220.00000000000003,220.00000000000003,220.00000000000003,220.00000000000003,0.5409090909090908,0.6716471490916469
102.0,102.0,119,220.00000000000003,220.00000000000003,220.00000000000003,220.00000000000003,0.5409090909090908,0.6716471490916469
102.0,102.0,119,220.00000000000003,220.00000000000003,220.00000000000003,220.00000000000003,0.5409090909090908,0.6716471490916469
102.0,102.0,119,220.00000000000003,220.00000000000003,220.00000000000003,220.00000000000003,0.5409090909090908,0.6716471490916469
102.0,102.0,119,220.00000000000003,220.00000000000003,220.00000000000003,220.00000000000003,0.5409090909090908,0.6716471490916469
102.0,102.0,119,220.00000000000003,220.00000000000003,220.00000000000003,220.00000000000003,0.5409090909090908,0.6716471490916469
102.0,102.0,119,220.00000000000003,220.00000000000003,220.00000000000003,220.00000000000003,0.5409090909090908,0.6716471490916469
138.0,138.0,119,220.00000000000003,220.00000000000003,220.00000000000003,220.00000000000003,0.5409090909090908,0.7467381347043777
138.0,138.0,119,220.00000000000003,220.00000000000003,220.00000000000003,220.00000000000003,0.5409090909090908,0.7467381347043777
138.0,138.0,119,220.00000000000003,220.00000000000003,220.00000000000003,220.00000000000003,0.5409090909090908,0.7467381347043777
138.0,138.0,119,220.00000000000003,220.00000000000003,220.00000000000003,220.00000000000003,0.5409090909090908,0.7467381347043777
138.0,138.0,119,220.00000000000003,220.00000000000003,220.00000000000003,220.00000000000003,0.5409090909090908,0.7467381347043777
138.0,138.0,119,220.00000000000003,220.00000000000003,220.00000000000003,220.00000000000003,0.5409090909090908,0.7467381347043777
138.0,138.0,119,220.00000000000003,220.00000000000003,220.00000000000003,220.00000000000003,0.5409090909090908,0.7467381347043777
138.0,138.0,119,220.00000000000003,220.00000000000003,220.00000000000003,220.00000000000003,0.5409090909090908,0.7467381347043777
152.0,152.0,119,220.00000000000003,220.00000000000003,220.00000000000003,220.00000000000003,0.5409090909090908,0.775940184664884
152.0,152.0,119,220.00000000000003,220.00000000000003,220.00000000000003,220.00000000000003,0.5409090909090908,0.775940184664884
152.0,152.0,119,220.00000000000003,220.00000000000003,220.00000000000003,220.00000000000003,0.5409090909090908,0.775940184664884
152.0,152.0,119,220.00000000000003,220.00000000000003,220.00000000000003,220.00000000000003,0.5409090909090908,0.775940184664884
152.0,152.0,119,220.00000000000003,220.00000000000003,220.00000000000003,220.00000000000003,0.5409090909090908,0.775940184664884
152.0,152.0,119,220.00000000000003,220.00000000000003,220.00000000000003,220.00000000000003,0.5409090909090908,0.775940184664884
152.0,152.0,119,220.00000000000003,220.00000000000003,220.00000000000003,220.00000000000003,0.5409090909090908,0.775940184664884
152.0,152.0,119,220.00000000000003,220.00000000000003,220.00000000000003,220.00000000000003,0.5409090909090908,0.775940184664884
167.0,167.0,119,220.00000000000003,220.00000000000003,220.00000000000003,220.00000000000003,0.5409090909090908,0.8072280953368551
167.0,167.0,119,220.00000000000003,220.00000000000003,220.00000000000003,220.00000000000003,0.5409090909090908,0.8072280953368551
167.0,167.0,119,220.00000000000003,220.00000000000003,220.00000000000003,220.00000000000003,0.5409090909090908,0.8072280953368551
167.0,167.0,119,220.00000000000003,220.00000000000003,220.00000000000003,220.00000000000003,0.5409090909090908,0.8072280953368551
167.0,167.0,119,220.00000000000003,220.00000000000003,220.00000000000003,220.00000000000003,0.5409090909090908,0.8072280953368551
167.0,167.0,119,220.00000000000003,220.00000000000003,220.00000000000003,220.00000000000003,0.5409090909090908,0.8072280953368551
167.0,167.0,119,220.00000000000003,220.00000000000003,220.00000000000003,220.00000000000003,0.5409090909090908,0.8072280953368551
167.0,167.0,119,220.00000000000003,220.00000000000003,220.00000000000003,220.00000000000003,0.5409090909090908,0.8072280953368551
76.0,102.0,73,133.0,133.0,133.0,133.0,0.5488721804511278,0.7620276962301628
76.0,102.0,73,133.0,133.0,133.0,133.0,0.5488721804511278,0.7620276962301628
76.0,102.0,73,133.0,133.0,133.0,133.0,0.5488721804511278,0.7620276962301628
76.0,102.0,73,133.0,133.0,133.0,133.0,0.5488721804511278,0.7620276962301628
76.0,102.0,73,133.0,133.0,133.0,133.0,0.5488721804511278,0.7620276962301628
76.0,102.0,73,133.0,133.0,133.0,133.0,0.5488721804511278,0.7620276962301628
76.0,102.0,73,133.0,133.0,133.0,133.0,0.5488721804511278,0.7620276962301628
76.0,102.0,73,133.0,133.0,133.0,133.0,0.5488721804511278,0.7620276962301628
102.0,138.0,73,181.0,181.0,181.0,181.0,0.40331491712707185,0.8379493745557118
102.0,138.0,73,181.0,181.0,181.0,181.0,0.40331491712707185,0.8379493745557118
102.0,138.0,73,181.0,181.0,181.0,181.0,0.40331491712707185,0.8379493745557118
102.0,138.0,73,181.0,181.0,181.0,181.0,0.40331491712707185,0.8379493745557118
102.0,138.0,73,181.0,181.0,181.0,181.0,0.40331491712707185,0.8379493745557118
102.0,138.0,73,181.0,181.0,181.0,181.0,0.40331491712707185,0.8379493745557118
102.0,138.0,73,181.0,181.0,181.0,181.0,0.40331491712707185,0.8379493745557118
102.0,138.0,73,181.0,181.0,181.0,181.0,0.40331491712707185,0.8379493745557118
138.0,167.0,112,181.0,181.0,181.0,181.0,0.6187845303867403,0.8048467970160873
138.0,167.0,112,181.0,181.0,181.0,181.0,0.6187845303867403,0.8048467970160873
138.0,167.0,112,181.0,181.0,181.0,181.0,0.6187845303867403,0.8048467970160873
138.0,167.0,112,181.0,181.0,181.0,181.0,0.6187845303867403,0.8048467970160873
138.0,167.0,112,181.0,181.0,181.0,181.0,0.6187845303867403,0.8048467970160873
138.0,167.0,112,181.0,181.0,181.0,181.0,0.6187845303867403,0.8048467970160873
138.0,167.0,112,181.0,181.0,181.0,181.0,0.6187845303867403,0.8048467970160873
138.0,167.0,112,181.0,181.0,181.0,181.0,0.6187845303867403,0.8048467970160873
76.0,138.0,112,196.0,196.0,196.0,196.0,0.5714285714285714,0.6956277749984542
76.0,138.0,112,196.0,196.0,196.0,196.0,0.5714285714285714,0.6956277749984542
76.0,138.0,112,196.0,196.0,196.0,196.0,0.5714285714285714,0.6956277749984542
76.0,138.0,112,196.0,196.0,196.0,196.0,0.5714285714285714,0.6956277749984542
76.0,138.0,112,196.0,196.0,196.0,196.0,0.5714285714285714,0.6956277749984542
76.0,138.0,112,196.0,196.0,196.0,196.0,0.5714285714285714,0.6956277749984542
76.0,138.0,112,196.0,196.0,196.0,196.0,0.5714285714285714,0.6956277749984542
76.0,138.0,112,196.0,196.0,196.0,196.0,0.5714285714285714,0.6956277749984542
138.0,152.0,119,196.0,196.0,196.0,196.0,0.6071428571428571,0.7654711504273419
138.0,152.0,119,196.0,196.0,196.0,196.0,0.6071428571428571,0.7654711504273419
138.0,152.0,119,196.0,196.0,196.0,196.0,0.6071428571428571,0.7654711504273419
138.0,152.0,119,196.0,196.0,196.0,196.0,0.6071428571428571,0.7654711504273419
138.0,152.0,119,196.0,196.0,196.0,196.0,0.6071428571428571,0.7654711504273419
138.0,152.0,119,196.0,196.0,196.0,196.0,0.6071428571428571,0.7654711504273419
138.0,152.0,119,196.0,196.0,196.0,196.0,0.6071428571428571,0.7654711504273419
138.0,152.0,119,196.0,196.0,196.0,196.0,0.6071428571428571,0.7654711504273419
152.0,167.0,119,220.00000000000003,220.00000000000003,220.00000000000003,220.00000000000003,0.5409090909090908,0.7915841400008695
152.0,167.0,119,220.00000000000003,220.00000000000003,220.00000000000003,220.00000000000003,0.5409090909090908,0.7915841400008695
152.0,167.0,119,220.00000000000003,220.00000000000003,220.00000000000003,220.00000000000003,0.5409090909090908,0.7915841400008695
152.0,167.0,119,220.00000000000003,220.00000000000003,220.00000000000003,220.00000000000003,0.5409090909090908,0.7915841400008695
152.0,167.0,119,220.00000000000003,220.00000000000003,220.00000000000003,220.00000000000003,0.5409090909090908,0.7915841400008695
152.0,167.0,119,220.00000000000003,220.00000000000003,220.00000000000003,220.00000000000003,0.5409090909090908,0.7915841400008695
152.0,167.0,119,220.00000000000003,220.00000000000003,220.00000000000003,220.00000000000003,0.5409090909090908,0.7915841400008695
152.0,167.0,119,220.00000000000003,220.00000000000003,220.00000000000003,220.00000000000003,0.5409090909090908,0.7915841400008695
76.0,76.0,73,133.0,133.0,133.0,181.0,0.503448275862069,0.7168376084505825
76.0,76.0,73,133.0,133.0,133.0,181.0,0.503448275862069,0.7168376084505825
76.0,76.0,73,133.0,133.0,133.0,181.0,0.503448275862069,0.7168376084505825
76.0,76.0,73,133.0,133.0,133.0,181.0,0.503448275862069,0.7168376084505825
76.0,76.0,73,133.0,133.0,133.0,181.0,0.503448275862069,0.7168376084505825
76.0,76.0,73,133.0,133.0,133.0,181.0,0.503448275862069,0.7168376084505825
76.0,76.0,73,133.0,133.0,133.0,181.0,0.503448275862069,0.7168376084505825
76.0,76.0,73,133.0,133.0,133.0,181.0,0.503448275862069,0.7168376084505825
102.0,102.0,73,133.0,133.0,133.0,181.0,0.503448275862069,0.8011714447388864
102.0,102.0,73,133.0,133.0,133.0,181.0,0.503448275862069,0.8011714447388864
102.0,102.0,73,133.0,133.0,133.0,181.0,0.503448275862069,0.8011714447388864
102.0,102.0,73,133.0,133.0,133.0,181.0,0.503448275862069,0.8011714447388864
102.0,102.0,73,133.0,133.0,133.0,181.0,0.503448275862069,0.8011714447388864
102.0,102.0,73,133.0,133.0,133.0,181.0,0.503448275862069,0.8011714447388864
102.0,102.0,73,133.0,133.0,133.0,181.0,0.503448275862069,0.8011714447388864
102.0,102.0,73,133.0,133.0,133.0,181.0,0.503448275862069,0.8011714447388864
76.0,76.0,112,181.0,181.0,181.0,196.0,0.6062246278755075,0.6213246611436976
76.0,76.0,112,181.0,181.0,181.0,196.0,0.6062246278755075,0.6213246611436976
76.0,76.0,112,181.0,181.0,181.0,196.0,0.6062246278755075,0.6213246611436976
76.0,76.0,112,181.0,181.0,181.0,196.0,0.6062246278755075,0.6213246611436976
76.0,76.0,112,181.0,181.0,181.0,196.0,0.6062246278755075,0.6213246611436976
76.0,76.0,112,181.0,181.0,181.0,196.0,0.6062246278755075,0.6213246611436976
76.0,76.0,112,181.0,181.0,181.0,196.0,0.6062246278755075,0.6213246611436976
76.0,76.0,112,181.0,181.0,181.0,196.0,0.6062246278755075,0.6213246611436976
102.0,102.0,112,181.0,181.0,181.0,196.0,0.6062246278755075,0.683278414507978
102.0,102.0,112,181.0,181.0,181.0,196.0,0.6062246278755075,0.683278414507978
102.0,102.0,112,181.0,181.0,181.0,196.0,0.6062246278755075,0.683278414507978
102.0,102.0,112,181.0,181.0,181.0,196.0,0.6062246278755075,0.683278414507978
102.0,102.0,112,181.0,181.0,181.0,196.0,0.6062246278755075,0.683278414507978
102.0,102.0,112,181.0,181.0,181.0,196.0,0.6062246278755075,0.683278414507978
102.0,102.0,112,181.0,181.0,181.0,196.0,0.6062246278755075,0.683278414507978
102.0,102.0,112,181.0,181.0,181.0,196.0,0.6062246278755075,0.683278414507978
76.0,76.0,119,196.0,196.0,196.0,220.00000000000003,0.5891089108910891,0.6123853120556393
76.0,76.0,119,196.0,196.0,196.0,220.00000000000003,0.5891089108910891,0.6123853120556393
76.0,76.0,119,196.0,196.0,196.0,220.00000000000003,0.5891089108910891,0.6123853120556393
76.0,76.0,119,196.0,196.0,196.0,220.00000000000003,0.5891089108910891,0.6123853120556393
76.0,76.0,119,196.0,196.0,196.0,220.00000000000003,0.5891089108910891,0.6123853120556393
76.0,76.0,119,196.0,196.0,196.0,220.00000000000003,0.5891089108910891,0.6123853120556393
76.0,76.0,119,196.0,196.0,196.0,220.00000000000003,0.5891089108910891,0.6123853120556393
76.0,76.0,119,196.0,196.0,196.0,220.00000000000003,0.5891089108910891,0.6123853120556393
102.0,102.0,119,196.0,196.0,196.0,220.00000000000003,0.5891089108910891,0.669658758506886
102.0,102.0,119,196.0,196.0,196.0,220.00000000000003,0.5891089108910891,0.669658758506886
102.0,102.0,119,196.0,196.0,196.0,220.00000000000003,0.5891089108910891,0.669658758506886
102.0,102.0,119,196.0,196.0,196.0,220.00000000000003,0.5891089108910891,0.669658758506886
102.0,102.0,119,196.0,196.0,196.0,220.00000000000003,0.5891089108910891,0.669658758506886
102.0,102.0,119,196.0,196.0,196.0,220.00000000000003,0.5891089108910891,0.669658758506886
102.0,102.0,119,196.0,196.0,196.0,220.00000000000003,0.5891089108910891,0.669658758506886
102.0,102.0,119,196.0,196.0,196.0,220.00000000000003,0.5891089108910891,0.669658758506886
138.0,138.0,73,133.0,133.0,181.0,181.0,0.46496815286624205,0.9069413063044849
138.0,138.0,73,133.0,133.0,181.0,181.0,0.46496815286624205,0.9069413063044849
138.0,138.0,73,133.0,133.0,181.0,181.0,0.46496815286624205,0.9069413063044849
138.0,138.0,73,133.0,133.0,181.0,181.0,0.46496815286624205,0.9069413063044849
138.0,138.0,73,133.0,133.0,181.0,181.0,0.46496815286624205,0.9069413063044849
138.0,138.0,73,133.0,133.0,181.0,181.0,0.46496815286624205,0.9069413063044849
138.0,138.0,73,133.0,133.0,181.0,181.0,0.46496815286624205,0.9069413063044849
138.0,138.0,73,133.0,133.0,181.0,181.0,0.46496815286624205,0.9069413063044849
152.0,152.0,73,133.0,133.0,133.0,196.0,0.4907563025210084,0.9590185544164787
152.0,152.0,73,133.0,133.0,133.0,196.0,0.4907563025210084,0.9590185544164787
152.0,152.0,73,133.0,133.0,133.0,196.0,0.4907563025210084,0.9590185544164787
152.0,152.0,73,133.0,133.0,133.0,196.0,0.4907563025210084,0.9590185544164787
152.0,152.0,73,133.0,133.0,133.0,196.0,0.4907563025210084,0.9590185544164787
152.0,152.0,73,133.0,133.0,133.0,196.0,0.4907563025210084,0.9590185544164787
152.0,152.0,73,133.0,133.0,133.0,196.0,0.4907563025210084,0.9590185544164787
152.0,152.0,73,133.0,133.0,133.0,196.0,0.4907563025210084,0.9590185544164787
138.0,138.0,112,196.0,196.0,220.00000000000003,181.0,0.5649432534678437,0.766364722559151
138.0,138.0,112,196.0,196.0,220.00000000000003,181.0,0.5649432534678437,0.766364722559151
138.0,138.0,112,196.0,196.0,220.00000000000003,181.0,0.5649432534678437,0.766364722559151
138.0,138.0,112,196.0,196.0,220.00000000000003,181.0,0.5649432534678437,0.766364722559151
138.0,138.0,112,196.0,196.0,220.00000000000003,181.0,0.5649432534678437,0.766364722559151
138.0,138.0,112,196.0,196.0,220.00000000000003,181.0,0.5649432534678437,0.766364722559151
138.0,138.0,112,196.0,196.0,220.00000000000003,181.0,0.5649432534678437,0.766364722559151
138.0,138.0,112,196.0,196.0,220.00000000000003,181.0,0.5649432534678437,0.766364722559151
167.0,167.0,119,220.00000000000003,220.00000000000003,220.00000000000003,181.0,0.5659928656361474,0.8101929634096433
167.0,167.0,119,220.00000000000003,220.00000000000003,220.00000000000003,181.0,0.5659928656361474,0.8101929634096433
167.0,167.0,119,220.00000000000003,220.00000000000003,220.00000000000003,181.0,0.5659928656361474,0.8101929634096433
167.0,167.0,119,220.00000000000003,220.00000000000003,220.00000000000003,181.0,0.5659928656361474,0.8101929634096433
167.0,167.0,119,220.00000000000003,220.00000000000003,220.00000000000003,181.0,0.5659928656361474,0.8101929634096433
167.0,167.0,119,220.00000000000003,220.00000000000003,220.00000000000003,181.0,0.5659928656361474,0.8101929634096433
167.0,167.0,119,220.00000000000003,220.00000000000003,220.00000000000003,181.0,0.5659928656361474,0.8101929634096433
167.0,167.0,119,220.00000000000003,220.00000000000003,220.00000000000003,181.0,0.5659928656361474,0.8101929634096433
138.0,138.0,119,133.0,181.0,196.0,220.00000000000003,0.6520547945205479,0.7516674075299783
138.0,138.0,119,133.0,181.0,196.0,220.00000000000003,0.6520547945205479,0.7516674075299783
138.0,138.0,119,133.0,181.0,196.0,220.00000000000003,0.6520547945205479,0.7516674075299783
138.0,138.0,119,133.0,181.0,196.0,220.00000000000003,0.6520547945205479,0.7516674075299783
138.0,138.0,119,133.0,181.0,196.0,220.00000000000003,0.6520547945205479,0.7516674075299783
138.0,138.0,119,133.0,181.0,196.0,220.00000000000003,0.6520547945205479,0.7516674075299783
138.0,138.0,119,133.0,181.0,196.0,220.00000000000003,0.6520547945205479,0.7516674075299783
138.0,138.0,119,133.0,181.0,196.0,220.00000000000003,0.6520547945205479,0.7516674075299783
167.0,167.0,112,196.0,196.0,220.00000000000003,220.00000000000003,0.5384615384615384,0.8286407592029853
167.0,167.0,112,196.0,196.0,220.00000000000003,220.00000000000003,0.5384615384615384,0.8286407592029853
167.0,167.0,112,196.0,196.0,220.00000000000003,220.00000000000003,0.5384615384615384,0.8286407592029853
167.0,167.0,112,196.0,196.0,220.00000000000003,220.00000000000003,0.5384615384615384,0.8286407592029853
167.0,167.0,112,196.0,196.0,220.00000000000003,220.00000000000003,0.5384615384615384,0.8286407592029853
167.0,167.0,112,196.0,196.0,220.00000000000003,220.00000000000003,0.5384615384615384,0.8286407592029853
167.0,167.0,112,196.0,196.0,220.00000000000003,220.00000000000003,0.5384615384615384,0.8286407592029853
167.0,167.0,112,196.0,196.0,220.00000000000003,220.00000000000003,0.5384615384615384,0.8286407592029853
152.0,152.0,119,133.0,133.0,133.0,220.00000000000003,0.7689822294022617,0.7923470506994464
152.0,152.0,119,133.0,133.0,133.0,220.00000000000003,0.7689822294022617,0.7923470506994464
152.0,152.0,119,133.0,133.0,133.0,220.00000000000003,0.7689822294022617,0.7923470506994464
152.0,152.0,119,133.0,133.0,133.0,220.00000000000003,0.7689822294022617,0.7923470506994464
152.0,152.0,119,133.0,133.0,133.0,220.00000000000003,0.7689822294022617,0.7923470506994464
152.0,152.0,119,133.0,133.0,133.0,220.00000000000003,0.7689822294022617,0.7923470506994464
152.0,152.0,119,133.0,133.0,133.0,220.00000000000003,0.7689822294022617,0.7923470506994464
152.0,152.0,119,133.0,133.0,133.0,220.00000000000003,0.7689822294022617,0.7923470506994464
152.0,152.0,112,181.0,181.0,220.00000000000003,220.00000000000003,0.5586034912718204,0.7976164491784256
152.0,152.0,112,181.0,181.0,220.00000000000003,220.00000000000003,0.5586034912718204,0.7976164491784256
152.0,152.0,112,181.0,181.0,220.00000000000003,220.00000000000003,0.5586034912718204,0.7976164491784256
152.0,152.0,112,181.0,181.0,220.00000000000003,220.00000000000003,0.5586034912718204,0.7976164491784256
152.0,152.0,112,181.0,181.0,220.00000000000003,220.00000000000003,0.5586034912718204,0.7976164491784256
152.0,152.0,112,181.0,181.0,220.00000000000003,220.00000000000003,0.5586034912718204,0.7976164491784256
152.0,152.0,112,181.0,181.0,220.00000000000003,220.00000000000003,0.5586034912718204,0.7976164491784256
152.0,152.0,112,181.0,181.0,220.00000000000003,220.00000000000003,0.5586034912718204,0.7976164491784256
