,A2 NumberofProtons,X4 NumberofNeutrons,Ion Specific Heat,Ion Density,X3 AtomicRadius,X4 Firstlonization,Ion Firstlonization,X2 AtomicMass,A1 Melting Point,X1 Melting Point,Ion Melting Point,Without ion Final Energy(ev),With ion Final Energy(ev),Adsorption energy(ev)
0,3,18,0.897,2.7,0.97,12.9676,5.9858,35.453,453.85,172.31,933.4,-7533.576049,-7633.089286,0
1,11,18,0.897,2.7,0.57,12.9676,5.9858,18.998,371.15,53.63,933.4,-7561.567175,-7662.467049,0
2,3,18,0.388,7.13,0.97,12.9676,9.3942,35.453,453.85,172.31,692.88,-7533.576049,-9563.617171,0
3,3,10,0.897,2.7,0.57,17.4228,5.9858,18.998,453.85,53.63,933.4,-8480.280947,-8581.90183,0
4,11,10,0.897,2.7,0.57,17.4228,5.9858,18.998,371.15,53.63,933.4,-10686.34741,-10787.99943,0
5,11,18,0.388,7.13,0.57,12.9676,9.3942,18.998,371.15,53.63,692.88,-7561.567175,-9591.695853,0
6,19,18,0.897,2.7,0.97,12.9676,5.9858,18.998,336.5,53.63,933.4,-6296.270377,-6398.537995,0
7,11,18,0.897,2.7,0.97,12.9676,5.9858,35.453,371.15,172.31,933.4,-9736.743457,-9839.222002,0
8,19,10,0.897,2.7,0.57,17.4228,5.9858,18.998,336.5,53.63,933.4,-9661.038478,-9763.657454,0
9,37,45,0.388,7.13,0.57,11.8138,9.3942,18.998,312.79,53.63,692.88,-6373.053415,-8404.400609,0
10,37,45,0.897,2.7,0.57,11.8138,5.9858,18.998,312.79,53.63,933.4,-6373.053415,-6475.964807,0
11,3,18,0.388,7.13,0.97,12.9676,9.3942,35.453,453.85,172.31,692.88,-4149.964295,-6181.446063,0
12,3,10,0.897,2.7,0.57,17.4228,5.9858,18.998,453.85,53.63,933.4,-5099.530655,-5202.641223,0
13,3,10,0.388,7.13,0.57,17.4228,9.3942,18.998,453.85,53.63,692.88,-5099.530655,-7131.15481,0
14,19,18,0.897,2.7,0.97,12.9676,5.9858,35.453,336.5,172.31,933.4,-8711.538467,-8814.744079,0
15,37,10,0.897,2.7,0.57,17.4228,5.9858,18.998,312.79,53.63,933.4,-9459.697537,-9562.956122,0
16,3,45,0.388,7.13,1.1,11.8138,9.3942,79.904,453.85,266.05,692.88,-4802.114496,-6833.828832,0
17,3,45,0.388,7.13,0.97,11.8138,9.3942,35.453,453.85,172.31,692.88,-4190.742257,-6222.538261,0
18,3,18,0.388,7.13,0.97,12.9676,9.3942,35.453,453.85,172.31,692.88,-4638.725673,-6670.532148,0
19,37,74,0.897,2.7,0.57,10.4513,5.9858,18.998,312.79,53.63,933.4,-9596.362342,-9699.717413,0
20,3,18,0.897,2.7,0.97,12.9676,5.9858,35.453,453.85,172.31,933.4,-4149.964295,-4253.353473,0
21,19,18,0.388,7.13,0.97,12.9676,9.3942,18.998,336.5,53.63,692.88,-6296.270377,-8328.118483,0
22,3,18,1.023,1.74,0.97,12.9676,7.6462,35.453,453.85,172.31,923.15,-7533.576049,-9218.203307,0
23,3,18,0.388,7.13,0.57,12.9676,9.3942,18.998,453.85,53.63,692.88,-5350.647037,-7382.659513,0
24,11,10,0.897,2.7,0.57,17.4228,5.9858,18.998,371.15,53.63,933.4,-7305.485436,-7409.050987,0
25,11,10,0.388,7.13,0.57,17.4228,9.3942,18.998,371.15,53.63,692.88,-10686.34741,-12718.3745,0
26,3,45,0.897,2.7,0.97,11.8138,5.9858,35.453,453.85,172.31,933.4,-4190.742257,-4294.362518,0
27,19,10,0.897,2.7,0.57,17.4228,5.9858,18.998,336.5,53.63,933.4,-6768.966846,-6872.623594,0
28,19,10,0.388,7.13,0.57,17.4228,9.3942,18.998,336.5,53.63,692.88,-9661.038478,-11693.26381,0
29,3,18,0.897,2.7,0.97,12.9676,5.9858,35.453,453.85,172.31,933.4,-4638.725673,-4742.515527,0
30,11,18,0.388,7.13,0.97,12.9676,9.3942,35.453,371.15,172.31,692.88,-6844.478788,-8876.742442,0
31,37,18,0.897,2.7,0.97,12.9676,5.9858,35.453,312.79,172.31,933.4,-8509.822242,-8613.710568,0
32,11,45,0.897,2.7,1.1,11.8138,5.9858,79.904,371.15,266.05,933.4,-9899.854619,-10003.79026,0
33,37,74,0.388,7.13,0.57,10.4513,9.3942,18.998,312.79,53.63,692.88,-9596.362342,-11628.81757,0
34,19,18,0.388,7.13,0.97,12.9676,9.3942,35.453,371.15,172.31,692.88,-6331.743092,-8364.216963,0
35,3,45,0.388,7.13,1.1,11.8138,9.3942,79.904,453.85,266.05,692.88,-4313.218895,-6345.721896,0
36,11,18,0.388,7.13,0.97,12.9676,9.3942,35.453,371.15,172.31,692.88,-6355.65018,-8388.161045,0
37,11,45,0.388,7.13,0.97,11.8138,9.3942,35.453,371.15,172.31,692.88,-6396.420853,-8428.948645,0
38,11,10,0.897,2.7,0.57,17.4228,5.9858,18.998,453.85,53.63,933.4,-6691.40951,-6795.486536,0
39,11,45,0.388,7.13,1.1,11.8138,9.3942,79.904,371.15,266.05,692.88,-7007.75117,-9040.290319,0
40,3,45,0.897,2.7,1.1,11.8138,5.9858,79.904,453.85,266.05,933.4,-4313.218895,-4417.307896,0
41,3,45,0.897,2.7,1.1,11.8138,5.9858,79.904,453.85,266.05,933.4,-4802.114496,-4906.250661,0
42,19,18,0.388,7.13,0.97,12.9676,9.3942,35.453,336.5,172.31,692.88,-5819.009288,-7851.654042,0
43,19,18,0.388,7.13,0.97,12.9676,9.3942,35.453,336.5,172.31,692.88,-8711.538467,-10744.18666,0
44,11,18,0.897,2.7,0.97,12.9676,5.9858,35.453,371.15,172.31,933.4,-6355.65018,-6459.882521,0
45,3,18,0.897,2.7,0.57,12.9676,5.9858,18.998,453.85,53.63,933.4,-5350.647037,-5454.940471,0
46,3,45,0.388,7.13,1.1,11.8138,9.3942,79.904,453.85,266.05,692.88,-7694.23077,-9727.021551,0
47,19,18,0.388,7.13,0.97,12.9676,9.3942,35.453,336.5,172.31,692.88,-5330.191646,-7362.986693,0
48,11,18,0.897,2.7,0.97,12.9676,5.9858,35.453,371.15,172.31,933.4,-6844.478788,-6948.865895,0
49,19,45,0.388,7.13,1.1,11.8138,9.3942,79.904,453.85,266.05,692.88,-4903.262548,-6936.110591,0
50,11,18,0.388,7.13,0.97,12.9676,9.3942,35.453,371.15,172.31,692.88,-9736.743457,-11769.60569,0
51,11,10,0.388,7.13,0.57,17.4228,9.3942,18.998,371.15,53.63,692.88,-7305.485436,-9338.357411,0
52,37,10,0.388,7.13,0.57,17.4228,9.3942,18.998,312.79,53.63,692.88,-9459.697537,-11492.57023,0
53,55,18,0.388,7.13,0.97,12.9676,9.3942,35.453,336.5,172.31,692.88,-5314.29355,-7347.187949,0
54,37,10,0.897,2.7,0.57,17.4228,5.9858,18.998,312.79,53.63,933.4,-6567.604186,-6672.046642,0
55,11,45,0.897,2.7,0.97,11.8138,5.9858,35.453,371.15,172.31,933.4,-6396.420853,-6500.874386,0
56,11,74,0.897,2.7,1.1,10.4513,5.9858,79.904,371.15,266.05,933.4,-10232.14793,-10336.63431,0
57,3,10,0.897,2.7,0.57,17.4228,5.9858,18.998,453.85,53.63,933.4,-5587.936867,-5692.45863,0
58,11,45,0.388,7.13,1.1,11.8138,9.3942,79.904,371.15,266.05,692.88,-6518.84666,-8551.872579,0
59,19,74,0.388,7.13,1.1,10.4513,9.3942,35.453,336.5,53.63,692.88,-9362.816322,-11395.84857,0
60,37,18,0.388,7.13,0.97,12.9676,9.3942,35.453,312.79,172.31,692.88,-5128.741271,-7161.851004,0
61,37,18,0.388,7.13,0.97,12.9676,9.3942,35.453,312.79,172.31,692.88,-5617.54622,-7650.662578,0
62,11,10,0.897,2.7,0.57,17.4228,5.9858,18.998,371.15,53.63,933.4,-7794.302965,-7898.988106,0
63,19,74,0.897,2.7,1.1,10.4513,5.9858,35.453,336.5,53.63,933.4,-9362.816322,-9467.517243,0
64,19,45,0.388,7.13,1.1,11.8138,9.3942,79.904,336.5,266.05,692.88,-5982.225723,-8015.384487,0
65,11,45,0.897,2.7,1.1,11.8138,5.9858,79.904,371.15,266.05,933.4,-7007.75117,-7112.502255,0
66,11,45,0.388,7.13,1.1,11.8138,9.3942,79.904,371.15,266.05,692.88,-9899.854619,-11933.09894,0
67,11,45,0.897,2.7,1.1,11.8138,5.9858,79.904,371.15,266.05,933.4,-6518.84666,-6623.667651,0
68,3,74,0.388,7.13,1.1,10.4513,9.3942,79.904,453.85,266.05,692.88,-8026.537709,-10059.83432,0
69,55,18,0.897,2.7,0.97,12.9676,5.9858,35.453,301.7,172.31,933.4,-8679.194419,-8784.09031,0
70,37,18,0.388,7.13,0.97,12.9676,9.3942,35.453,312.79,172.31,692.88,-8509.822242,-10543.18185,0
71,19,45,0.897,2.7,1.1,11.8138,5.9858,79.904,336.5,266.05,933.4,-8874.309696,-8979.284581,0
72,3,74,0.897,2.7,1.3,10.4513,5.9858,126.904,453.85,386.65,933.4,-6131.508999,-6236.485713,0
73,19,18,0.897,2.7,0.97,12.9676,5.9858,35.453,371.15,172.31,933.4,-6331.743092,-6436.760837,0
74,19,45,0.388,7.13,1.1,11.8138,9.3942,79.904,336.5,266.05,692.88,-5493.301198,-7526.838612,0
75,55,10,0.388,7.13,0.57,17.4228,9.3942,18.998,301.7,53.63,692.88,-9629.213756,-11662.77455,0
76,11,18,1.023,1.74,0.57,12.9676,7.6462,18.998,371.15,53.63,923.15,-7561.567175,-9247.840013,0
77,11,74,0.388,7.13,1.1,10.4513,9.3942,79.904,371.15,266.05,692.88,-10232.14793,-12265.71966,0
78,19,10,0.388,7.13,0.57,17.4228,9.3942,18.998,336.5,53.63,692.88,-6280.142927,-8313.733366,0
79,55,10,0.897,2.7,0.57,17.4228,5.9858,18.998,301.7,53.63,933.4,-9629.213756,-9734.35338,0
80,19,45,0.388,7.13,1.1,11.8138,9.3942,79.904,336.5,266.05,692.88,-8874.309696,-10907.9322,0
81,3,74,0.388,7.13,1.3,10.4513,9.3942,126.904,453.85,386.65,692.88,-6131.508999,-8165.14679,0
82,3,10,0.388,7.13,0.57,17.4228,9.3942,18.998,453.85,53.63,692.88,-8480.280947,-10513.94933,0
83,37,45,0.388,7.13,1.1,11.8138,9.3942,79.904,312.79,266.05,692.88,-5780.669715,-7814.35159,0
84,3,74,0.897,2.7,1.3,10.4513,5.9858,126.904,453.85,386.65,933.4,-9023.120631,-9128.378545,0
85,55,18,0.388,7.13,0.97,12.9676,9.3942,35.453,301.7,172.31,692.88,-5786.899021,-7820.672331,0
86,19,18,0.897,2.7,0.97,12.9676,5.9858,35.453,336.5,172.31,933.4,-5330.191646,-5435.511914,0
87,19,18,0.388,7.13,1.3,12.9676,9.3942,79.904,336.5,266.05,692.88,-5784.632888,-7818.426801,0
88,55,18,0.388,7.13,0.97,12.9676,9.3942,35.453,301.7,172.31,692.88,-5298.103631,-7331.900267,0
89,37,45,0.897,2.7,1.1,11.8138,5.9858,79.904,336.5,266.05,933.4,-8773.559922,-8878.925851,0
90,19,10,0.897,2.7,0.57,17.4228,5.9858,18.998,336.5,53.63,933.4,-6280.142927,-6385.529313,0
91,37,45,0.388,7.13,1.1,11.8138,9.3942,79.904,336.5,266.05,692.88,-8773.559922,-10807.43879,0
92,19,45,0.897,2.7,1.1,11.8138,5.9858,79.904,453.85,266.05,933.4,-4903.262548,-5008.691754,0
93,55,10,0.897,2.7,0.57,17.4228,5.9858,18.998,301.7,53.63,933.4,-6737.099574,-6842.530648,0
94,37,10,0.897,2.7,0.57,17.4228,5.9858,18.998,312.79,53.63,933.4,-6078.786385,-6184.229869,0
95,55,10,0.388,7.13,0.57,17.4228,9.3942,18.998,301.7,53.63,692.88,-6248.282588,-8282.181872,0
96,37,45,0.388,7.13,1.1,11.8138,9.3942,79.904,312.79,266.05,692.88,-5291.778399,-7325.70826,0
97,55,18,0.388,7.13,0.97,12.9676,9.3942,35.453,301.7,172.31,692.88,-8679.194419,-10713.14648,0
98,19,18,0.897,2.7,0.97,12.9676,5.9858,35.453,336.5,172.31,933.4,-5819.009288,-5924.534596,0
99,3,74,0.897,2.7,1.3,10.4513,5.9858,126.904,453.85,386.65,933.4,-5642.303438,-5747.842671,0
100,37,45,0.388,7.13,1.1,11.8138,9.3942,79.904,312.79,266.05,692.88,-8672.777297,-10706.86014,0
101,37,10,0.388,7.13,0.57,17.4228,9.3942,18.998,312.79,53.63,692.88,-6078.786385,-8112.884604,0
102,11,18,1.023,1.74,0.97,12.9676,7.6462,35.453,371.15,172.31,923.15,-6355.65018,-8042.491901,0
103,37,45,0.897,2.7,1.1,11.8138,5.9858,79.904,312.79,266.05,933.4,-8672.777297,-8778.458348,0
104,3,74,0.388,7.13,1.3,10.4513,9.3942,126.904,453.85,386.65,692.88,-5642.303438,-7676.539148,0
105,11,18,1.023,1.74,0.97,12.9676,7.6462,35.453,371.15,172.31,923.15,-6844.478788,-8531.43498,0
106,11,74,0.897,2.7,1.3,10.4513,5.9858,126.904,371.15,386.65,933.4,-8337.023484,-8442.845227,0
107,11,45,1.023,1.74,0.97,11.8138,7.6462,35.453,371.15,172.31,923.15,-6396.420853,-8083.427822,0
108,11,74,0.388,7.13,1.3,10.4513,9.3942,126.904,371.15,386.65,692.88,-8337.023484,-10371.32404,0
109,11,10,1.023,1.74,0.57,17.4228,7.6462,18.998,371.15,53.63,923.15,-10686.34741,-12373.4048,0
110,19,18,1.023,1.74,0.97,12.9676,7.6462,35.453,371.15,172.31,923.15,-6331.743092,-8018.824681,0
111,11,45,1.023,1.74,1.1,11.8138,7.6462,79.904,371.15,266.05,923.15,-7007.75117,-8694.836411,0
112,19,45,0.897,2.7,1.1,11.8138,5.9858,79.904,336.5,266.05,933.4,-5982.225723,-6088.150781,0
113,19,45,0.897,2.7,1.1,11.8138,5.9858,79.904,336.5,266.05,933.4,-5493.301198,-5599.289181,0
114,37,18,0.897,2.7,0.97,12.9676,5.9858,35.453,312.79,172.31,933.4,-5128.741271,-5234.740667,0
115,11,74,0.388,7.13,1.3,10.4513,9.3942,126.904,371.15,386.65,692.88,-7847.815822,-9882.276764,0
116,37,74,0.388,7.13,1.3,10.4513,9.3942,35.453,312.79,266.05,692.88,-5874.601158,-7909.081065,0
117,55,18,0.897,2.7,0.97,12.9676,5.9858,35.453,336.5,172.31,933.4,-5314.29355,-5420.343237,0
118,19,10,1.023,1.74,0.57,17.4228,7.6462,18.998,336.5,53.63,923.15,-9661.038478,-11348.27839,0
119,19,18,1.023,1.74,0.97,12.9676,7.6462,35.453,336.5,172.31,923.15,-5819.009288,-7506.253393,0
120,19,10,0.388,7.13,0.57,17.4228,9.3942,18.998,336.5,53.63,692.88,-6768.966846,-8803.53578,0
121,55,45,0.388,7.13,1.1,11.8138,9.3942,79.904,301.7,266.05,692.88,-5461.108635,-7495.677637,0
122,11,10,1.023,1.74,0.57,17.4228,7.6462,18.998,371.15,53.63,923.15,-7305.485436,-8992.797423,0
123,55,45,0.388,7.13,1.1,11.8138,9.3942,79.904,301.7,266.05,692.88,-5949.968748,-7984.599998,0
124,19,18,0.897,2.7,1.3,12.9676,5.9858,79.904,336.5,266.05,933.4,-5784.632888,-5890.828334,0
125,37,18,0.897,2.7,0.97,12.9676,5.9858,35.453,312.79,172.31,933.4,-5617.54622,-5723.759483,0
126,3,18,1.023,1.74,0.97,12.9676,7.6462,35.453,453.85,172.31,923.15,-4149.964295,-5837.357951,0
127,19,18,1.023,1.74,0.97,12.9676,7.6462,35.453,336.5,172.31,923.15,-5330.191646,-7017.588222,0
128,37,74,1.023,1.74,0.57,10.4513,7.6462,18.998,312.79,53.63,923.15,-9596.362342,-11283.79444,0
129,3,45,1.023,1.74,1.1,11.8138,7.6462,79.904,453.85,266.05,923.15,-4802.114496,-6489.560671,0
130,19,10,1.023,1.74,0.57,17.4228,7.6462,18.998,336.5,53.63,923.15,-6280.142927,-7967.614716,0
131,11,74,0.388,7.13,1.3,10.4513,9.3942,126.904,371.15,386.65,692.88,-11228.63344,-13263.39961,0
132,11,45,1.023,1.74,1.1,11.8138,7.6462,79.904,371.15,266.05,923.15,-6518.84666,-8206.320214,0
133,11,10,0.388,7.13,0.57,17.4228,9.3942,18.998,371.15,53.63,692.88,-7794.302965,-9829.107455,0
134,3,18,1.023,1.74,0.97,12.9676,7.6462,35.453,453.85,172.31,923.15,-4638.725673,-6326.281108,0
135,55,10,0.897,2.7,0.57,17.4228,5.9858,18.998,301.7,53.63,933.4,-6248.282588,-6354.684667,0
136,11,74,0.897,2.7,1.3,10.4513,5.9858,126.904,371.15,386.65,933.4,-7847.815822,-7954.231499,0
137,55,45,0.388,7.13,1.1,11.8138,9.3942,79.904,301.7,266.05,692.88,-8842.112292,-10876.98409,0
138,19,18,1.023,1.74,0.97,12.9676,7.6462,18.998,336.5,53.63,923.15,-6296.270377,-7983.8845,0
139,37,18,1.023,1.74,0.97,12.9676,7.6462,35.453,312.79,172.31,923.15,-5617.54622,-7305.189762,0
140,37,10,0.388,7.13,0.57,17.4228,9.3942,18.998,312.79,53.63,692.88,-6567.604186,-8602.552793,0
141,19,45,1.023,1.74,1.1,11.8138,7.6462,79.904,336.5,266.05,923.15,-5982.225723,-7669.890855,0
142,19,74,0.388,7.13,1.3,10.4513,9.3942,126.904,336.5,386.65,692.88,-7311.272416,-9346.241441,0
143,3,45,0.897,2.7,1.1,11.8138,5.9858,79.904,453.85,266.05,933.4,-7694.23077,-7800.792,0
144,19,45,1.023,1.74,1.1,11.8138,7.6462,79.904,453.85,266.05,923.15,-4903.262548,-6591.001886,0
145,11,18,1.228,0.971,0.57,12.9676,5.1391,18.998,371.15,53.63,371.15,-7561.567175,-8865.228358,0
146,37,18,1.023,1.74,0.97,12.9676,7.6462,35.453,312.79,172.31,923.15,-5128.741271,-6816.531848,0
147,37,74,0.388,7.13,1.3,10.4513,9.3942,126.904,312.79,386.65,692.88,-7109.915657,-9145.000531,0
148,3,45,1.023,1.74,0.97,11.8138,7.6462,35.453,453.85,172.31,923.15,-4190.742257,-5878.538421,0
149,3,45,1.023,1.74,1.1,11.8138,7.6462,79.904,453.85,266.05,923.15,-4313.218895,-6001.022829,0
150,11,18,1.023,1.74,0.97,12.9676,7.6462,35.453,371.15,172.31,923.15,-9736.743457,-11424.56655,0
151,11,10,0.388,7.13,0.57,17.4228,9.3942,18.998,453.85,53.63,692.88,-6691.40951,-8726.53262,0
152,37,45,0.897,2.7,1.1,11.8138,5.9858,79.904,312.79,266.05,933.4,-5780.669715,-5887.372709,0
153,3,45,1.023,1.74,1.1,11.8138,7.6462,79.904,453.85,266.05,923.15,-7694.23077,-9382.103642,0
154,3,74,0.388,7.13,1.3,10.4513,9.3942,126.904,453.85,386.65,692.88,-9023.120631,-11058.28834,0
155,3,10,0.388,7.13,0.57,17.4228,9.3942,18.998,453.85,53.63,692.88,-5587.936867,-7623.125935,0
156,37,45,0.897,2.7,1.1,11.8138,5.9858,79.904,312.79,266.05,933.4,-5291.778399,-5398.543939,0
157,19,74,0.388,7.13,1.3,10.4513,9.3942,126.904,336.5,386.65,692.88,-6822.075172,-8857.349403,0
158,19,74,0.388,7.13,1.3,10.4513,9.3942,126.904,336.5,386.65,692.88,-10203.06356,-12238.36693,0
159,37,18,1.023,1.74,0.97,12.9676,7.6462,35.453,312.79,172.31,923.15,-8509.822242,-10197.84147,0
160,55,45,0.897,2.7,1.1,11.8138,5.9858,79.904,301.7,266.05,933.4,-8842.112292,-8948.974611,0
161,19,45,1.023,1.74,1.1,11.8138,7.6462,79.904,336.5,266.05,923.15,-5493.301198,-7181.327394,0
162,3,74,1.023,1.74,1.1,10.4513,7.6462,79.904,453.85,266.05,923.15,-8026.537709,-9714.643235,0
163,37,45,1.023,1.74,1.1,11.8138,7.6462,79.904,312.79,266.05,923.15,-5780.669715,-7468.782979,0
164,37,10,1.023,1.74,0.57,17.4228,7.6462,18.998,312.79,53.63,923.15,-9459.697537,-11147.83132,0
165,55,10,1.023,1.74,0.57,17.4228,7.6462,18.998,301.7,53.63,923.15,-9629.213756,-11317.37203,0
166,3,74,0.897,2.7,1.1,10.4513,5.9858,79.904,453.85,266.05,933.4,-8026.537709,-8133.537969,0
167,3,74,1.023,1.74,1.3,10.4513,7.6462,126.904,453.85,386.65,923.15,-5642.303438,-7330.48491,0
168,55,74,0.388,7.13,1.3,10.4513,9.3942,79.904,301.7,266.05,692.88,-6125.679725,-8161.155556,0
169,19,74,1.023,1.74,1.1,10.4513,7.6462,35.453,336.5,53.63,923.15,-9362.816322,-11051.00248,0
170,19,18,1.023,1.74,1.3,12.9676,7.6462,79.904,336.5,266.05,923.15,-5784.632888,-7472.825842,0
171,37,74,0.388,7.13,1.3,10.4513,9.3942,126.904,312.79,386.65,692.88,-6620.778866,-8656.279576,0
172,55,18,0.897,2.7,0.97,12.9676,5.9858,35.453,301.7,172.31,933.4,-5298.103631,-5405.151073,0
173,55,18,1.023,1.74,0.97,12.9676,7.6462,35.453,301.7,172.31,923.15,-5786.899021,-7475.214732,1
174,11,74,1.023,1.74,1.3,10.4513,7.6462,126.904,371.15,386.65,923.15,-8337.023484,-10025.36037,1
175,19,74,0.897,2.7,1.3,10.4513,5.9858,126.904,336.5,386.65,933.4,-7311.272416,-7418.466394,1
176,19,45,1.023,1.74,1.1,11.8138,7.6462,79.904,336.5,266.05,923.15,-8874.309696,-10562.68304,1
177,55,74,0.388,7.13,1.3,10.4513,9.3942,126.904,301.7,386.65,692.88,-7279.26879,-9314.936541,1
178,55,18,1.023,1.74,0.97,12.9676,7.6462,35.453,301.7,172.31,923.15,-5298.103631,-6986.492789,1
179,37,74,0.388,7.13,1.3,10.4513,9.3942,126.904,312.79,386.65,692.88,-10001.63084,-12037.35205,1
180,37,45,1.023,1.74,1.1,11.8138,7.6462,79.904,312.79,266.05,923.15,-5291.778399,-6980.212243,1
181,37,74,0.897,2.7,1.3,10.4513,5.9858,35.453,312.79,266.05,933.4,-5874.601158,-5981.882426,1
182,37,45,1.023,1.74,1.1,11.8138,7.6462,79.904,336.5,266.05,923.15,-8773.559922,-10462.01317,1
183,55,18,0.897,2.7,0.97,12.9676,5.9858,35.453,301.7,172.31,933.4,-5786.899021,-5894.216752,1
184,55,18,0.388,7.13,1.3,12.9676,9.3942,126.904,301.7,386.65,692.88,-9797.945739,-11833.79052,1
185,37,45,1.023,1.74,0.57,11.8138,7.6462,18.998,312.79,53.63,923.15,-6373.053415,-8061.638212,1
186,3,74,1.023,1.74,1.3,10.4513,7.6462,126.904,453.85,386.65,923.15,-6131.508999,-7820.112327,1
187,55,10,1.023,1.74,0.57,17.4228,7.6462,18.998,301.7,53.63,923.15,-6248.282588,-7936.951232,1
188,55,18,1.023,1.74,0.97,12.9676,7.6462,35.453,301.7,172.31,923.15,-8679.194419,-10367.88979,1
189,3,18,1.228,0.971,0.97,12.9676,5.1391,35.453,453.85,172.31,371.15,-7533.576049,-8838.161979,1
190,19,74,0.897,2.7,1.3,10.4513,5.9858,126.904,336.5,386.65,933.4,-10203.06356,-10310.62778,1
191,37,74,1.023,1.74,1.3,10.4513,7.6462,35.453,312.79,266.05,923.15,-5874.601158,-7563.354657,1
192,55,45,1.023,1.74,1.1,11.8138,7.6462,79.904,301.7,266.05,923.15,-5949.968748,-7638.748491,1
193,55,74,0.388,7.13,1.3,10.4513,9.3942,126.904,312.79,386.65,692.88,-10086.33636,-12122.41387,1
194,37,45,1.023,1.74,1.1,11.8138,7.6462,79.904,312.79,266.05,923.15,-8672.777297,-10361.5665,1
195,11,74,1.023,1.74,1.3,10.4513,7.6462,126.904,371.15,386.65,923.15,-7847.815822,-9536.618388,1
196,11,18,0.757,0.862,0.57,12.9676,4.3407,18.998,371.15,53.63,336.5,-7561.567175,-8352.440686,1
197,19,18,1.228,0.971,0.97,12.9676,5.1391,18.998,336.5,53.63,371.15,-6296.270377,-7600.979911,1
198,37,45,1.228,0.971,0.57,11.8138,5.1391,18.998,312.79,53.63,371.15,-6373.053415,-7677.797059,1
199,55,74,0.388,7.13,1.3,10.4513,9.3942,126.904,301.7,386.65,692.88,-6790.158099,-8826.348553,1
200,37,74,0.897,2.7,1.3,10.4513,5.9858,126.904,312.79,386.65,933.4,-7109.915657,-7217.663247,1
201,11,18,0.647,1.54,0.57,12.9676,6.1132,18.998,371.15,53.63,1112.15,-7561.567175,-8564.535282,1
202,19,74,0.897,2.7,1.3,10.4513,5.9858,126.904,336.5,386.65,933.4,-6822.075172,-6929.852131,1
203,19,74,1.023,1.74,1.3,10.4513,7.6462,126.904,336.5,386.65,923.15,-7311.272416,-9000.254382,1
204,55,74,0.388,7.13,1.3,10.4513,9.3942,126.904,301.7,386.65,692.88,-10171.02572,-12207.32412,1
205,55,45,0.897,2.7,1.1,11.8138,5.9858,79.904,301.7,266.05,933.4,-5949.968748,-6057.815016,1
206,55,45,0.897,2.7,1.1,11.8138,5.9858,79.904,301.7,266.05,933.4,-5461.108635,-5568.993529,1
207,55,45,1.023,1.74,1.1,11.8138,7.6462,79.904,301.7,266.05,923.15,-5461.108635,-7150.160305,1
208,55,10,0.388,7.13,0.57,17.4228,9.3942,18.998,301.7,53.63,692.88,-6737.099574,-8773.475368,1
209,11,74,1.023,1.74,1.3,10.4513,7.6462,126.904,371.15,386.65,923.15,-11228.63344,-12917.722,1
210,37,74,1.228,0.971,0.57,10.4513,5.1391,18.998,312.79,53.63,371.15,-9596.362342,-10901.41263,1
211,3,74,1.023,1.74,1.3,10.4513,7.6462,126.904,453.85,386.65,923.15,-9023.120631,-10712.31692,1
212,3,18,0.647,1.54,0.97,12.9676,6.1132,35.453,453.85,172.31,1112.15,-7533.576049,-8536.88295,1
213,37,74,1.023,1.74,1.3,10.4513,7.6462,126.904,312.79,386.65,923.15,-7109.915657,-8799.181584,1
214,19,18,1.023,1.74,0.97,12.9676,7.6462,35.453,336.5,172.31,923.15,-8711.538467,-10400.82089,1
215,55,45,1.023,1.74,1.1,11.8138,7.6462,79.904,301.7,266.05,923.15,-8842.112292,-10531.44647,1
216,19,74,1.023,1.74,1.3,10.4513,7.6462,126.904,336.5,386.65,923.15,-6822.075172,-8511.435433,1
217,11,18,1.228,0.971,0.97,12.9676,5.1391,35.453,371.15,172.31,371.15,-6355.65018,-7660.913295,1
218,11,18,3.582,0.534,0.57,12.9676,5.3917,18.998,371.15,53.63,453.85,-7561.567175,-7762.734297,1
219,37,74,0.897,2.7,1.3,10.4513,5.9858,126.904,312.79,386.65,933.4,-6620.778866,-6729.042567,1
220,11,45,1.228,0.971,1.1,11.8138,5.1391,79.904,371.15,266.05,371.15,-7007.75117,-8313.067555,1
221,19,45,1.228,0.971,1.1,11.8138,5.1391,79.904,453.85,266.05,371.15,-4903.262548,-6208.584277,1
222,11,45,1.228,0.971,0.97,11.8138,5.1391,35.453,371.15,172.31,371.15,-6396.420853,-7701.747094,1
223,3,10,1.023,1.74,0.57,17.4228,7.6462,18.998,453.85,53.63,923.15,-5099.530655,-6788.987394,1
224,55,18,1.023,1.74,0.97,12.9676,7.6462,35.453,336.5,172.31,923.15,-5314.29355,-7003.757404,1
225,19,74,1.023,1.74,1.3,10.4513,7.6462,126.904,336.5,386.65,923.15,-10203.06356,-11892.55069,1
226,19,45,1.228,0.971,1.1,11.8138,5.1391,79.904,336.5,266.05,371.15,-5982.225723,-7287.604085,1
227,11,74,1.023,1.74,1.1,10.4513,7.6462,79.904,371.15,266.05,923.15,-10232.14793,-11921.64752,1
228,55,18,1.228,0.971,0.97,12.9676,5.1391,35.453,336.5,172.31,371.15,-5314.29355,-6619.691422,1
229,11,45,1.228,0.971,1.1,11.8138,5.1391,79.904,371.15,266.05,371.15,-6518.84666,-7824.260711,1
230,37,74,0.897,2.7,1.3,10.4513,5.9858,126.904,312.79,386.65,933.4,-10001.63084,-10110.03016,1
231,3,18,1.023,1.74,0.57,12.9676,7.6462,18.998,453.85,53.63,923.15,-5350.647037,-7040.246791,1
232,19,18,0.757,0.862,0.97,12.9676,4.3407,18.998,336.5,53.63,336.5,-6296.270377,-7087.939121,1
233,19,18,1.228,0.971,0.97,12.9676,5.1391,35.453,336.5,172.31,371.15,-8711.538467,-10017.06697,1
234,19,74,1.228,0.971,1.1,10.4513,5.1391,35.453,336.5,53.63,371.15,-9362.816322,-10668.36007,1
235,11,45,1.023,1.74,1.1,11.8138,7.6462,79.904,371.15,266.05,923.15,-9899.854619,-11589.51334,1
236,55,74,1.023,1.74,1.3,10.4513,7.6462,79.904,301.7,266.05,923.15,-6125.679725,-7815.352131,1
237,19,18,1.228,0.971,0.97,12.9676,5.1391,35.453,371.15,172.31,371.15,-6331.743092,-7637.314421,1
238,55,18,0.897,2.7,1.3,12.9676,5.9858,126.904,301.7,386.65,933.4,-9797.945739,-9906.481228,1
239,37,74,1.023,1.74,1.3,10.4513,7.6462,126.904,312.79,386.65,923.15,-6620.778866,-8310.481465,1
240,55,74,0.897,2.7,1.3,10.4513,5.9858,79.904,301.7,266.05,933.4,-6125.679725,-6234.225211,1
241,19,18,1.228,0.971,0.97,12.9676,5.1391,35.453,336.5,172.31,371.15,-5330.191646,-6635.799551,1
242,37,18,1.228,0.971,0.97,12.9676,5.1391,35.453,312.79,172.31,371.15,-5617.54622,-6923.158074,1
243,3,18,0.757,0.862,0.97,12.9676,4.3407,35.453,453.85,172.31,336.5,-7533.576049,-8325.386787,1
244,3,74,1.228,0.971,1.3,10.4513,5.1391,126.904,453.85,386.65,371.15,-5642.303438,-6947.994435,1
245,19,10,1.228,0.971,0.57,17.4228,5.1391,18.998,336.5,53.63,371.15,-9661.038478,-10966.7589,1
246,37,18,1.228,0.971,0.97,12.9676,5.1391,35.453,312.79,172.31,371.15,-5128.741271,-6434.465635,1
247,3,10,1.023,1.74,0.57,17.4228,7.6462,18.998,453.85,53.63,923.15,-8480.280947,-10170.13787,1
248,37,18,1.228,0.971,0.97,12.9676,5.1391,35.453,312.79,172.31,371.15,-8509.822242,-9815.573563,1
249,55,18,1.228,0.971,0.97,12.9676,5.1391,35.453,301.7,172.31,371.15,-5298.103631,-6603.858528,1
250,55,74,1.023,1.74,1.3,10.4513,7.6462,126.904,301.7,386.65,923.15,-7279.26879,-8969.13887,1
251,19,18,1.228,0.971,0.97,12.9676,5.1391,35.453,336.5,172.31,371.15,-5819.009288,-7124.778701,1
252,37,45,1.228,0.971,1.1,11.8138,5.1391,79.904,336.5,266.05,371.15,-8773.559922,-10079.33207,1
253,3,45,1.228,0.971,1.1,11.8138,5.1391,79.904,453.85,266.05,371.15,-4313.218895,-5618.992769,1
254,37,45,0.757,0.862,0.57,11.8138,4.3407,18.998,312.79,53.63,336.5,-6373.053415,-7165.013386,1
255,11,18,1.228,0.971,0.97,12.9676,5.1391,35.453,371.15,172.31,371.15,-6844.478788,-8150.297915,1
256,55,74,0.897,2.7,1.3,10.4513,5.9858,126.904,301.7,386.65,933.4,-7279.26879,-7388.073908,1
257,19,45,1.228,0.971,1.1,11.8138,5.1391,79.904,336.5,266.05,371.15,-5493.301198,-6799.164641,1
258,37,45,1.228,0.971,1.1,11.8138,5.1391,79.904,312.79,266.05,371.15,-5291.778399,-6597.647314,1
259,37,74,1.023,1.74,1.3,10.4513,7.6462,126.904,312.79,386.65,923.15,-10001.63084,-11691.6157,1
260,55,18,1.228,0.971,0.97,12.9676,5.1391,35.453,301.7,172.31,371.15,-8679.194419,-9985.069308,1
261,19,18,0.647,1.54,0.97,12.9676,6.1132,18.998,336.5,53.63,1112.15,-6296.270377,-7300.340436,1
262,55,18,1.228,0.971,0.97,12.9676,5.1391,35.453,301.7,172.31,371.15,-5786.899021,-7092.810777,1
263,37,45,1.228,0.971,1.1,11.8138,5.1391,79.904,312.79,266.05,371.15,-5780.669715,-7086.59024,1
264,55,18,1.023,1.74,1.3,12.9676,7.6462,126.904,301.7,386.65,923.15,-9797.945739,-11487.98058,1
265,55,74,0.897,2.7,1.3,10.4513,5.9858,126.904,312.79,386.65,933.4,-10086.33636,-10195.28054,1
266,3,18,3.582,0.534,0.97,12.9676,5.3917,35.453,453.85,172.31,453.85,-4638.725673,-4840.606396,1
267,11,74,0.897,2.7,1.3,10.4513,5.9858,126.904,371.15,386.65,933.4,-11228.63344,-11337.6087,1
268,11,18,1.228,0.971,0.97,12.9676,5.1391,35.453,371.15,172.31,371.15,-9736.743457,-11042.77474,1
269,55,45,1.228,0.971,1.1,11.8138,5.1391,79.904,301.7,266.05,371.15,-5461.108635,-6767.153393,1
270,11,74,1.228,0.971,1.3,10.4513,5.1391,126.904,371.15,386.65,371.15,-7847.815822,-9153.864263,1
271,55,45,1.228,0.971,1.1,11.8138,5.1391,79.904,301.7,266.05,371.15,-5949.968748,-7256.03489,1
272,19,18,1.228,0.971,1.3,12.9676,5.1391,79.904,336.5,266.05,371.15,-5784.632888,-7090.709335,1
273,11,10,1.023,1.74,0.57,17.4228,7.6462,18.998,371.15,53.63,923.15,-7794.302965,-9484.500286,1
274,37,74,1.228,0.971,1.3,10.4513,5.1391,35.453,312.79,266.05,371.15,-5874.601158,-7180.716513,1
275,19,45,1.228,0.971,1.1,11.8138,5.1391,79.904,336.5,266.05,371.15,-8874.309696,-10180.42806,1
276,55,74,1.023,1.74,1.3,10.4513,7.6462,126.904,312.79,386.65,923.15,-10086.33636,-11776.60554,1
277,3,18,3.582,0.534,0.97,12.9676,5.3917,35.453,453.85,172.31,453.85,-7533.576049,-7735.60207,1
278,55,45,1.228,0.971,1.1,11.8138,5.1391,79.904,301.7,266.05,371.15,-8842.112292,-10148.28132,1
279,3,74,1.228,0.971,1.1,10.4513,5.1391,79.904,453.85,266.05,371.15,-8026.537709,-9332.709695,1
280,37,74,1.228,0.971,1.3,10.4513,5.1391,126.904,312.79,386.65,371.15,-7109.915657,-8416.088452,1
281,19,18,0.757,0.862,0.97,12.9676,4.3407,35.453,336.5,172.31,336.5,-5330.191646,-6122.549969,1
282,37,45,1.228,0.971,1.1,11.8138,5.1391,79.904,312.79,266.05,371.15,-8672.777297,-9978.983124,1
283,55,74,1.023,1.74,1.3,10.4513,7.6462,126.904,301.7,386.65,923.15,-6790.158099,-8480.494987,1
284,11,74,1.228,0.971,1.3,10.4513,5.1391,126.904,371.15,386.65,371.15,-11228.63344,-12534.90211,1
285,37,45,0.647,1.54,0.57,11.8138,6.1132,18.998,312.79,53.63,1112.15,-6373.053415,-7377.494087,1
286,19,18,0.757,0.862,0.97,12.9676,4.3407,35.453,336.5,172.31,336.5,-8711.538467,-9504.006396,1
287,3,45,1.228,0.971,1.1,11.8138,5.1391,79.904,453.85,266.05,371.15,-4802.114496,-6108.444117,1
288,37,10,1.228,0.971,0.57,17.4228,5.1391,18.998,312.79,53.63,371.15,-9459.697537,-10766.03719,1
289,11,18,0.647,1.54,0.97,12.9676,6.1132,35.453,371.15,172.31,1112.15,-6844.478788,-7848.984836,1
290,19,74,1.228,0.971,1.3,10.4513,5.1391,126.904,336.5,386.65,371.15,-7311.272416,-8617.622625,1
291,3,18,0.647,1.54,0.97,12.9676,6.1132,35.453,453.85,172.31,1112.15,-4638.725673,-5643.238651,1
292,55,74,0.897,2.7,1.3,10.4513,5.9858,126.904,301.7,386.65,933.4,-6790.158099,-6899.476701,1
293,3,74,0.647,1.54,1.1,10.4513,6.1132,79.904,453.85,266.05,1112.15,-8026.537709,-9031.080309,1
294,37,74,1.228,0.971,1.3,10.4513,5.1391,126.904,312.79,386.65,371.15,-6620.778866,-7927.168117,1
295,19,18,3.582,0.534,0.97,12.9676,5.3917,18.998,336.5,53.63,453.85,-6296.270377,-6498.548788,1
296,11,45,0.757,0.862,0.97,11.8138,4.3407,35.453,371.15,172.31,336.5,-6396.420853,-7189.006756,1
297,11,45,1.228,0.971,1.1,11.8138,5.1391,79.904,371.15,266.05,371.15,-9899.854619,-11206.2711,1
298,11,74,1.228,0.971,1.3,10.4513,5.1391,126.904,371.15,386.65,371.15,-8337.023484,-9643.44873,1
299,55,74,1.228,0.971,1.3,10.4513,5.1391,79.904,301.7,266.05,371.15,-6125.679725,-7432.10837,1
300,37,18,0.757,0.862,0.97,12.9676,4.3407,35.453,312.79,172.31,336.5,-5128.741271,-5921.361869,1
301,55,74,1.228,0.971,1.3,10.4513,5.1391,126.904,301.7,386.65,371.15,-7279.26879,-8585.721806,1
302,37,74,1.228,0.971,1.3,10.4513,5.1391,126.904,312.79,386.65,371.15,-10001.63084,-11308.08457,1
303,55,74,1.023,1.74,1.3,10.4513,7.6462,126.904,301.7,386.65,923.15,-10171.02572,-11861.59289,1
304,3,45,0.647,1.54,1.1,11.8138,6.1132,79.904,453.85,266.05,1112.15,-4802.114496,-5806.737848,1
305,55,18,0.757,0.862,0.97,12.9676,4.3407,35.453,336.5,172.31,336.5,-5314.29355,-6106.935942,1
306,37,74,0.757,0.862,0.57,10.4513,4.3407,18.998,312.79,53.63,336.5,-9596.362342,-10389.04089,1
307,19,18,0.757,0.862,0.97,12.9676,4.3407,35.453,336.5,172.31,336.5,-5819.009288,-6611.690674,1
308,19,74,0.757,0.862,1.1,10.4513,4.3407,35.453,336.5,53.63,336.5,-9362.816322,-10155.50099,1
309,55,74,0.897,2.7,1.3,10.4513,5.9858,126.904,301.7,386.65,933.4,-10171.02572,-10280.49447,1
310,55,10,1.228,0.971,0.57,17.4228,5.1391,18.998,301.7,53.63,371.15,-9629.213756,-10935.73728,1
311,19,18,0.647,1.54,0.97,12.9676,6.1132,35.453,371.15,172.31,1112.15,-6331.743092,-7336.428106,1
312,19,74,1.228,0.971,1.3,10.4513,5.1391,126.904,336.5,386.65,371.15,-10203.06356,-11509.62561,1
313,19,74,1.228,0.971,1.3,10.4513,5.1391,126.904,336.5,386.65,371.15,-6822.075172,-8128.653947,1
314,37,45,0.757,0.862,1.1,11.8138,4.3407,79.904,312.79,266.05,336.5,-5780.669715,-6573.421878,1
315,3,45,3.582,0.534,1.1,11.8138,5.3917,79.904,453.85,266.05,453.85,-4802.114496,-5004.575691,1
316,11,74,1.228,0.971,1.1,10.4513,5.1391,79.904,371.15,266.05,371.15,-10232.14793,-11538.74361,1
317,37,10,1.023,1.74,0.57,17.4228,7.6462,18.998,312.79,53.63,923.15,-6567.604186,-8258.310385,1
318,55,18,1.228,0.971,1.3,12.9676,5.1391,126.904,301.7,386.65,371.15,-9797.945739,-11104.55586,1
319,11,45,0.757,0.862,1.1,11.8138,4.3407,79.904,371.15,266.05,336.5,-7007.75117,-7800.548916,1
320,37,18,0.757,0.862,0.97,12.9676,4.3407,35.453,312.79,172.31,336.5,-8509.822242,-9302.623806,1
321,37,45,3.582,0.534,0.57,11.8138,5.3917,18.998,312.79,53.63,453.85,-6373.053415,-6575.557981,1
322,19,18,0.757,0.862,1.3,12.9676,4.3407,79.904,336.5,266.05,336.5,-5784.632888,-6577.460627,1
323,37,18,0.757,0.862,0.97,12.9676,4.3407,35.453,312.79,172.31,336.5,-5617.54622,-6410.376556,1
324,11,45,0.647,1.54,0.97,11.8138,6.1132,35.453,371.15,172.31,1112.15,-6396.420853,-7401.244842,1
325,19,45,0.757,0.862,1.1,11.8138,4.3407,79.904,336.5,266.05,336.5,-5982.225723,-6775.090466,1
326,3,74,1.228,0.971,1.3,10.4513,5.1391,126.904,453.85,386.65,371.15,-6131.508999,-7438.209109,1
327,55,74,1.228,0.971,1.3,10.4513,5.1391,126.904,312.79,386.65,371.15,-10086.33636,-11393.03672,1
328,55,18,0.757,0.862,0.97,12.9676,4.3407,35.453,301.7,172.31,336.5,-5298.103631,-6090.979947,1
329,37,10,1.023,1.74,0.57,17.4228,7.6462,18.998,312.79,53.63,923.15,-6078.786385,-7769.613414,1
330,55,74,1.228,0.971,1.3,10.4513,5.1391,126.904,301.7,386.65,371.15,-10171.02572,-11477.7618,1
331,19,45,0.757,0.862,1.1,11.8138,4.3407,79.904,336.5,266.05,336.5,-5493.301198,-6286.217941,1
332,3,10,1.023,1.74,0.57,17.4228,7.6462,18.998,453.85,53.63,923.15,-5587.936867,-7278.8457,1
333,55,74,0.824,0.0017,1.3,10.4513,17.4228,126.904,301.7,386.65,53.63,-10171.02572,-10830.40812,1
334,3,45,3.582,0.534,1.1,11.8138,5.3917,79.904,453.85,266.05,453.85,-7694.23077,-7896.908529,1
335,3,45,1.228,0.971,0.97,11.8138,5.1391,35.453,453.85,172.31,371.15,-4190.742257,-5497.554165,1
336,55,18,0.757,0.862,0.97,12.9676,4.3407,35.453,301.7,172.31,336.5,-8679.194419,-9472.183932,1
337,55,74,1.228,0.971,1.3,10.4513,5.1391,126.904,301.7,386.65,371.15,-6790.158099,-8096.97808,1
338,3,45,0.647,1.54,1.1,11.8138,6.1132,79.904,453.85,266.05,1112.15,-4313.218895,-5318.234153,1
339,19,45,3.582,0.534,1.1,11.8138,5.3917,79.904,453.85,266.05,453.85,-4903.262548,-5105.992066,1
340,11,45,3.582,0.534,1.1,11.8138,5.3917,79.904,371.15,266.05,453.85,-7007.75117,-7210.490046,1
341,55,18,0.757,0.862,0.97,12.9676,4.3407,35.453,301.7,172.31,336.5,-5786.899021,-6579.948684,1
342,19,45,0.757,0.862,1.1,11.8138,4.3407,79.904,336.5,266.05,336.5,-8874.309696,-9667.359894,1
343,37,45,0.757,0.862,1.1,11.8138,4.3407,79.904,312.79,266.05,336.5,-5291.778399,-6084.828907,1
344,11,45,0.757,0.862,1.1,11.8138,4.3407,79.904,371.15,266.05,336.5,-6518.84666,-7311.898521,1
345,11,18,0.757,0.862,0.97,12.9676,4.3407,35.453,371.15,172.31,336.5,-6355.65018,-7148.716133,1
346,37,45,0.757,0.862,1.1,11.8138,4.3407,79.904,336.5,266.05,336.5,-8773.559922,-9566.650754,1
347,19,18,3.582,0.534,0.97,12.9676,5.3917,35.453,336.5,172.31,453.85,-5330.191646,-5533.025084,1
348,37,74,0.757,0.862,1.3,10.4513,4.3407,35.453,312.79,266.05,336.5,-5874.601158,-6667.758394,1
349,11,45,0.647,1.54,1.1,11.8138,6.1132,79.904,371.15,266.05,1112.15,-7007.75117,-8012.895807,1
350,11,45,3.582,0.534,1.1,11.8138,5.3917,79.904,371.15,266.05,453.85,-6518.84666,-6721.73426,1
351,37,45,0.757,0.862,1.1,11.8138,4.3407,79.904,312.79,266.05,336.5,-8672.777297,-9465.970218,1
352,19,18,0.757,0.862,0.97,12.9676,4.3407,35.453,371.15,172.31,336.5,-6331.743092,-7124.944749,1
353,55,18,0.824,0.0017,1.3,12.9676,17.4228,126.904,301.7,386.65,53.63,-9797.945739,-10457.56431,1
354,19,45,3.582,0.534,1.1,11.8138,5.3917,79.904,336.5,266.05,453.85,-5982.225723,-6185.157142,1
355,55,45,0.757,0.862,1.1,11.8138,4.3407,79.904,301.7,266.05,336.5,-5949.968748,-6743.212004,1
356,3,74,3.582,0.534,1.3,10.4513,5.3917,126.904,453.85,386.65,453.85,-6131.508999,-6334.453773,1
357,11,10,0.647,1.54,0.57,17.4228,6.1132,18.998,371.15,53.63,1112.15,-7305.485436,-8310.728009,1
358,3,18,1.228,0.971,0.97,12.9676,5.1391,35.453,453.85,172.31,371.15,-4149.964295,-5457.048976,1
359,3,18,1.228,0.971,0.97,12.9676,5.1391,35.453,453.85,172.31,371.15,-4638.725673,-5945.816225,1
360,19,18,3.582,0.534,0.97,12.9676,5.3917,35.453,336.5,172.31,453.85,-8711.538467,-8914.496826,1
361,11,74,0.757,0.862,1.3,10.4513,4.3407,126.904,371.15,386.65,336.5,-8337.023484,-9130.288203,1
362,55,74,0.824,0.0017,1.3,10.4513,17.4228,126.904,301.7,386.65,53.63,-6790.158099,-7449.843491,1
363,3,45,1.228,0.971,1.1,11.8138,5.1391,79.904,453.85,266.05,371.15,-7694.23077,-9001.34388,1
364,55,74,0.824,0.0017,1.3,10.4513,17.4228,126.904,312.79,386.65,53.63,-10086.33636,-10746.03179,1
365,11,10,1.023,1.74,0.57,17.4228,7.6462,18.998,453.85,53.63,923.15,-6691.40951,-8382.657239,1
366,11,74,0.757,0.862,1.1,10.4513,4.3407,79.904,371.15,266.05,336.5,-10232.14793,-11025.47534,1
367,55,45,0.757,0.862,1.1,11.8138,4.3407,79.904,301.7,266.05,336.5,-5461.108635,-6254.455892,1
368,19,74,0.757,0.862,1.3,10.4513,4.3407,126.904,336.5,386.65,336.5,-7311.272416,-8104.625941,0
369,11,18,3.582,0.534,0.97,12.9676,5.3917,35.453,371.15,172.31,453.85,-9736.743457,-9939.802546,0
370,55,10,1.228,0.971,0.57,17.4228,5.1391,18.998,301.7,53.63,371.15,-6248.282588,-7555.489834,0
371,19,18,3.582,0.534,0.97,12.9676,5.3917,35.453,371.15,172.31,453.85,-6331.743092,-6534.828941,0
372,3,74,3.582,0.534,1.3,10.4513,5.3917,126.904,453.85,386.65,453.85,-5642.303438,-5845.394759,0
373,19,18,3.582,0.534,0.97,12.9676,5.3917,35.453,336.5,172.31,453.85,-5819.009288,-6022.122797,0
374,19,45,3.582,0.534,1.1,11.8138,5.3917,79.904,336.5,266.05,453.85,-5493.301198,-5696.422007,0
375,19,18,0.647,1.54,0.97,12.9676,6.1132,35.453,336.5,172.31,1112.15,-5819.009288,-6824.427568,0
376,37,74,0.824,0.0017,1.3,10.4513,17.4228,126.904,312.79,386.65,53.63,-10001.63084,-10661.46928,0
377,11,45,0.757,0.862,1.1,11.8138,4.3407,79.904,371.15,266.05,336.5,-9899.854619,-10693.29861,0
378,37,18,3.582,0.534,0.97,12.9676,5.3917,35.453,312.79,172.31,453.85,-5128.741271,-5331.895919,0
379,55,45,0.757,0.862,1.1,11.8138,4.3407,79.904,301.7,266.05,336.5,-8842.112292,-9635.575,0
380,55,18,3.582,0.534,0.97,12.9676,5.3917,35.453,336.5,172.31,453.85,-5314.29355,-5517.458997,0
381,37,74,0.757,0.862,1.3,10.4513,4.3407,126.904,312.79,386.65,336.5,-6620.778866,-7414.258845,0
382,19,10,1.228,0.971,0.57,17.4228,5.1391,18.998,336.5,53.63,371.15,-6280.142927,-7587.454538,0
383,37,10,1.228,0.971,0.57,17.4228,5.1391,18.998,312.79,53.63,371.15,-6078.786385,-7386.104113,0
384,11,18,0.757,0.862,0.97,12.9676,4.3407,35.453,371.15,172.31,336.5,-6844.478788,-7637.980045,0
385,19,18,3.582,0.534,1.3,12.9676,5.3917,79.904,336.5,266.05,453.85,-5784.632888,-5987.829279,0
386,37,74,0.757,0.862,1.3,10.4513,4.3407,126.904,312.79,386.65,336.5,-7109.915657,-7903.425593,0
387,19,18,0.647,1.54,0.97,12.9676,6.1132,35.453,336.5,172.31,1112.15,-5330.191646,-6335.701472,0
388,37,18,3.582,0.534,0.97,12.9676,5.3917,35.453,312.79,172.31,453.85,-5617.54622,-5820.788881,0
389,11,74,0.757,0.862,1.3,10.4513,4.3407,126.904,371.15,386.65,336.5,-7847.815822,-8641.371302,0
390,19,74,0.757,0.862,1.3,10.4513,4.3407,126.904,336.5,386.65,336.5,-6822.075172,-7615.632721,0
391,11,45,3.582,0.534,1.1,11.8138,5.3917,79.904,371.15,266.05,453.85,-9899.854619,-10103.11087,0
392,55,74,0.824,0.0017,1.3,10.4513,17.4228,126.904,301.7,386.65,53.63,-7279.26879,-7939.247624,0
393,19,74,0.757,0.862,1.3,10.4513,4.3407,126.904,336.5,386.65,336.5,-10203.06356,-10996.65761,0
394,37,74,3.582,0.534,0.57,10.4513,5.3917,18.998,312.79,53.63,453.85,-9596.362342,-9799.6605,0
395,19,45,3.582,0.534,1.1,11.8138,5.3917,79.904,336.5,266.05,453.85,-8874.309696,-9077.608862,0
396,11,74,0.757,0.862,1.3,10.4513,4.3407,126.904,371.15,386.65,336.5,-11228.63344,-12022.24371,0
397,55,74,0.757,0.862,1.3,10.4513,4.3407,126.904,301.7,386.65,336.5,-7279.26879,-8072.879262,0
398,3,74,0.757,0.862,1.3,10.4513,4.3407,126.904,453.85,386.65,336.5,-6131.508999,-6925.12544,0
399,55,74,0.757,0.862,1.3,10.4513,4.3407,79.904,301.7,266.05,336.5,-6125.679725,-6919.300468,0
400,11,45,0.647,1.54,1.1,11.8138,6.1132,79.904,371.15,266.05,1112.15,-6518.84666,-7524.456273,0
401,37,45,3.582,0.534,1.1,11.8138,5.3917,79.904,312.79,266.05,453.85,-5780.669715,-5983.994119,0
402,37,45,3.582,0.534,1.1,11.8138,5.3917,79.904,312.79,266.05,453.85,-5291.778399,-5495.109449,0
403,3,74,1.228,0.971,1.3,10.4513,5.1391,126.904,453.85,386.65,371.15,-9023.120631,-10330.59051,0
404,11,18,0.757,0.862,0.97,12.9676,4.3407,35.453,371.15,172.31,336.5,-9736.743457,-10530.39093,0
405,37,74,0.757,0.862,1.3,10.4513,4.3407,126.904,312.79,386.65,336.5,-10001.63084,-10795.29792,0
406,3,74,3.582,0.534,1.3,10.4513,5.3917,126.904,453.85,386.65,453.85,-9023.120631,-9226.48552,0
407,55,45,0.824,0.0017,1.1,11.8138,17.4228,79.904,301.7,266.05,53.63,-8842.112292,-9502.192275,0
408,3,45,3.582,0.534,1.1,11.8138,5.3917,79.904,453.85,266.05,453.85,-4313.218895,-4516.59033,0
409,37,74,0.824,0.0017,1.3,10.4513,17.4228,126.904,312.79,386.65,53.63,-6620.778866,-7280.861905,0
410,19,45,0.647,1.54,1.1,11.8138,6.1132,79.904,336.5,266.05,1112.15,-5982.225723,-6987.889319,0
411,11,18,0.647,1.54,0.97,12.9676,6.1132,35.453,371.15,172.31,1112.15,-6355.65018,-7361.323174,0
412,37,45,3.582,0.534,1.1,11.8138,5.3917,79.904,336.5,266.05,453.85,-8773.559922,-8976.945438,0
413,19,45,0.757,0.862,1.1,11.8138,4.3407,79.904,453.85,266.05,336.5,-4903.262548,-5696.954054,0
414,11,74,3.582,0.534,1.3,10.4513,5.3917,126.904,371.15,386.65,453.85,-8337.023484,-8540.411113,0
415,55,74,0.824,0.0017,1.3,10.4513,17.4228,79.904,301.7,266.05,53.63,-6125.679725,-6785.786,0
416,19,18,0.647,1.54,0.97,12.9676,6.1132,35.453,336.5,172.31,1112.15,-8711.538467,-9717.232181,0
417,37,18,3.582,0.534,0.97,12.9676,5.3917,35.453,312.79,172.31,453.85,-8509.822242,-8713.233164,0
418,55,74,0.757,0.862,1.3,10.4513,4.3407,126.904,301.7,386.65,336.5,-6790.158099,-7583.893705,0
419,55,10,1.023,1.74,0.57,17.4228,7.6462,18.998,301.7,53.63,923.15,-6737.099574,-8428.774771,0
420,55,18,3.582,0.534,0.97,12.9676,5.3917,35.453,301.7,172.31,453.85,-5298.103631,-5501.547492,0
421,3,45,0.757,0.862,1.1,11.8138,4.3407,79.904,453.85,266.05,336.5,-7694.23077,-8487.980714,0
422,55,10,0.757,0.862,0.57,17.4228,4.3407,18.998,301.7,53.63,336.5,-9629.213756,-10422.97322,0
423,19,10,1.023,1.74,0.57,17.4228,7.6462,18.998,336.5,53.63,923.15,-6768.966846,-8460.680126,0
424,37,45,3.582,0.534,1.1,11.8138,5.3917,79.904,312.79,266.05,453.85,-8672.777297,-8876.247754,0
425,11,74,3.582,0.534,1.1,10.4513,5.3917,79.904,371.15,266.05,453.85,-10232.14793,-10435.62144,0
426,11,18,3.582,0.534,0.97,12.9676,5.3917,35.453,371.15,172.31,453.85,-6844.478788,-7047.953982,0
427,55,18,3.582,0.534,0.97,12.9676,5.3917,35.453,301.7,172.31,453.85,-8679.194419,-8882.674113,0
428,37,10,0.757,0.862,0.57,17.4228,4.3407,18.998,312.79,53.63,336.5,-9459.697537,-10253.48306,0
429,19,74,3.582,0.534,1.1,10.4513,5.3917,35.453,336.5,53.63,453.85,-9362.816322,-9566.308635,0
430,3,18,0.647,1.54,0.97,12.9676,6.1132,35.453,453.85,172.31,1112.15,-4149.964295,-5155.756431,0
431,55,74,0.757,0.862,1.3,10.4513,4.3407,126.904,312.79,386.65,336.5,-10086.33636,-10880.14212,0
432,55,18,3.582,0.534,0.97,12.9676,5.3917,35.453,301.7,172.31,453.85,-5786.899021,-5990.416042,0
433,37,18,0.647,1.54,0.97,12.9676,6.1132,35.453,312.79,172.31,1112.15,-5617.54622,-6623.355641,0
434,3,45,0.647,1.54,1.1,11.8138,6.1132,79.904,453.85,266.05,1112.15,-7694.23077,-8700.051778,0
435,11,18,0.647,1.54,0.97,12.9676,6.1132,35.453,371.15,172.31,1112.15,-9736.743457,-10742.565,0
436,55,45,3.582,0.534,1.1,11.8138,5.3917,79.904,301.7,266.05,453.85,-5949.968748,-6153.508036,0
437,19,10,1.228,0.971,0.57,17.4228,5.1391,18.998,336.5,53.63,371.15,-6768.966846,-8076.643115,0
438,3,74,0.647,1.54,1.3,10.4513,6.1132,126.904,453.85,386.65,1112.15,-6131.508999,-7137.350856,0
439,3,74,0.757,0.862,1.3,10.4513,4.3407,126.904,453.85,386.65,336.5,-5642.303438,-6436.165303,0
440,55,45,0.824,0.0017,1.1,11.8138,17.4228,79.904,301.7,266.05,53.63,-5461.108635,-6121.395633,0
441,19,74,0.824,0.0017,1.3,10.4513,17.4228,126.904,336.5,386.65,53.63,-10203.06356,-10863.35937,0
442,55,18,0.757,0.862,1.3,12.9676,4.3407,126.904,301.7,386.65,336.5,-9797.945739,-10591.84172,0
443,11,18,3.582,0.534,0.97,12.9676,5.3917,35.453,371.15,172.31,453.85,-6355.65018,-6559.25652,0
444,55,10,1.228,0.971,0.57,17.4228,5.1391,18.998,301.7,53.63,371.15,-6737.099574,-8044.846095,0
445,37,10,1.228,0.971,0.57,17.4228,5.1391,18.998,312.79,53.63,371.15,-6567.604186,-7875.353385,0
446,19,74,3.582,0.534,1.3,10.4513,5.3917,126.904,336.5,386.65,453.85,-7311.272416,-7514.890359,0
447,3,18,3.582,0.534,0.97,12.9676,5.3917,35.453,453.85,172.31,453.85,-4149.964295,-4353.582823,0
448,37,74,3.582,0.534,1.3,10.4513,5.3917,35.453,312.79,266.05,453.85,-5874.601158,-6078.223768,0
449,19,10,0.757,0.862,0.57,17.4228,4.3407,18.998,336.5,53.63,336.5,-9661.038478,-10454.97452,0
450,55,45,3.582,0.534,1.1,11.8138,5.3917,79.904,301.7,266.05,453.85,-8842.112292,-9045.746155,0
451,3,45,0.757,0.862,1.1,11.8138,4.3407,79.904,453.85,266.05,336.5,-4802.114496,-5596.057878,0
452,11,45,3.582,0.534,0.97,11.8138,5.3917,35.453,371.15,172.31,453.85,-6396.420853,-6600.061339,0
453,37,74,0.824,0.0017,1.3,10.4513,17.4228,126.904,312.79,386.65,53.63,-7109.915657,-7770.277551,0
454,3,45,0.757,0.862,1.1,11.8138,4.3407,79.904,453.85,266.05,336.5,-4313.218895,-5107.181505,0
455,3,45,0.647,1.54,0.97,11.8138,6.1132,35.453,453.85,172.31,1112.15,-4190.742257,-5196.698315,0
456,55,45,3.582,0.534,1.1,11.8138,5.3917,79.904,301.7,266.05,453.85,-5461.108635,-5664.775263,0
457,55,18,0.647,1.54,0.97,12.9676,6.1132,35.453,336.5,172.31,1112.15,-5314.29355,-6320.283567,0
458,37,18,0.647,1.54,0.97,12.9676,6.1132,35.453,312.79,172.31,1112.15,-5128.741271,-6134.740926,0
459,11,74,3.582,0.534,1.3,10.4513,5.3917,126.904,371.15,386.65,453.85,-11228.63344,-11432.35485,0
460,37,74,3.582,0.534,1.3,10.4513,5.3917,126.904,312.79,386.65,453.85,-7109.915657,-7313.663079,0
461,11,10,1.228,0.971,0.57,17.4228,5.1391,18.998,371.15,53.63,371.15,-7305.485436,-8613.372493,0
462,55,74,0.757,0.862,1.3,10.4513,4.3407,126.904,301.7,386.65,336.5,-10171.02572,-10965.11257,0
463,11,74,3.582,0.534,1.3,10.4513,5.3917,126.904,371.15,386.65,453.85,-7847.815822,-8051.618908,0
464,37,10,0.757,0.862,0.57,17.4228,4.3407,18.998,312.79,53.63,336.5,-6567.604186,-7361.715139,0
465,11,45,0.647,1.54,1.1,11.8138,6.1132,79.904,371.15,266.05,1112.15,-9899.854619,-10905.95763,0
466,37,45,0.824,0.0017,1.1,11.8138,17.4228,79.904,312.79,266.05,53.63,-8672.777297,-9333.30047,0
467,3,45,0.757,0.862,0.97,11.8138,4.3407,35.453,453.85,172.31,336.5,-4190.742257,-4984.873351,0
468,37,74,3.582,0.534,1.3,10.4513,5.3917,126.904,312.79,386.65,453.85,-6620.778866,-6824.605524,0
469,19,74,3.582,0.534,1.3,10.4513,5.3917,126.904,336.5,386.65,453.85,-6822.075172,-7025.917621,0
470,55,18,0.824,0.0017,0.97,12.9676,17.4228,35.453,301.7,172.31,53.63,-8679.194419,-9339.75566,0
471,11,74,0.647,1.54,1.1,10.4513,6.1132,79.904,371.15,266.05,1112.15,-10232.14793,-11238.31578,0
472,37,10,0.757,0.862,0.57,17.4228,4.3407,18.998,312.79,53.63,336.5,-6078.786385,-6872.971869,0
473,19,74,0.824,0.0017,1.3,10.4513,17.4228,126.904,336.5,386.65,53.63,-6822.075172,-7482.680574,0
474,3,74,0.757,0.862,1.1,10.4513,4.3407,79.904,453.85,266.05,336.5,-8026.537709,-8820.751577,0
475,11,10,1.228,0.971,0.57,17.4228,5.1391,18.998,371.15,53.63,371.15,-10686.34741,-11994.39791,0
476,55,45,0.824,0.0017,1.1,11.8138,17.4228,79.904,301.7,266.05,53.63,-5949.968748,-6610.606995,0
477,19,45,0.647,1.54,1.1,11.8138,6.1132,79.904,453.85,266.05,1112.15,-4903.262548,-5909.48735,0
478,55,74,0.647,1.54,1.3,10.4513,6.1132,126.904,301.7,386.65,1112.15,-7279.26879,-8285.500756,0
479,37,45,0.824,0.0017,1.1,11.8138,17.4228,79.904,336.5,266.05,53.63,-8773.559922,-9434.222494,0
480,19,45,0.647,1.54,1.1,11.8138,6.1132,79.904,336.5,266.05,1112.15,-5493.301198,-6499.565249,0
481,55,10,0.757,0.862,0.57,17.4228,4.3407,18.998,301.7,53.63,336.5,-6248.282588,-7042.567829,0
482,19,74,3.582,0.534,1.3,10.4513,5.3917,126.904,336.5,386.65,453.85,-10203.06356,-10407.04473,0
483,55,74,3.582,0.534,1.3,10.4513,5.3917,79.904,301.7,266.05,453.85,-6125.679725,-6329.662147,0
484,3,10,0.647,1.54,0.57,17.4228,6.1132,18.998,453.85,53.63,1112.15,-5099.530655,-6105.807017,0
485,3,74,0.757,0.862,1.3,10.4513,4.3407,126.904,453.85,386.65,336.5,-9023.120631,-9817.424335,0
486,55,18,0.824,0.0017,0.97,12.9676,17.4228,35.453,301.7,172.31,53.63,-5298.103631,-5958.825895,0
487,37,74,3.582,0.534,1.3,10.4513,5.3917,126.904,312.79,386.65,453.85,-10001.63084,-10205.64241,0
488,19,74,0.647,1.54,1.1,10.4513,6.1132,35.453,336.5,53.63,1112.15,-9362.816322,-10369.12985,0
489,55,74,3.582,0.534,1.3,10.4513,5.3917,126.904,301.7,386.65,453.85,-7279.26879,-7483.312344,0
490,37,45,0.824,0.0017,1.1,11.8138,17.4228,79.904,312.79,266.05,53.63,-5291.778399,-5952.541051,0
491,37,74,0.824,0.0017,1.3,10.4513,17.4228,35.453,312.79,266.05,53.63,-5874.601158,-6535.364401,0
492,37,18,0.647,1.54,0.97,12.9676,6.1132,35.453,312.79,172.31,1112.15,-8509.822242,-9516.19623,0
493,11,10,0.647,1.54,0.57,17.4228,6.1132,18.998,371.15,53.63,1112.15,-7794.302965,-8800.677242,0
494,37,45,0.647,1.54,1.1,11.8138,6.1132,79.904,312.79,266.05,1112.15,-5780.669715,-6787.051943,0
495,3,74,0.647,1.54,1.3,10.4513,6.1132,126.904,453.85,386.65,1112.15,-5642.303438,-6648.689539,0
496,19,10,0.757,0.862,0.57,17.4228,4.3407,18.998,336.5,53.63,336.5,-6280.142927,-7074.55528,0
497,55,74,3.582,0.534,1.3,10.4513,5.3917,126.904,301.7,386.65,453.85,-6790.158099,-6994.270306,0
498,3,18,0.757,0.862,0.97,12.9676,4.3407,35.453,453.85,172.31,336.5,-4149.964295,-4944.401162,0
499,55,10,0.757,0.862,0.57,17.4228,4.3407,18.998,301.7,53.63,336.5,-6737.099574,-7531.537939,0
500,11,74,0.647,1.54,1.3,10.4513,6.1132,126.904,371.15,386.65,1112.15,-8337.023484,-9343.450666,0
501,19,74,0.824,0.0017,1.3,10.4513,17.4228,126.904,336.5,386.65,53.63,-7311.272416,-7972.120444,0
502,55,18,3.582,0.534,1.3,12.9676,5.3917,126.904,301.7,386.65,453.85,-9797.945739,-10002.08816,0
503,3,18,0.757,0.862,0.97,12.9676,4.3407,35.453,453.85,172.31,336.5,-4638.725673,-5433.205286,0
504,3,45,3.582,0.534,0.97,11.8138,5.3917,35.453,453.85,172.31,453.85,-4190.742257,-4394.926228,0
505,55,18,0.647,1.54,0.97,12.9676,6.1132,35.453,301.7,172.31,1112.15,-5786.899021,-6793.379925,0
506,55,10,3.582,0.534,0.57,17.4228,5.3917,18.998,301.7,53.63,453.85,-9629.213756,-9833.417661,0
507,3,18,0.647,1.54,0.57,12.9676,6.1132,18.998,453.85,53.63,1112.15,-5350.647037,-6357.149923,0
508,19,45,0.647,1.54,1.1,11.8138,6.1132,79.904,336.5,266.05,1112.15,-8874.309696,-9880.813491,0
509,37,10,3.582,0.534,0.57,17.4228,5.3917,18.998,312.79,53.63,453.85,-9459.697537,-9663.9228,0
510,19,10,3.582,0.534,0.57,17.4228,5.3917,18.998,336.5,53.63,453.85,-9661.038478,-9865.293006,0
511,55,74,3.582,0.534,1.3,10.4513,5.3917,126.904,312.79,386.65,453.85,-10086.33636,-10290.60066,0
512,19,18,0.824,0.0017,1.3,12.9676,17.4228,79.904,336.5,266.05,53.63,-5784.632888,-6445.611374,0
513,37,45,0.824,0.0017,1.1,11.8138,17.4228,79.904,312.79,266.05,53.63,-5780.669715,-6441.680488,0
514,19,45,0.824,0.0017,1.1,11.8138,17.4228,79.904,336.5,266.05,53.63,-8874.309696,-9535.324441,0
515,19,10,0.757,0.862,0.57,17.4228,4.3407,18.998,336.5,53.63,336.5,-6768.966846,-7563.599776,0
516,55,18,0.647,1.54,0.97,12.9676,6.1132,35.453,301.7,172.31,1112.15,-5298.103631,-6304.744247,0
517,55,74,3.582,0.534,1.3,10.4513,5.3917,126.904,301.7,386.65,453.85,-10171.02572,-10375.37808,0
518,37,18,0.824,0.0017,0.97,12.9676,17.4228,35.453,312.79,172.31,53.63,-8509.822242,-9170.886226,0
519,11,10,0.647,1.54,0.57,17.4228,6.1132,18.998,453.85,53.63,1112.15,-6691.40951,-7698.099445,0
520,19,45,0.824,0.0017,1.1,11.8138,17.4228,79.904,336.5,266.05,53.63,-5493.301198,-6154.430939,0
521,19,18,0.647,1.54,1.3,12.9676,6.1132,79.904,336.5,266.05,1112.15,-5784.632888,-6791.353204,0
522,11,10,1.228,0.971,0.57,17.4228,5.1391,18.998,371.15,53.63,371.15,-7794.302965,-9102.876451,0
523,37,45,0.647,1.54,1.1,11.8138,6.1132,79.904,312.79,266.05,1112.15,-5291.778399,-6298.514721,0
524,55,18,0.824,0.0017,0.97,12.9676,17.4228,35.453,336.5,172.31,53.63,-5314.29355,-5975.478832,0
525,11,74,0.647,1.54,1.3,10.4513,6.1132,126.904,371.15,386.65,1112.15,-7847.815822,-8854.58169,0
526,11,74,0.824,0.0017,1.3,10.4513,17.4228,126.904,371.15,386.65,53.63,-11228.63344,-11889.82218,0
527,3,10,0.647,1.54,0.57,17.4228,6.1132,18.998,453.85,53.63,1112.15,-5587.936867,-6594.735537,0
528,3,74,3.582,0.534,1.1,10.4513,5.3917,79.904,453.85,266.05,453.85,-8026.537709,-8231.044736,0
529,37,45,0.647,1.54,1.1,11.8138,6.1132,79.904,336.5,266.05,1112.15,-8773.559922,-9780.364136,0
530,55,18,0.824,0.0017,0.97,12.9676,17.4228,35.453,301.7,172.31,53.63,-5786.899021,-6448.166734,0
531,3,10,0.647,1.54,0.57,17.4228,6.1132,18.998,453.85,53.63,1112.15,-8480.280947,-9487.139411,0
532,19,18,0.824,0.0017,0.97,12.9676,17.4228,35.453,336.5,172.31,53.63,-8711.538467,-9372.841324,0
533,37,18,0.824,0.0017,0.97,12.9676,17.4228,35.453,312.79,172.31,53.63,-5128.741271,-5790.056234,0
534,19,45,0.824,0.0017,1.1,11.8138,17.4228,79.904,336.5,266.05,53.63,-5982.225723,-6643.591501,0
535,3,74,0.647,1.54,1.3,10.4513,6.1132,126.904,453.85,386.65,1112.15,-9023.120631,-10030.09357,0
536,55,18,0.647,1.54,0.97,12.9676,6.1132,35.453,301.7,172.31,1112.15,-8679.194419,-9686.17962,0
537,37,74,0.647,1.54,1.3,10.4513,6.1132,35.453,312.79,266.05,1112.15,-5874.601158,-6881.698353,0
538,11,10,1.228,0.971,0.57,17.4228,5.1391,18.998,453.85,53.63,371.15,-6691.40951,-8000.361562,0
539,11,10,0.757,0.862,0.57,17.4228,4.3407,18.998,371.15,53.63,336.5,-7305.485436,-8100.632998,0
540,11,10,0.757,0.862,0.57,17.4228,4.3407,18.998,371.15,53.63,336.5,-10686.34741,-11481.50867,0
541,55,45,0.647,1.54,1.1,11.8138,6.1132,79.904,301.7,266.05,1112.15,-5949.968748,-6957.126694,0
542,19,74,0.647,1.54,1.3,10.4513,6.1132,126.904,336.5,386.65,1112.15,-7311.272416,-8318.431717,0
543,55,10,0.647,1.54,0.57,17.4228,6.1132,18.998,301.7,53.63,1112.15,-6248.282588,-7255.453213,0
544,19,10,3.582,0.534,0.57,17.4228,5.3917,18.998,336.5,53.63,453.85,-6280.142927,-6485.025936,0
545,11,10,3.582,0.534,0.57,17.4228,5.3917,18.998,371.15,53.63,453.85,-7305.485436,-7510.370957,0
546,37,10,0.647,1.54,0.57,17.4228,6.1132,18.998,312.79,53.63,1112.15,-6078.786385,-7085.963852,0
547,11,10,0.757,0.862,0.57,17.4228,4.3407,18.998,371.15,53.63,336.5,-7794.302965,-8589.516052,0
548,11,74,0.824,0.0017,1.3,10.4513,17.4228,126.904,371.15,386.65,53.63,-8337.023484,-8998.651401,0
549,19,74,0.824,0.0017,1.1,10.4513,17.4228,35.453,336.5,53.63,53.63,-9362.816322,-10024.44766,0
550,37,74,0.647,1.54,0.57,10.4513,6.1132,18.998,312.79,53.63,1112.15,-9596.362342,-10603.58121,0
551,11,74,0.824,0.0017,1.3,10.4513,17.4228,126.904,371.15,386.65,53.63,-7847.815822,-8509.458339,0
552,3,18,1.228,0.971,0.57,12.9676,5.1391,18.998,453.85,53.63,371.15,-5350.647037,-6659.713435,0
553,37,45,0.647,1.54,1.1,11.8138,6.1132,79.904,312.79,266.05,1112.15,-8672.777297,-9680.039702,0
554,55,10,0.647,1.54,0.57,17.4228,6.1132,18.998,301.7,53.63,1112.15,-9629.213756,-10636.48224,0
555,37,18,0.824,0.0017,0.97,12.9676,17.4228,35.453,312.79,172.31,53.63,-5617.54622,-6279.240994,0
556,11,10,0.647,1.54,0.57,17.4228,6.1132,18.998,371.15,53.63,1112.15,-10686.34741,-11693.63293,0
557,37,10,3.582,0.534,0.57,17.4228,5.3917,18.998,312.79,53.63,453.85,-6078.786385,-6283.780822,0
558,3,10,1.228,0.971,0.57,17.4228,5.1391,18.998,453.85,53.63,371.15,-8480.280947,-9789.411075,0
559,11,74,0.647,1.54,1.3,10.4513,6.1132,126.904,371.15,386.65,1112.15,-11228.63344,-12235.95719,0
560,55,10,3.582,0.534,0.57,17.4228,5.3917,18.998,301.7,53.63,453.85,-6737.099574,-6942.156883,0
561,19,10,0.647,1.54,0.57,17.4228,6.1132,18.998,336.5,53.63,1112.15,-6280.142927,-7287.531589,0
562,19,18,0.824,0.0017,0.97,12.9676,17.4228,35.453,336.5,172.31,53.63,-5330.191646,-5992.02024,0
563,37,74,0.647,1.54,1.3,10.4513,6.1132,126.904,312.79,386.65,1112.15,-7109.915657,-8117.363489,0
564,19,10,0.647,1.54,0.57,17.4228,6.1132,18.998,336.5,53.63,1112.15,-9661.038478,-10668.48685,0
565,55,45,0.647,1.54,1.1,11.8138,6.1132,79.904,301.7,266.05,1112.15,-5461.108635,-6468.621722,0
566,19,10,3.582,0.534,0.57,17.4228,5.3917,18.998,336.5,53.63,453.85,-6768.966846,-6974.193469,0
567,19,18,0.824,0.0017,0.97,12.9676,17.4228,35.453,336.5,172.31,53.63,-5819.009288,-6480.982558,0
568,3,18,0.757,0.862,0.57,12.9676,4.3407,18.998,453.85,53.63,336.5,-5350.647037,-6146.269735,0
569,19,74,0.647,1.54,1.3,10.4513,6.1132,126.904,336.5,386.65,1112.15,-6822.075172,-7829.699209,0
570,19,18,0.824,0.0017,0.97,12.9676,17.4228,18.998,336.5,53.63,53.63,-6296.270377,-6958.357776,0
571,11,10,3.582,0.534,0.57,17.4228,5.3917,18.998,371.15,53.63,453.85,-10686.34741,-10891.76885,0
572,37,10,0.647,1.54,0.57,17.4228,6.1132,18.998,312.79,53.63,1112.15,-9459.697537,-10467.47751,0
573,19,10,0.647,1.54,0.57,17.4228,6.1132,18.998,336.5,53.63,1112.15,-6768.966846,-7776.747517,0
574,55,10,3.582,0.534,0.57,17.4228,5.3917,18.998,301.7,53.63,453.85,-6248.282588,-6453.783369,0
575,11,45,0.824,0.0017,1.1,11.8138,17.4228,79.904,371.15,266.05,53.63,-6518.84666,-7181.067947,0
576,3,10,1.228,0.971,0.57,17.4228,5.1391,18.998,453.85,53.63,371.15,-5099.530655,-6409.177161,0
577,55,10,0.647,1.54,0.57,17.4228,6.1132,18.998,301.7,53.63,1112.15,-6737.099574,-7744.980207,0
578,3,10,1.228,0.971,0.57,17.4228,5.1391,18.998,453.85,53.63,371.15,-5587.936867,-6897.675262,0
579,37,10,0.647,1.54,0.57,17.4228,6.1132,18.998,312.79,53.63,1112.15,-6567.604186,-7575.515486,0
580,37,74,0.647,1.54,1.3,10.4513,6.1132,126.904,312.79,386.65,1112.15,-6620.778866,-7628.734154,0
581,19,74,0.647,1.54,1.3,10.4513,6.1132,126.904,336.5,386.65,1112.15,-10203.06356,-11211.02262,0
582,11,10,3.582,0.534,0.57,17.4228,5.3917,18.998,453.85,53.63,453.85,-6691.40951,-6897.086259,0
583,11,74,0.824,0.0017,1.1,10.4513,17.4228,79.904,371.15,266.05,53.63,-10232.14793,-10894.54555,0
584,55,74,0.647,1.54,1.3,10.4513,6.1132,79.904,301.7,266.05,1112.15,-6125.679725,-7133.658684,0
585,55,45,0.647,1.54,1.1,11.8138,6.1132,79.904,301.7,266.05,1112.15,-8842.112292,-9850.122982,0
586,37,10,3.582,0.534,0.57,17.4228,5.3917,18.998,312.79,53.63,453.85,-6567.604186,-6773.356935,0
587,3,74,0.824,0.0017,1.3,10.4513,17.4228,126.904,453.85,386.65,53.63,-9023.120631,-9685.655667,0
588,11,10,0.757,0.862,0.57,17.4228,4.3407,18.998,453.85,53.63,336.5,-6691.40951,-7487.551505,0
589,3,10,3.582,0.534,0.57,17.4228,5.3917,18.998,453.85,53.63,453.85,-5099.530655,-5305.401694,0
590,37,74,0.824,0.0017,0.57,10.4513,17.4228,18.998,312.79,53.63,53.63,-9596.362342,-10258.99723,0
591,11,45,0.824,0.0017,1.1,11.8138,17.4228,79.904,371.15,266.05,53.63,-9899.854619,-10562.53569,0
592,11,45,0.824,0.0017,1.1,11.8138,17.4228,79.904,371.15,266.05,53.63,-7007.75117,-7670.537863,0
593,37,74,0.647,1.54,1.3,10.4513,6.1132,126.904,312.79,386.65,1112.15,-10001.63084,-11010.02737,0
594,11,18,0.824,0.0017,0.57,12.9676,17.4228,18.998,371.15,53.63,53.63,-7561.567175,-8224.435967,0
595,55,10,0.824,0.0017,0.57,17.4228,17.4228,18.998,301.7,53.63,53.63,-9629.213756,-10292.09241,0
596,37,45,0.824,0.0017,0.57,11.8138,17.4228,18.998,312.79,53.63,53.63,-6373.053415,-7035.971402,0
597,55,74,0.647,1.54,1.3,10.4513,6.1132,126.904,301.7,386.65,1112.15,-6790.158099,-7798.756571,0
598,11,18,0.824,0.0017,0.97,12.9676,17.4228,35.453,371.15,172.31,53.63,-9736.743457,-10399.77926,0
599,11,10,3.582,0.534,0.57,17.4228,5.3917,18.998,371.15,53.63,453.85,-7794.302965,-8000.655861,0
600,3,10,0.757,0.862,0.57,17.4228,4.3407,18.998,453.85,53.63,336.5,-8480.280947,-9276.945243,0
601,55,74,0.647,1.54,1.3,10.4513,6.1132,126.904,312.79,386.65,1112.15,-10086.33636,-11095.03209,0
602,19,18,0.824,0.0017,0.97,12.9676,17.4228,35.453,371.15,172.31,53.63,-6331.743092,-6994.903209,0
603,3,10,0.757,0.862,0.57,17.4228,4.3407,18.998,453.85,53.63,336.5,-5099.530655,-5896.340693,0
604,19,45,0.824,0.0017,1.1,11.8138,17.4228,79.904,453.85,266.05,53.63,-4903.262548,-5566.502465,0
605,55,18,0.647,1.54,1.3,12.9676,6.1132,126.904,301.7,386.65,1112.15,-9797.945739,-10806.78091,0
606,11,45,0.824,0.0017,0.97,11.8138,17.4228,35.453,371.15,172.31,53.63,-6396.420853,-7059.726885,0
607,3,10,3.582,0.534,0.57,17.4228,5.3917,18.998,453.85,53.63,453.85,-8480.280947,-8686.883634,0
608,3,10,0.757,0.862,0.57,17.4228,4.3407,18.998,453.85,53.63,336.5,-5587.936867,-6384.870656,0
609,3,74,0.824,0.0017,1.3,10.4513,17.4228,126.904,453.85,386.65,53.63,-6131.508999,-6794.942031,0
610,55,74,0.647,1.54,1.3,10.4513,6.1132,126.904,301.7,386.65,1112.15,-10171.02572,-11180.06328,0
611,3,18,0.824,0.0017,0.97,12.9676,17.4228,35.453,453.85,172.31,53.63,-4149.964295,-4813.46125,0
612,3,18,0.824,0.0017,0.97,12.9676,17.4228,35.453,453.85,172.31,53.63,-7533.576049,-8197.091209,0
613,3,74,0.824,0.0017,1.3,10.4513,17.4228,126.904,453.85,386.65,53.63,-5642.303438,-6305.829521,0
614,11,18,0.824,0.0017,0.97,12.9676,17.4228,35.453,371.15,172.31,53.63,-6844.478788,-7508.066813,0
615,55,10,0.824,0.0017,0.57,17.4228,17.4228,18.998,301.7,53.63,53.63,-6248.282588,-6912.032369,0
616,3,10,3.582,0.534,0.57,17.4228,5.3917,18.998,453.85,53.63,453.85,-5587.936867,-5794.989672,0
617,11,18,0.824,0.0017,0.97,12.9676,17.4228,35.453,371.15,172.31,53.63,-6355.65018,-7019.44329,0
618,37,10,0.824,0.0017,0.57,17.4228,17.4228,18.998,312.79,53.63,53.63,-9459.697537,-10123.55935,0
619,3,18,3.582,0.534,0.57,12.9676,5.3917,18.998,453.85,53.63,453.85,-5350.647037,-5557.962455,0
620,3,74,0.824,0.0017,1.1,10.4513,17.4228,79.904,453.85,266.05,53.63,-8026.537709,-8690.574936,0
621,55,10,0.824,0.0017,0.57,17.4228,17.4228,18.998,301.7,53.63,53.63,-6737.099574,-7401.140844,0
622,37,10,0.824,0.0017,0.57,17.4228,17.4228,18.998,312.79,53.63,53.63,-6078.786385,-6742.91716,0
623,3,45,0.824,0.0017,1.1,11.8138,17.4228,79.904,453.85,266.05,53.63,-7694.23077,-8358.56725,0
624,19,10,0.824,0.0017,0.57,17.4228,17.4228,18.998,336.5,53.63,53.63,-9661.038478,-10325.69957,0
625,3,45,0.824,0.0017,1.1,11.8138,17.4228,79.904,453.85,266.05,53.63,-4313.218895,-4977.929935,0
626,19,10,0.824,0.0017,0.57,17.4228,17.4228,18.998,336.5,53.63,53.63,-6280.142927,-6944.872086,0
627,3,45,0.824,0.0017,1.1,11.8138,17.4228,79.904,453.85,266.05,53.63,-4802.114496,-5466.957981,0
628,37,10,0.824,0.0017,0.57,17.4228,17.4228,18.998,312.79,53.63,53.63,-6567.604186,-7232.613154,0
629,3,45,0.824,0.0017,0.97,11.8138,17.4228,35.453,453.85,172.31,53.63,-4190.742257,-4855.795244,0
630,19,10,0.824,0.0017,0.57,17.4228,17.4228,18.998,336.5,53.63,53.63,-6768.966846,-7434.543926,0
631,3,18,0.824,0.0017,0.97,12.9676,17.4228,35.453,453.85,172.31,53.63,-4638.725673,-5304.803487,0
632,11,10,0.824,0.0017,0.57,17.4228,17.4228,18.998,371.15,53.63,53.63,-10686.34741,-11352.64743,0
633,3,10,0.824,0.0017,0.57,17.4228,17.4228,18.998,453.85,53.63,53.63,-8480.280947,-9147.325114,0
634,11,10,0.824,0.0017,0.57,17.4228,17.4228,18.998,453.85,53.63,53.63,-6691.40951,-7358.858349,0
635,11,10,0.824,0.0017,0.57,17.4228,17.4228,18.998,371.15,53.63,53.63,-7305.485436,-7972.981997,0
636,11,10,0.824,0.0017,0.57,17.4228,17.4228,18.998,371.15,53.63,53.63,-7794.302965,-8462.468766,0
637,3,10,0.824,0.0017,0.57,17.4228,17.4228,18.998,453.85,53.63,53.63,-5099.530655,-5768.340406,0
638,3,18,0.824,0.0017,0.57,12.9676,17.4228,18.998,453.85,53.63,53.63,-5350.647037,-6020.002539,0
639,3,10,0.824,0.0017,0.57,17.4228,17.4228,18.998,453.85,53.63,53.63,-5587.936867,-6258.054445,0
