,adsorption_A1,adsorption_A2,adsorption_B,adsorption_X1,adsorption_X2,adsorption_X3,adsorption_X4
0,0.19800851,0.19800851,0.12433383,0.17863989,0.17863989,0.17863989,0.17863989
1,0.19800851,0.19800851,0.12433383,0.17863989,0.17863989,0.17863989,0.17863989
2,0.19800851,0.19800851,0.12433383,0.17863989,0.17863989,0.17863989,0.17863989
3,0.19800851,0.19800851,0.12433383,0.17863989,0.17863989,0.17863989,0.17863989
4,0.19800851,0.19800851,0.12433383,0.17863989,0.17863989,0.17863989,0.17863989
5,0.19800851,0.19800851,0.12433383,0.17863989,0.17863989,0.17863989,0.17863989
6,0.19800851,0.19800851,0.12433383,0.17863989,0.17863989,0.17863989,0.17863989
7,0.19800851,0.19800851,0.12433383,0.17863989,0.17863989,0.17863989,0.17863989
8,0.2009516,0.2009516,0.12433383,0.17863989,0.17863989,0.17863989,0.17863989
9,0.2009516,0.2009516,0.12433383,0.17863989,0.17863989,0.17863989,0.17863989
10,0.2009516,0.2009516,0.12433383,0.17863989,0.17863989,0.17863989,0.17863989
11,0.2009516,0.2009516,0.12433383,0.17863989,0.17863989,0.17863989,0.17863989
12,0.2009516,0.2009516,0.12433383,0.17863989,0.17863989,0.17863989,0.17863989
13,0.2009516,0.2009516,0.12433383,0.17863989,0.17863989,0.17863989,0.17863989
14,0.2009516,0.2009516,0.12433383,0.17863989,0.17863989,0.17863989,0.17863989
15,0.2009516,0.2009516,0.12433383,0.17863989,0.17863989,0.17863989,0.17863989
16,0.28071553,0.28071553,0.12433383,0.17863989,0.17863989,0.17863989,0.17863989
17,0.28071553,0.28071553,0.12433383,0.17863989,0.17863989,0.17863989,0.17863989
18,0.28071553,0.28071553,0.12433383,0.17863989,0.17863989,0.17863989,0.17863989
19,0.28071553,0.28071553,0.12433383,0.17863989,0.17863989,0.17863989,0.17863989
20,0.28071553,0.28071553,0.12433383,0.17863989,0.17863989,0.17863989,0.17863989
21,0.28071553,0.28071553,0.12433383,0.17863989,0.17863989,0.17863989,0.17863989
22,0.28071553,0.28071553,0.12433383,0.17863989,0.17863989,0.17863989,0.17863989
23,0.28071553,0.28071553,0.12433383,0.17863989,0.17863989,0.17863989,0.17863989
24,0.121317625,0.121317625,0.12433383,0.17863989,0.17863989,0.17863989,0.17863989
25,0.121317625,0.121317625,0.12433383,0.17863989,0.17863989,0.17863989,0.17863989
26,0.121317625,0.121317625,0.12433383,0.17863989,0.17863989,0.17863989,0.17863989
27,0.121317625,0.121317625,0.12433383,0.17863989,0.17863989,0.17863989,0.17863989
28,0.121317625,0.121317625,0.12433383,0.17863989,0.17863989,0.17863989,0.17863989
29,0.121317625,0.121317625,0.12433383,0.17863989,0.17863989,0.17863989,0.17863989
30,0.121317625,0.121317625,0.12433383,0.17863989,0.17863989,0.17863989,0.17863989
31,0.121317625,0.121317625,0.12433383,0.17863989,0.17863989,0.17863989,0.17863989
32,0.30875275,0.30875275,0.12433383,0.17863989,0.17863989,0.17863989,0.17863989
33,0.30875275,0.30875275,0.12433383,0.17863989,0.17863989,0.17863989,0.17863989
34,0.30875275,0.30875275,0.12433383,0.17863989,0.17863989,0.17863989,0.17863989
35,0.30875275,0.30875275,0.12433383,0.17863989,0.17863989,0.17863989,0.17863989
36,0.30875275,0.30875275,0.12433383,0.17863989,0.17863989,0.17863989,0.17863989
37,0.30875275,0.30875275,0.12433383,0.17863989,0.17863989,0.17863989,0.17863989
38,0.30875275,0.30875275,0.12433383,0.17863989,0.17863989,0.17863989,0.17863989
39,0.30875275,0.30875275,0.12433383,0.17863989,0.17863989,0.17863989,0.17863989
40,0.19800851,0.19800851,0.16268677,0.17863989,0.17863989,0.17863989,0.17863989
41,0.19800851,0.19800851,0.16268677,0.17863989,0.17863989,0.17863989,0.17863989
42,0.19800851,0.19800851,0.16268677,0.17863989,0.17863989,0.17863989,0.17863989
43,0.19800851,0.19800851,0.16268677,0.17863989,0.17863989,0.17863989,0.17863989
44,0.19800851,0.19800851,0.16268677,0.17863989,0.17863989,0.17863989,0.17863989
45,0.19800851,0.19800851,0.16268677,0.17863989,0.17863989,0.17863989,0.17863989
46,0.19800851,0.19800851,0.16268677,0.17863989,0.17863989,0.17863989,0.17863989
47,0.19800851,0.19800851,0.16268677,0.17863989,0.17863989,0.17863989,0.17863989
48,0.2009516,0.2009516,0.16268677,0.17863989,0.17863989,0.17863989,0.17863989
49,0.2009516,0.2009516,0.16268677,0.17863989,0.17863989,0.17863989,0.17863989
50,0.2009516,0.2009516,0.16268677,0.17863989,0.17863989,0.17863989,0.17863989
51,0.2009516,0.2009516,0.16268677,0.17863989,0.17863989,0.17863989,0.17863989
52,0.2009516,0.2009516,0.16268677,0.17863989,0.17863989,0.17863989,0.17863989
53,0.2009516,0.2009516,0.16268677,0.17863989,0.17863989,0.17863989,0.17863989
54,0.2009516,0.2009516,0.16268677,0.17863989,0.17863989,0.17863989,0.17863989
55,0.2009516,0.2009516,0.16268677,0.17863989,0.17863989,0.17863989,0.17863989
56,0.28071553,0.28071553,0.16268677,0.17863989,0.17863989,0.17863989,0.17863989
57,0.28071553,0.28071553,0.16268677,0.17863989,0.17863989,0.17863989,0.17863989
58,0.28071553,0.28071553,0.16268677,0.17863989,0.17863989,0.17863989,0.17863989
59,0.28071553,0.28071553,0.16268677,0.17863989,0.17863989,0.17863989,0.17863989
60,0.28071553,0.28071553,0.16268677,0.17863989,0.17863989,0.17863989,0.17863989
61,0.28071553,0.28071553,0.16268677,0.17863989,0.17863989,0.17863989,0.17863989
62,0.28071553,0.28071553,0.16268677,0.17863989,0.17863989,0.17863989,0.17863989
63,0.28071553,0.28071553,0.16268677,0.17863989,0.17863989,0.17863989,0.17863989
64,0.121317625,0.121317625,0.16268677,0.17863989,0.17863989,0.17863989,0.17863989
65,0.121317625,0.121317625,0.16268677,0.17863989,0.17863989,0.17863989,0.17863989
66,0.121317625,0.121317625,0.16268677,0.17863989,0.17863989,0.17863989,0.17863989
67,0.121317625,0.121317625,0.16268677,0.17863989,0.17863989,0.17863989,0.17863989
68,0.121317625,0.121317625,0.16268677,0.17863989,0.17863989,0.17863989,0.17863989
69,0.121317625,0.121317625,0.16268677,0.17863989,0.17863989,0.17863989,0.17863989
70,0.121317625,0.121317625,0.16268677,0.17863989,0.17863989,0.17863989,0.17863989
71,0.121317625,0.121317625,0.16268677,0.17863989,0.17863989,0.17863989,0.17863989
72,0.30875275,0.30875275,0.16268677,0.17863989,0.17863989,0.17863989,0.17863989
73,0.30875275,0.30875275,0.16268677,0.17863989,0.17863989,0.17863989,0.17863989
74,0.30875275,0.30875275,0.16268677,0.17863989,0.17863989,0.17863989,0.17863989
75,0.30875275,0.30875275,0.16268677,0.17863989,0.17863989,0.17863989,0.17863989
76,0.30875275,0.30875275,0.16268677,0.17863989,0.17863989,0.17863989,0.17863989
77,0.30875275,0.30875275,0.16268677,0.17863989,0.17863989,0.17863989,0.17863989
78,0.30875275,0.30875275,0.16268677,0.17863989,0.17863989,0.17863989,0.17863989
79,0.30875275,0.30875275,0.16268677,0.17863989,0.17863989,0.17863989,0.17863989
80,0.19800851,0.19800851,0.28674075,0.17863989,0.17863989,0.17863989,0.17863989
81,0.19800851,0.19800851,0.28674075,0.17863989,0.17863989,0.17863989,0.17863989
82,0.19800851,0.19800851,0.28674075,0.17863989,0.17863989,0.17863989,0.17863989
83,0.19800851,0.19800851,0.28674075,0.17863989,0.17863989,0.17863989,0.17863989
84,0.19800851,0.19800851,0.28674075,0.17863989,0.17863989,0.17863989,0.17863989
85,0.19800851,0.19800851,0.28674075,0.17863989,0.17863989,0.17863989,0.17863989
86,0.19800851,0.19800851,0.28674075,0.17863989,0.17863989,0.17863989,0.17863989
87,0.19800851,0.19800851,0.28674075,0.17863989,0.17863989,0.17863989,0.17863989
88,0.2009516,0.2009516,0.28674075,0.17863989,0.17863989,0.17863989,0.17863989
89,0.2009516,0.2009516,0.28674075,0.17863989,0.17863989,0.17863989,0.17863989
90,0.2009516,0.2009516,0.28674075,0.17863989,0.17863989,0.17863989,0.17863989
91,0.2009516,0.2009516,0.28674075,0.17863989,0.17863989,0.17863989,0.17863989
92,0.2009516,0.2009516,0.28674075,0.17863989,0.17863989,0.17863989,0.17863989
93,0.2009516,0.2009516,0.28674075,0.17863989,0.17863989,0.17863989,0.17863989
94,0.2009516,0.2009516,0.28674075,0.17863989,0.17863989,0.17863989,0.17863989
95,0.2009516,0.2009516,0.28674075,0.17863989,0.17863989,0.17863989,0.17863989
96,0.28071553,0.28071553,0.28674075,0.17863989,0.17863989,0.17863989,0.17863989
97,0.28071553,0.28071553,0.28674075,0.17863989,0.17863989,0.17863989,0.17863989
98,0.28071553,0.28071553,0.28674075,0.17863989,0.17863989,0.17863989,0.17863989
99,0.28071553,0.28071553,0.28674075,0.17863989,0.17863989,0.17863989,0.17863989
100,0.28071553,0.28071553,0.28674075,0.17863989,0.17863989,0.17863989,0.17863989
101,0.28071553,0.28071553,0.28674075,0.17863989,0.17863989,0.17863989,0.17863989
102,0.28071553,0.28071553,0.28674075,0.17863989,0.17863989,0.17863989,0.17863989
103,0.28071553,0.28071553,0.28674075,0.17863989,0.17863989,0.17863989,0.17863989
104,0.121317625,0.121317625,0.28674075,0.17863989,0.17863989,0.17863989,0.17863989
105,0.121317625,0.121317625,0.28674075,0.17863989,0.17863989,0.17863989,0.17863989
106,0.121317625,0.121317625,0.28674075,0.17863989,0.17863989,0.17863989,0.17863989
107,0.121317625,0.121317625,0.28674075,0.17863989,0.17863989,0.17863989,0.17863989
108,0.121317625,0.121317625,0.28674075,0.17863989,0.17863989,0.17863989,0.17863989
109,0.121317625,0.121317625,0.28674075,0.17863989,0.17863989,0.17863989,0.17863989
110,0.121317625,0.121317625,0.28674075,0.17863989,0.17863989,0.17863989,0.17863989
111,0.121317625,0.121317625,0.28674075,0.17863989,0.17863989,0.17863989,0.17863989
112,0.30875275,0.30875275,0.28674075,0.17863989,0.17863989,0.17863989,0.17863989
113,0.30875275,0.30875275,0.28674075,0.17863989,0.17863989,0.17863989,0.17863989
114,0.30875275,0.30875275,0.28674075,0.17863989,0.17863989,0.17863989,0.17863989
115,0.30875275,0.30875275,0.28674075,0.17863989,0.17863989,0.17863989,0.17863989
116,0.30875275,0.30875275,0.28674075,0.17863989,0.17863989,0.17863989,0.17863989
117,0.30875275,0.30875275,0.28674075,0.17863989,0.17863989,0.17863989,0.17863989
118,0.30875275,0.30875275,0.28674075,0.17863989,0.17863989,0.17863989,0.17863989
119,0.30875275,0.30875275,0.28674075,0.17863989,0.17863989,0.17863989,0.17863989
120,0.19800851,0.19800851,0.12433383,0.24290189,0.24290189,0.24290189,0.24290189
121,0.19800851,0.19800851,0.12433383,0.24290189,0.24290189,0.24290189,0.24290189
122,0.19800851,0.19800851,0.12433383,0.24290189,0.24290189,0.24290189,0.24290189
123,0.19800851,0.19800851,0.12433383,0.24290189,0.24290189,0.24290189,0.24290189
124,0.19800851,0.19800851,0.12433383,0.24290189,0.24290189,0.24290189,0.24290189
125,0.19800851,0.19800851,0.12433383,0.24290189,0.24290189,0.24290189,0.24290189
126,0.19800851,0.19800851,0.12433383,0.24290189,0.24290189,0.24290189,0.24290189
127,0.19800851,0.19800851,0.12433383,0.24290189,0.24290189,0.24290189,0.24290189
128,0.2009516,0.2009516,0.12433383,0.24290189,0.24290189,0.24290189,0.24290189
129,0.2009516,0.2009516,0.12433383,0.24290189,0.24290189,0.24290189,0.24290189
130,0.2009516,0.2009516,0.12433383,0.24290189,0.24290189,0.24290189,0.24290189
131,0.2009516,0.2009516,0.12433383,0.24290189,0.24290189,0.24290189,0.24290189
132,0.2009516,0.2009516,0.12433383,0.24290189,0.24290189,0.24290189,0.24290189
133,0.2009516,0.2009516,0.12433383,0.24290189,0.24290189,0.24290189,0.24290189
134,0.2009516,0.2009516,0.12433383,0.24290189,0.24290189,0.24290189,0.24290189
135,0.2009516,0.2009516,0.12433383,0.24290189,0.24290189,0.24290189,0.24290189
136,0.28071553,0.28071553,0.12433383,0.24290189,0.24290189,0.24290189,0.24290189
137,0.28071553,0.28071553,0.12433383,0.24290189,0.24290189,0.24290189,0.24290189
138,0.28071553,0.28071553,0.12433383,0.24290189,0.24290189,0.24290189,0.24290189
139,0.28071553,0.28071553,0.12433383,0.24290189,0.24290189,0.24290189,0.24290189
140,0.28071553,0.28071553,0.12433383,0.24290189,0.24290189,0.24290189,0.24290189
141,0.28071553,0.28071553,0.12433383,0.24290189,0.24290189,0.24290189,0.24290189
142,0.28071553,0.28071553,0.12433383,0.24290189,0.24290189,0.24290189,0.24290189
143,0.28071553,0.28071553,0.12433383,0.24290189,0.24290189,0.24290189,0.24290189
144,0.121317625,0.121317625,0.12433383,0.24290189,0.24290189,0.24290189,0.24290189
145,0.121317625,0.121317625,0.12433383,0.24290189,0.24290189,0.24290189,0.24290189
146,0.121317625,0.121317625,0.12433383,0.24290189,0.24290189,0.24290189,0.24290189
147,0.121317625,0.121317625,0.12433383,0.24290189,0.24290189,0.24290189,0.24290189
148,0.121317625,0.121317625,0.12433383,0.24290189,0.24290189,0.24290189,0.24290189
149,0.121317625,0.121317625,0.12433383,0.24290189,0.24290189,0.24290189,0.24290189
150,0.121317625,0.121317625,0.12433383,0.24290189,0.24290189,0.24290189,0.24290189
151,0.121317625,0.121317625,0.12433383,0.24290189,0.24290189,0.24290189,0.24290189
152,0.30875275,0.30875275,0.12433383,0.24290189,0.24290189,0.24290189,0.24290189
153,0.30875275,0.30875275,0.12433383,0.24290189,0.24290189,0.24290189,0.24290189
154,0.30875275,0.30875275,0.12433383,0.24290189,0.24290189,0.24290189,0.24290189
155,0.30875275,0.30875275,0.12433383,0.24290189,0.24290189,0.24290189,0.24290189
156,0.30875275,0.30875275,0.12433383,0.24290189,0.24290189,0.24290189,0.24290189
157,0.30875275,0.30875275,0.12433383,0.24290189,0.24290189,0.24290189,0.24290189
158,0.30875275,0.30875275,0.12433383,0.24290189,0.24290189,0.24290189,0.24290189
159,0.30875275,0.30875275,0.12433383,0.24290189,0.24290189,0.24290189,0.24290189
160,0.19800851,0.19800851,0.16268677,0.24290189,0.24290189,0.24290189,0.24290189
161,0.19800851,0.19800851,0.16268677,0.24290189,0.24290189,0.24290189,0.24290189
162,0.19800851,0.19800851,0.16268677,0.24290189,0.24290189,0.24290189,0.24290189
163,0.19800851,0.19800851,0.16268677,0.24290189,0.24290189,0.24290189,0.24290189
164,0.19800851,0.19800851,0.16268677,0.24290189,0.24290189,0.24290189,0.24290189
165,0.19800851,0.19800851,0.16268677,0.24290189,0.24290189,0.24290189,0.24290189
166,0.19800851,0.19800851,0.16268677,0.24290189,0.24290189,0.24290189,0.24290189
167,0.19800851,0.19800851,0.16268677,0.24290189,0.24290189,0.24290189,0.24290189
168,0.2009516,0.2009516,0.16268677,0.24290189,0.24290189,0.24290189,0.24290189
169,0.2009516,0.2009516,0.16268677,0.24290189,0.24290189,0.24290189,0.24290189
170,0.2009516,0.2009516,0.16268677,0.24290189,0.24290189,0.24290189,0.24290189
171,0.2009516,0.2009516,0.16268677,0.24290189,0.24290189,0.24290189,0.24290189
172,0.2009516,0.2009516,0.16268677,0.24290189,0.24290189,0.24290189,0.24290189
173,0.2009516,0.2009516,0.16268677,0.24290189,0.24290189,0.24290189,0.24290189
174,0.2009516,0.2009516,0.16268677,0.24290189,0.24290189,0.24290189,0.24290189
175,0.2009516,0.2009516,0.16268677,0.24290189,0.24290189,0.24290189,0.24290189
176,0.28071553,0.28071553,0.16268677,0.24290189,0.24290189,0.24290189,0.24290189
177,0.28071553,0.28071553,0.16268677,0.24290189,0.24290189,0.24290189,0.24290189
178,0.28071553,0.28071553,0.16268677,0.24290189,0.24290189,0.24290189,0.24290189
179,0.28071553,0.28071553,0.16268677,0.24290189,0.24290189,0.24290189,0.24290189
180,0.28071553,0.28071553,0.16268677,0.24290189,0.24290189,0.24290189,0.24290189
181,0.28071553,0.28071553,0.16268677,0.24290189,0.24290189,0.24290189,0.24290189
182,0.28071553,0.28071553,0.16268677,0.24290189,0.24290189,0.24290189,0.24290189
183,0.28071553,0.28071553,0.16268677,0.24290189,0.24290189,0.24290189,0.24290189
184,0.121317625,0.121317625,0.16268677,0.24290189,0.24290189,0.24290189,0.24290189
185,0.121317625,0.121317625,0.16268677,0.24290189,0.24290189,0.24290189,0.24290189
186,0.121317625,0.121317625,0.16268677,0.24290189,0.24290189,0.24290189,0.24290189
187,0.121317625,0.121317625,0.16268677,0.24290189,0.24290189,0.24290189,0.24290189
188,0.121317625,0.121317625,0.16268677,0.24290189,0.24290189,0.24290189,0.24290189
189,0.121317625,0.121317625,0.16268677,0.24290189,0.24290189,0.24290189,0.24290189
190,0.121317625,0.121317625,0.16268677,0.24290189,0.24290189,0.24290189,0.24290189
191,0.121317625,0.121317625,0.16268677,0.24290189,0.24290189,0.24290189,0.24290189
192,0.30875275,0.30875275,0.16268677,0.24290189,0.24290189,0.24290189,0.24290189
193,0.30875275,0.30875275,0.16268677,0.24290189,0.24290189,0.24290189,0.24290189
194,0.30875275,0.30875275,0.16268677,0.24290189,0.24290189,0.24290189,0.24290189
195,0.30875275,0.30875275,0.16268677,0.24290189,0.24290189,0.24290189,0.24290189
196,0.30875275,0.30875275,0.16268677,0.24290189,0.24290189,0.24290189,0.24290189
197,0.30875275,0.30875275,0.16268677,0.24290189,0.24290189,0.24290189,0.24290189
198,0.30875275,0.30875275,0.16268677,0.24290189,0.24290189,0.24290189,0.24290189
199,0.30875275,0.30875275,0.16268677,0.24290189,0.24290189,0.24290189,0.24290189
200,0.19800851,0.19800851,0.28674075,0.24290189,0.24290189,0.24290189,0.24290189
201,0.19800851,0.19800851,0.28674075,0.24290189,0.24290189,0.24290189,0.24290189
202,0.19800851,0.19800851,0.28674075,0.24290189,0.24290189,0.24290189,0.24290189
203,0.19800851,0.19800851,0.28674075,0.24290189,0.24290189,0.24290189,0.24290189
204,0.19800851,0.19800851,0.28674075,0.24290189,0.24290189,0.24290189,0.24290189
205,0.19800851,0.19800851,0.28674075,0.24290189,0.24290189,0.24290189,0.24290189
206,0.19800851,0.19800851,0.28674075,0.24290189,0.24290189,0.24290189,0.24290189
207,0.19800851,0.19800851,0.28674075,0.24290189,0.24290189,0.24290189,0.24290189
208,0.2009516,0.2009516,0.28674075,0.24290189,0.24290189,0.24290189,0.24290189
209,0.2009516,0.2009516,0.28674075,0.24290189,0.24290189,0.24290189,0.24290189
210,0.2009516,0.2009516,0.28674075,0.24290189,0.24290189,0.24290189,0.24290189
211,0.2009516,0.2009516,0.28674075,0.24290189,0.24290189,0.24290189,0.24290189
212,0.2009516,0.2009516,0.28674075,0.24290189,0.24290189,0.24290189,0.24290189
213,0.2009516,0.2009516,0.28674075,0.24290189,0.24290189,0.24290189,0.24290189
214,0.2009516,0.2009516,0.28674075,0.24290189,0.24290189,0.24290189,0.24290189
215,0.2009516,0.2009516,0.28674075,0.24290189,0.24290189,0.24290189,0.24290189
216,0.28071553,0.28071553,0.28674075,0.24290189,0.24290189,0.24290189,0.24290189
217,0.28071553,0.28071553,0.28674075,0.24290189,0.24290189,0.24290189,0.24290189
218,0.28071553,0.28071553,0.28674075,0.24290189,0.24290189,0.24290189,0.24290189
219,0.28071553,0.28071553,0.28674075,0.24290189,0.24290189,0.24290189,0.24290189
220,0.28071553,0.28071553,0.28674075,0.24290189,0.24290189,0.24290189,0.24290189
221,0.28071553,0.28071553,0.28674075,0.24290189,0.24290189,0.24290189,0.24290189
222,0.28071553,0.28071553,0.28674075,0.24290189,0.24290189,0.24290189,0.24290189
223,0.28071553,0.28071553,0.28674075,0.24290189,0.24290189,0.24290189,0.24290189
224,0.121317625,0.121317625,0.28674075,0.24290189,0.24290189,0.24290189,0.24290189
225,0.121317625,0.121317625,0.28674075,0.24290189,0.24290189,0.24290189,0.24290189
226,0.121317625,0.121317625,0.28674075,0.24290189,0.24290189,0.24290189,0.24290189
227,0.121317625,0.121317625,0.28674075,0.24290189,0.24290189,0.24290189,0.24290189
228,0.121317625,0.121317625,0.28674075,0.24290189,0.24290189,0.24290189,0.24290189
229,0.121317625,0.121317625,0.28674075,0.24290189,0.24290189,0.24290189,0.24290189
230,0.121317625,0.121317625,0.28674075,0.24290189,0.24290189,0.24290189,0.24290189
231,0.121317625,0.121317625,0.28674075,0.24290189,0.24290189,0.24290189,0.24290189
232,0.30875275,0.30875275,0.28674075,0.24290189,0.24290189,0.24290189,0.24290189
233,0.30875275,0.30875275,0.28674075,0.24290189,0.24290189,0.24290189,0.24290189
234,0.30875275,0.30875275,0.28674075,0.24290189,0.24290189,0.24290189,0.24290189
235,0.30875275,0.30875275,0.28674075,0.24290189,0.24290189,0.24290189,0.24290189
236,0.30875275,0.30875275,0.28674075,0.24290189,0.24290189,0.24290189,0.24290189
237,0.30875275,0.30875275,0.28674075,0.24290189,0.24290189,0.24290189,0.24290189
238,0.30875275,0.30875275,0.28674075,0.24290189,0.24290189,0.24290189,0.24290189
239,0.30875275,0.30875275,0.28674075,0.24290189,0.24290189,0.24290189,0.24290189
240,0.19800851,0.19800851,0.12433383,0.12169163,0.12169163,0.12169163,0.12169163
241,0.19800851,0.19800851,0.12433383,0.12169163,0.12169163,0.12169163,0.12169163
242,0.19800851,0.19800851,0.12433383,0.12169163,0.12169163,0.12169163,0.12169163
243,0.19800851,0.19800851,0.12433383,0.12169163,0.12169163,0.12169163,0.12169163
244,0.19800851,0.19800851,0.12433383,0.12169163,0.12169163,0.12169163,0.12169163
245,0.19800851,0.19800851,0.12433383,0.12169163,0.12169163,0.12169163,0.12169163
246,0.19800851,0.19800851,0.12433383,0.12169163,0.12169163,0.12169163,0.12169163
247,0.19800851,0.19800851,0.12433383,0.12169163,0.12169163,0.12169163,0.12169163
248,0.2009516,0.2009516,0.12433383,0.12169163,0.12169163,0.12169163,0.12169163
249,0.2009516,0.2009516,0.12433383,0.12169163,0.12169163,0.12169163,0.12169163
250,0.2009516,0.2009516,0.12433383,0.12169163,0.12169163,0.12169163,0.12169163
251,0.2009516,0.2009516,0.12433383,0.12169163,0.12169163,0.12169163,0.12169163
252,0.2009516,0.2009516,0.12433383,0.12169163,0.12169163,0.12169163,0.12169163
253,0.2009516,0.2009516,0.12433383,0.12169163,0.12169163,0.12169163,0.12169163
254,0.2009516,0.2009516,0.12433383,0.12169163,0.12169163,0.12169163,0.12169163
255,0.2009516,0.2009516,0.12433383,0.12169163,0.12169163,0.12169163,0.12169163
256,0.28071553,0.28071553,0.12433383,0.12169163,0.12169163,0.12169163,0.12169163
257,0.28071553,0.28071553,0.12433383,0.12169163,0.12169163,0.12169163,0.12169163
258,0.28071553,0.28071553,0.12433383,0.12169163,0.12169163,0.12169163,0.12169163
259,0.28071553,0.28071553,0.12433383,0.12169163,0.12169163,0.12169163,0.12169163
260,0.28071553,0.28071553,0.12433383,0.12169163,0.12169163,0.12169163,0.12169163
261,0.28071553,0.28071553,0.12433383,0.12169163,0.12169163,0.12169163,0.12169163
262,0.28071553,0.28071553,0.12433383,0.12169163,0.12169163,0.12169163,0.12169163
263,0.28071553,0.28071553,0.12433383,0.12169163,0.12169163,0.12169163,0.12169163
264,0.121317625,0.121317625,0.12433383,0.12169163,0.12169163,0.12169163,0.12169163
265,0.121317625,0.121317625,0.12433383,0.12169163,0.12169163,0.12169163,0.12169163
266,0.121317625,0.121317625,0.12433383,0.12169163,0.12169163,0.12169163,0.12169163
267,0.121317625,0.121317625,0.12433383,0.12169163,0.12169163,0.12169163,0.12169163
268,0.121317625,0.121317625,0.12433383,0.12169163,0.12169163,0.12169163,0.12169163
269,0.121317625,0.121317625,0.12433383,0.12169163,0.12169163,0.12169163,0.12169163
270,0.121317625,0.121317625,0.12433383,0.12169163,0.12169163,0.12169163,0.12169163
271,0.121317625,0.121317625,0.12433383,0.12169163,0.12169163,0.12169163,0.12169163
272,0.30875275,0.30875275,0.12433383,0.12169163,0.12169163,0.12169163,0.12169163
273,0.30875275,0.30875275,0.12433383,0.12169163,0.12169163,0.12169163,0.12169163
274,0.30875275,0.30875275,0.12433383,0.12169163,0.12169163,0.12169163,0.12169163
275,0.30875275,0.30875275,0.12433383,0.12169163,0.12169163,0.12169163,0.12169163
276,0.30875275,0.30875275,0.12433383,0.12169163,0.12169163,0.12169163,0.12169163
277,0.30875275,0.30875275,0.12433383,0.12169163,0.12169163,0.12169163,0.12169163
278,0.30875275,0.30875275,0.12433383,0.12169163,0.12169163,0.12169163,0.12169163
279,0.30875275,0.30875275,0.12433383,0.12169163,0.12169163,0.12169163,0.12169163
280,0.19800851,0.19800851,0.16268677,0.12169163,0.12169163,0.12169163,0.12169163
281,0.19800851,0.19800851,0.16268677,0.12169163,0.12169163,0.12169163,0.12169163
282,0.19800851,0.19800851,0.16268677,0.12169163,0.12169163,0.12169163,0.12169163
283,0.19800851,0.19800851,0.16268677,0.12169163,0.12169163,0.12169163,0.12169163
284,0.19800851,0.19800851,0.16268677,0.12169163,0.12169163,0.12169163,0.12169163
285,0.19800851,0.19800851,0.16268677,0.12169163,0.12169163,0.12169163,0.12169163
286,0.19800851,0.19800851,0.16268677,0.12169163,0.12169163,0.12169163,0.12169163
287,0.19800851,0.19800851,0.16268677,0.12169163,0.12169163,0.12169163,0.12169163
288,0.2009516,0.2009516,0.16268677,0.12169163,0.12169163,0.12169163,0.12169163
289,0.2009516,0.2009516,0.16268677,0.12169163,0.12169163,0.12169163,0.12169163
290,0.2009516,0.2009516,0.16268677,0.12169163,0.12169163,0.12169163,0.12169163
291,0.2009516,0.2009516,0.16268677,0.12169163,0.12169163,0.12169163,0.12169163
292,0.2009516,0.2009516,0.16268677,0.12169163,0.12169163,0.12169163,0.12169163
293,0.2009516,0.2009516,0.16268677,0.12169163,0.12169163,0.12169163,0.12169163
294,0.2009516,0.2009516,0.16268677,0.12169163,0.12169163,0.12169163,0.12169163
295,0.2009516,0.2009516,0.16268677,0.12169163,0.12169163,0.12169163,0.12169163
296,0.28071553,0.28071553,0.16268677,0.12169163,0.12169163,0.12169163,0.12169163
297,0.28071553,0.28071553,0.16268677,0.12169163,0.12169163,0.12169163,0.12169163
298,0.28071553,0.28071553,0.16268677,0.12169163,0.12169163,0.12169163,0.12169163
299,0.28071553,0.28071553,0.16268677,0.12169163,0.12169163,0.12169163,0.12169163
300,0.28071553,0.28071553,0.16268677,0.12169163,0.12169163,0.12169163,0.12169163
301,0.28071553,0.28071553,0.16268677,0.12169163,0.12169163,0.12169163,0.12169163
302,0.28071553,0.28071553,0.16268677,0.12169163,0.12169163,0.12169163,0.12169163
303,0.28071553,0.28071553,0.16268677,0.12169163,0.12169163,0.12169163,0.12169163
304,0.121317625,0.121317625,0.16268677,0.12169163,0.12169163,0.12169163,0.12169163
305,0.121317625,0.121317625,0.16268677,0.12169163,0.12169163,0.12169163,0.12169163
306,0.121317625,0.121317625,0.16268677,0.12169163,0.12169163,0.12169163,0.12169163
307,0.121317625,0.121317625,0.16268677,0.12169163,0.12169163,0.12169163,0.12169163
308,0.121317625,0.121317625,0.16268677,0.12169163,0.12169163,0.12169163,0.12169163
309,0.121317625,0.121317625,0.16268677,0.12169163,0.12169163,0.12169163,0.12169163
310,0.121317625,0.121317625,0.16268677,0.12169163,0.12169163,0.12169163,0.12169163
311,0.121317625,0.121317625,0.16268677,0.12169163,0.12169163,0.12169163,0.12169163
312,0.30875275,0.30875275,0.16268677,0.12169163,0.12169163,0.12169163,0.12169163
313,0.30875275,0.30875275,0.16268677,0.12169163,0.12169163,0.12169163,0.12169163
314,0.30875275,0.30875275,0.16268677,0.12169163,0.12169163,0.12169163,0.12169163
315,0.30875275,0.30875275,0.16268677,0.12169163,0.12169163,0.12169163,0.12169163
316,0.30875275,0.30875275,0.16268677,0.12169163,0.12169163,0.12169163,0.12169163
317,0.30875275,0.30875275,0.16268677,0.12169163,0.12169163,0.12169163,0.12169163
318,0.30875275,0.30875275,0.16268677,0.12169163,0.12169163,0.12169163,0.12169163
319,0.30875275,0.30875275,0.16268677,0.12169163,0.12169163,0.12169163,0.12169163
320,0.19800851,0.19800851,0.28674075,0.12169163,0.12169163,0.12169163,0.12169163
321,0.19800851,0.19800851,0.28674075,0.12169163,0.12169163,0.12169163,0.12169163
322,0.19800851,0.19800851,0.28674075,0.12169163,0.12169163,0.12169163,0.12169163
323,0.19800851,0.19800851,0.28674075,0.12169163,0.12169163,0.12169163,0.12169163
324,0.19800851,0.19800851,0.28674075,0.12169163,0.12169163,0.12169163,0.12169163
325,0.19800851,0.19800851,0.28674075,0.12169163,0.12169163,0.12169163,0.12169163
326,0.19800851,0.19800851,0.28674075,0.12169163,0.12169163,0.12169163,0.12169163
327,0.19800851,0.19800851,0.28674075,0.12169163,0.12169163,0.12169163,0.12169163
328,0.2009516,0.2009516,0.28674075,0.12169163,0.12169163,0.12169163,0.12169163
329,0.2009516,0.2009516,0.28674075,0.12169163,0.12169163,0.12169163,0.12169163
330,0.2009516,0.2009516,0.28674075,0.12169163,0.12169163,0.12169163,0.12169163
331,0.2009516,0.2009516,0.28674075,0.12169163,0.12169163,0.12169163,0.12169163
332,0.2009516,0.2009516,0.28674075,0.12169163,0.12169163,0.12169163,0.12169163
333,0.2009516,0.2009516,0.28674075,0.12169163,0.12169163,0.12169163,0.12169163
334,0.2009516,0.2009516,0.28674075,0.12169163,0.12169163,0.12169163,0.12169163
335,0.2009516,0.2009516,0.28674075,0.12169163,0.12169163,0.12169163,0.12169163
336,0.28071553,0.28071553,0.28674075,0.12169163,0.12169163,0.12169163,0.12169163
337,0.28071553,0.28071553,0.28674075,0.12169163,0.12169163,0.12169163,0.12169163
338,0.28071553,0.28071553,0.28674075,0.12169163,0.12169163,0.12169163,0.12169163
339,0.28071553,0.28071553,0.28674075,0.12169163,0.12169163,0.12169163,0.12169163
340,0.28071553,0.28071553,0.28674075,0.12169163,0.12169163,0.12169163,0.12169163
341,0.28071553,0.28071553,0.28674075,0.12169163,0.12169163,0.12169163,0.12169163
342,0.28071553,0.28071553,0.28674075,0.12169163,0.12169163,0.12169163,0.12169163
343,0.28071553,0.28071553,0.28674075,0.12169163,0.12169163,0.12169163,0.12169163
344,0.121317625,0.121317625,0.28674075,0.12169163,0.12169163,0.12169163,0.12169163
345,0.121317625,0.121317625,0.28674075,0.12169163,0.12169163,0.12169163,0.12169163
346,0.121317625,0.121317625,0.28674075,0.12169163,0.12169163,0.12169163,0.12169163
347,0.121317625,0.121317625,0.28674075,0.12169163,0.12169163,0.12169163,0.12169163
348,0.121317625,0.121317625,0.28674075,0.12169163,0.12169163,0.12169163,0.12169163
349,0.121317625,0.121317625,0.28674075,0.12169163,0.12169163,0.12169163,0.12169163
350,0.121317625,0.121317625,0.28674075,0.12169163,0.12169163,0.12169163,0.12169163
351,0.121317625,0.121317625,0.28674075,0.12169163,0.12169163,0.12169163,0.12169163
352,0.30875275,0.30875275,0.28674075,0.12169163,0.12169163,0.12169163,0.12169163
353,0.30875275,0.30875275,0.28674075,0.12169163,0.12169163,0.12169163,0.12169163
354,0.30875275,0.30875275,0.28674075,0.12169163,0.12169163,0.12169163,0.12169163
355,0.30875275,0.30875275,0.28674075,0.12169163,0.12169163,0.12169163,0.12169163
356,0.30875275,0.30875275,0.28674075,0.12169163,0.12169163,0.12169163,0.12169163
357,0.30875275,0.30875275,0.28674075,0.12169163,0.12169163,0.12169163,0.12169163
358,0.30875275,0.30875275,0.28674075,0.12169163,0.12169163,0.12169163,0.12169163
359,0.30875275,0.30875275,0.28674075,0.12169163,0.12169163,0.12169163,0.12169163
360,0.19800851,0.19800851,0.12433383,0.14312062,0.14312062,0.14312062,0.14312062
361,0.19800851,0.19800851,0.12433383,0.14312062,0.14312062,0.14312062,0.14312062
362,0.19800851,0.19800851,0.12433383,0.14312062,0.14312062,0.14312062,0.14312062
363,0.19800851,0.19800851,0.12433383,0.14312062,0.14312062,0.14312062,0.14312062
364,0.19800851,0.19800851,0.12433383,0.14312062,0.14312062,0.14312062,0.14312062
365,0.19800851,0.19800851,0.12433383,0.14312062,0.14312062,0.14312062,0.14312062
366,0.19800851,0.19800851,0.12433383,0.14312062,0.14312062,0.14312062,0.14312062
367,0.19800851,0.19800851,0.12433383,0.14312062,0.14312062,0.14312062,0.14312062
368,0.2009516,0.2009516,0.12433383,0.14312062,0.14312062,0.14312062,0.14312062
369,0.2009516,0.2009516,0.12433383,0.14312062,0.14312062,0.14312062,0.14312062
370,0.2009516,0.2009516,0.12433383,0.14312062,0.14312062,0.14312062,0.14312062
371,0.2009516,0.2009516,0.12433383,0.14312062,0.14312062,0.14312062,0.14312062
372,0.2009516,0.2009516,0.12433383,0.14312062,0.14312062,0.14312062,0.14312062
373,0.2009516,0.2009516,0.12433383,0.14312062,0.14312062,0.14312062,0.14312062
374,0.2009516,0.2009516,0.12433383,0.14312062,0.14312062,0.14312062,0.14312062
375,0.2009516,0.2009516,0.12433383,0.14312062,0.14312062,0.14312062,0.14312062
376,0.28071553,0.28071553,0.12433383,0.14312062,0.14312062,0.14312062,0.14312062
377,0.28071553,0.28071553,0.12433383,0.14312062,0.14312062,0.14312062,0.14312062
378,0.28071553,0.28071553,0.12433383,0.14312062,0.14312062,0.14312062,0.14312062
379,0.28071553,0.28071553,0.12433383,0.14312062,0.14312062,0.14312062,0.14312062
380,0.28071553,0.28071553,0.12433383,0.14312062,0.14312062,0.14312062,0.14312062
381,0.28071553,0.28071553,0.12433383,0.14312062,0.14312062,0.14312062,0.14312062
382,0.28071553,0.28071553,0.12433383,0.14312062,0.14312062,0.14312062,0.14312062
383,0.28071553,0.28071553,0.12433383,0.14312062,0.14312062,0.14312062,0.14312062
384,0.121317625,0.121317625,0.12433383,0.14312062,0.14312062,0.14312062,0.14312062
385,0.121317625,0.121317625,0.12433383,0.14312062,0.14312062,0.14312062,0.14312062
386,0.121317625,0.121317625,0.12433383,0.14312062,0.14312062,0.14312062,0.14312062
387,0.121317625,0.121317625,0.12433383,0.14312062,0.14312062,0.14312062,0.14312062
388,0.121317625,0.121317625,0.12433383,0.14312062,0.14312062,0.14312062,0.14312062
389,0.121317625,0.121317625,0.12433383,0.14312062,0.14312062,0.14312062,0.14312062
390,0.121317625,0.121317625,0.12433383,0.14312062,0.14312062,0.14312062,0.14312062
391,0.121317625,0.121317625,0.12433383,0.14312062,0.14312062,0.14312062,0.14312062
392,0.30875275,0.30875275,0.12433383,0.14312062,0.14312062,0.14312062,0.14312062
393,0.30875275,0.30875275,0.12433383,0.14312062,0.14312062,0.14312062,0.14312062
394,0.30875275,0.30875275,0.12433383,0.14312062,0.14312062,0.14312062,0.14312062
395,0.30875275,0.30875275,0.12433383,0.14312062,0.14312062,0.14312062,0.14312062
396,0.30875275,0.30875275,0.12433383,0.14312062,0.14312062,0.14312062,0.14312062
397,0.30875275,0.30875275,0.12433383,0.14312062,0.14312062,0.14312062,0.14312062
398,0.30875275,0.30875275,0.12433383,0.14312062,0.14312062,0.14312062,0.14312062
399,0.30875275,0.30875275,0.12433383,0.14312062,0.14312062,0.14312062,0.14312062
400,0.19800851,0.19800851,0.16268677,0.14312062,0.14312062,0.14312062,0.14312062
401,0.19800851,0.19800851,0.16268677,0.14312062,0.14312062,0.14312062,0.14312062
402,0.19800851,0.19800851,0.16268677,0.14312062,0.14312062,0.14312062,0.14312062
403,0.19800851,0.19800851,0.16268677,0.14312062,0.14312062,0.14312062,0.14312062
404,0.19800851,0.19800851,0.16268677,0.14312062,0.14312062,0.14312062,0.14312062
405,0.19800851,0.19800851,0.16268677,0.14312062,0.14312062,0.14312062,0.14312062
406,0.19800851,0.19800851,0.16268677,0.14312062,0.14312062,0.14312062,0.14312062
407,0.19800851,0.19800851,0.16268677,0.14312062,0.14312062,0.14312062,0.14312062
408,0.2009516,0.2009516,0.16268677,0.14312062,0.14312062,0.14312062,0.14312062
409,0.2009516,0.2009516,0.16268677,0.14312062,0.14312062,0.14312062,0.14312062
410,0.2009516,0.2009516,0.16268677,0.14312062,0.14312062,0.14312062,0.14312062
411,0.2009516,0.2009516,0.16268677,0.14312062,0.14312062,0.14312062,0.14312062
412,0.2009516,0.2009516,0.16268677,0.14312062,0.14312062,0.14312062,0.14312062
413,0.2009516,0.2009516,0.16268677,0.14312062,0.14312062,0.14312062,0.14312062
414,0.2009516,0.2009516,0.16268677,0.14312062,0.14312062,0.14312062,0.14312062
415,0.2009516,0.2009516,0.16268677,0.14312062,0.14312062,0.14312062,0.14312062
416,0.28071553,0.28071553,0.16268677,0.14312062,0.14312062,0.14312062,0.14312062
417,0.28071553,0.28071553,0.16268677,0.14312062,0.14312062,0.14312062,0.14312062
418,0.28071553,0.28071553,0.16268677,0.14312062,0.14312062,0.14312062,0.14312062
419,0.28071553,0.28071553,0.16268677,0.14312062,0.14312062,0.14312062,0.14312062
420,0.28071553,0.28071553,0.16268677,0.14312062,0.14312062,0.14312062,0.14312062
421,0.28071553,0.28071553,0.16268677,0.14312062,0.14312062,0.14312062,0.14312062
422,0.28071553,0.28071553,0.16268677,0.14312062,0.14312062,0.14312062,0.14312062
423,0.28071553,0.28071553,0.16268677,0.14312062,0.14312062,0.14312062,0.14312062
424,0.121317625,0.121317625,0.16268677,0.14312062,0.14312062,0.14312062,0.14312062
425,0.121317625,0.121317625,0.16268677,0.14312062,0.14312062,0.14312062,0.14312062
426,0.121317625,0.121317625,0.16268677,0.14312062,0.14312062,0.14312062,0.14312062
427,0.121317625,0.121317625,0.16268677,0.14312062,0.14312062,0.14312062,0.14312062
428,0.121317625,0.121317625,0.16268677,0.14312062,0.14312062,0.14312062,0.14312062
429,0.121317625,0.121317625,0.16268677,0.14312062,0.14312062,0.14312062,0.14312062
430,0.121317625,0.121317625,0.16268677,0.14312062,0.14312062,0.14312062,0.14312062
431,0.121317625,0.121317625,0.16268677,0.14312062,0.14312062,0.14312062,0.14312062
432,0.30875275,0.30875275,0.16268677,0.14312062,0.14312062,0.14312062,0.14312062
433,0.30875275,0.30875275,0.16268677,0.14312062,0.14312062,0.14312062,0.14312062
434,0.30875275,0.30875275,0.16268677,0.14312062,0.14312062,0.14312062,0.14312062
435,0.30875275,0.30875275,0.16268677,0.14312062,0.14312062,0.14312062,0.14312062
436,0.30875275,0.30875275,0.16268677,0.14312062,0.14312062,0.14312062,0.14312062
437,0.30875275,0.30875275,0.16268677,0.14312062,0.14312062,0.14312062,0.14312062
438,0.30875275,0.30875275,0.16268677,0.14312062,0.14312062,0.14312062,0.14312062
439,0.30875275,0.30875275,0.16268677,0.14312062,0.14312062,0.14312062,0.14312062
440,0.19800851,0.19800851,0.28674075,0.14312062,0.14312062,0.14312062,0.14312062
441,0.19800851,0.19800851,0.28674075,0.14312062,0.14312062,0.14312062,0.14312062
442,0.19800851,0.19800851,0.28674075,0.14312062,0.14312062,0.14312062,0.14312062
443,0.19800851,0.19800851,0.28674075,0.14312062,0.14312062,0.14312062,0.14312062
444,0.19800851,0.19800851,0.28674075,0.14312062,0.14312062,0.14312062,0.14312062
445,0.19800851,0.19800851,0.28674075,0.14312062,0.14312062,0.14312062,0.14312062
446,0.19800851,0.19800851,0.28674075,0.14312062,0.14312062,0.14312062,0.14312062
447,0.19800851,0.19800851,0.28674075,0.14312062,0.14312062,0.14312062,0.14312062
448,0.2009516,0.2009516,0.28674075,0.14312062,0.14312062,0.14312062,0.14312062
449,0.2009516,0.2009516,0.28674075,0.14312062,0.14312062,0.14312062,0.14312062
450,0.2009516,0.2009516,0.28674075,0.14312062,0.14312062,0.14312062,0.14312062
451,0.2009516,0.2009516,0.28674075,0.14312062,0.14312062,0.14312062,0.14312062
452,0.2009516,0.2009516,0.28674075,0.14312062,0.14312062,0.14312062,0.14312062
453,0.2009516,0.2009516,0.28674075,0.14312062,0.14312062,0.14312062,0.14312062
454,0.2009516,0.2009516,0.28674075,0.14312062,0.14312062,0.14312062,0.14312062
455,0.2009516,0.2009516,0.28674075,0.14312062,0.14312062,0.14312062,0.14312062
456,0.28071553,0.28071553,0.28674075,0.14312062,0.14312062,0.14312062,0.14312062
457,0.28071553,0.28071553,0.28674075,0.14312062,0.14312062,0.14312062,0.14312062
458,0.28071553,0.28071553,0.28674075,0.14312062,0.14312062,0.14312062,0.14312062
459,0.28071553,0.28071553,0.28674075,0.14312062,0.14312062,0.14312062,0.14312062
460,0.28071553,0.28071553,0.28674075,0.14312062,0.14312062,0.14312062,0.14312062
461,0.28071553,0.28071553,0.28674075,0.14312062,0.14312062,0.14312062,0.14312062
462,0.28071553,0.28071553,0.28674075,0.14312062,0.14312062,0.14312062,0.14312062
463,0.28071553,0.28071553,0.28674075,0.14312062,0.14312062,0.14312062,0.14312062
464,0.121317625,0.121317625,0.28674075,0.14312062,0.14312062,0.14312062,0.14312062
465,0.121317625,0.121317625,0.28674075,0.14312062,0.14312062,0.14312062,0.14312062
466,0.121317625,0.121317625,0.28674075,0.14312062,0.14312062,0.14312062,0.14312062
467,0.121317625,0.121317625,0.28674075,0.14312062,0.14312062,0.14312062,0.14312062
468,0.121317625,0.121317625,0.28674075,0.14312062,0.14312062,0.14312062,0.14312062
469,0.121317625,0.121317625,0.28674075,0.14312062,0.14312062,0.14312062,0.14312062
470,0.121317625,0.121317625,0.28674075,0.14312062,0.14312062,0.14312062,0.14312062
471,0.121317625,0.121317625,0.28674075,0.14312062,0.14312062,0.14312062,0.14312062
472,0.30875275,0.30875275,0.28674075,0.14312062,0.14312062,0.14312062,0.14312062
473,0.30875275,0.30875275,0.28674075,0.14312062,0.14312062,0.14312062,0.14312062
474,0.30875275,0.30875275,0.28674075,0.14312062,0.14312062,0.14312062,0.14312062
475,0.30875275,0.30875275,0.28674075,0.14312062,0.14312062,0.14312062,0.14312062
476,0.30875275,0.30875275,0.28674075,0.14312062,0.14312062,0.14312062,0.14312062
477,0.30875275,0.30875275,0.28674075,0.14312062,0.14312062,0.14312062,0.14312062
478,0.30875275,0.30875275,0.28674075,0.14312062,0.14312062,0.14312062,0.14312062
479,0.30875275,0.30875275,0.28674075,0.14312062,0.14312062,0.14312062,0.14312062
480,0.19800851,0.2009516,0.12433383,0.17863989,0.17863989,0.17863989,0.17863989
481,0.19800851,0.2009516,0.12433383,0.17863989,0.17863989,0.17863989,0.17863989
482,0.19800851,0.2009516,0.12433383,0.17863989,0.17863989,0.17863989,0.17863989
483,0.19800851,0.2009516,0.12433383,0.17863989,0.17863989,0.17863989,0.17863989
484,0.19800851,0.2009516,0.12433383,0.17863989,0.17863989,0.17863989,0.17863989
485,0.19800851,0.2009516,0.12433383,0.17863989,0.17863989,0.17863989,0.17863989
486,0.19800851,0.2009516,0.12433383,0.17863989,0.17863989,0.17863989,0.17863989
487,0.19800851,0.2009516,0.12433383,0.17863989,0.17863989,0.17863989,0.17863989
488,0.2009516,0.28071553,0.12433383,0.24290189,0.24290189,0.24290189,0.24290189
489,0.2009516,0.28071553,0.12433383,0.24290189,0.24290189,0.24290189,0.24290189
490,0.2009516,0.28071553,0.12433383,0.24290189,0.24290189,0.24290189,0.24290189
491,0.2009516,0.28071553,0.12433383,0.24290189,0.24290189,0.24290189,0.24290189
492,0.2009516,0.28071553,0.12433383,0.24290189,0.24290189,0.24290189,0.24290189
493,0.2009516,0.28071553,0.12433383,0.24290189,0.24290189,0.24290189,0.24290189
494,0.2009516,0.28071553,0.12433383,0.24290189,0.24290189,0.24290189,0.24290189
495,0.2009516,0.28071553,0.12433383,0.24290189,0.24290189,0.24290189,0.24290189
496,0.28071553,0.30875275,0.16268677,0.24290189,0.24290189,0.24290189,0.24290189
497,0.28071553,0.30875275,0.16268677,0.24290189,0.24290189,0.24290189,0.24290189
498,0.28071553,0.30875275,0.16268677,0.24290189,0.24290189,0.24290189,0.24290189
499,0.28071553,0.30875275,0.16268677,0.24290189,0.24290189,0.24290189,0.24290189
500,0.28071553,0.30875275,0.16268677,0.24290189,0.24290189,0.24290189,0.24290189
501,0.28071553,0.30875275,0.16268677,0.24290189,0.24290189,0.24290189,0.24290189
502,0.28071553,0.30875275,0.16268677,0.24290189,0.24290189,0.24290189,0.24290189
503,0.28071553,0.30875275,0.16268677,0.24290189,0.24290189,0.24290189,0.24290189
504,0.19800851,0.28071553,0.16268677,0.12169163,0.12169163,0.12169163,0.12169163
505,0.19800851,0.28071553,0.16268677,0.12169163,0.12169163,0.12169163,0.12169163
506,0.19800851,0.28071553,0.16268677,0.12169163,0.12169163,0.12169163,0.12169163
507,0.19800851,0.28071553,0.16268677,0.12169163,0.12169163,0.12169163,0.12169163
508,0.19800851,0.28071553,0.16268677,0.12169163,0.12169163,0.12169163,0.12169163
509,0.19800851,0.28071553,0.16268677,0.12169163,0.12169163,0.12169163,0.12169163
510,0.19800851,0.28071553,0.16268677,0.12169163,0.12169163,0.12169163,0.12169163
511,0.19800851,0.28071553,0.16268677,0.12169163,0.12169163,0.12169163,0.12169163
512,0.28071553,0.121317625,0.28674075,0.12169163,0.12169163,0.12169163,0.12169163
513,0.28071553,0.121317625,0.28674075,0.12169163,0.12169163,0.12169163,0.12169163
514,0.28071553,0.121317625,0.28674075,0.12169163,0.12169163,0.12169163,0.12169163
515,0.28071553,0.121317625,0.28674075,0.12169163,0.12169163,0.12169163,0.12169163
516,0.28071553,0.121317625,0.28674075,0.12169163,0.12169163,0.12169163,0.12169163
517,0.28071553,0.121317625,0.28674075,0.12169163,0.12169163,0.12169163,0.12169163
518,0.28071553,0.121317625,0.28674075,0.12169163,0.12169163,0.12169163,0.12169163
519,0.28071553,0.121317625,0.28674075,0.12169163,0.12169163,0.12169163,0.12169163
520,0.121317625,0.30875275,0.28674075,0.14312062,0.14312062,0.14312062,0.14312062
521,0.121317625,0.30875275,0.28674075,0.14312062,0.14312062,0.14312062,0.14312062
522,0.121317625,0.30875275,0.28674075,0.14312062,0.14312062,0.14312062,0.14312062
523,0.121317625,0.30875275,0.28674075,0.14312062,0.14312062,0.14312062,0.14312062
524,0.121317625,0.30875275,0.28674075,0.14312062,0.14312062,0.14312062,0.14312062
525,0.121317625,0.30875275,0.28674075,0.14312062,0.14312062,0.14312062,0.14312062
526,0.121317625,0.30875275,0.28674075,0.14312062,0.14312062,0.14312062,0.14312062
527,0.121317625,0.30875275,0.28674075,0.14312062,0.14312062,0.14312062,0.14312062
528,0.19800851,0.19800851,0.12433383,0.17863989,0.17863989,0.17863989,0.24290189
529,0.19800851,0.19800851,0.12433383,0.17863989,0.17863989,0.17863989,0.24290189
530,0.19800851,0.19800851,0.12433383,0.17863989,0.17863989,0.17863989,0.24290189
531,0.19800851,0.19800851,0.12433383,0.17863989,0.17863989,0.17863989,0.24290189
532,0.19800851,0.19800851,0.12433383,0.17863989,0.17863989,0.17863989,0.24290189
533,0.19800851,0.19800851,0.12433383,0.17863989,0.17863989,0.17863989,0.24290189
534,0.19800851,0.19800851,0.12433383,0.17863989,0.17863989,0.17863989,0.24290189
535,0.19800851,0.19800851,0.12433383,0.17863989,0.17863989,0.17863989,0.24290189
536,0.2009516,0.2009516,0.12433383,0.17863989,0.17863989,0.17863989,0.24290189
537,0.2009516,0.2009516,0.12433383,0.17863989,0.17863989,0.17863989,0.24290189
538,0.2009516,0.2009516,0.12433383,0.17863989,0.17863989,0.17863989,0.24290189
539,0.2009516,0.2009516,0.12433383,0.17863989,0.17863989,0.17863989,0.24290189
540,0.2009516,0.2009516,0.12433383,0.17863989,0.17863989,0.17863989,0.24290189
541,0.2009516,0.2009516,0.12433383,0.17863989,0.17863989,0.17863989,0.24290189
542,0.2009516,0.2009516,0.12433383,0.17863989,0.17863989,0.17863989,0.24290189
543,0.2009516,0.2009516,0.12433383,0.17863989,0.17863989,0.17863989,0.24290189
544,0.19800851,0.19800851,0.16268677,0.24290189,0.24290189,0.24290189,0.12169163
545,0.19800851,0.19800851,0.16268677,0.24290189,0.24290189,0.24290189,0.12169163
546,0.19800851,0.19800851,0.16268677,0.24290189,0.24290189,0.24290189,0.12169163
547,0.19800851,0.19800851,0.16268677,0.24290189,0.24290189,0.24290189,0.12169163
548,0.19800851,0.19800851,0.16268677,0.24290189,0.24290189,0.24290189,0.12169163
549,0.19800851,0.19800851,0.16268677,0.24290189,0.24290189,0.24290189,0.12169163
550,0.19800851,0.19800851,0.16268677,0.24290189,0.24290189,0.24290189,0.12169163
551,0.19800851,0.19800851,0.16268677,0.24290189,0.24290189,0.24290189,0.12169163
552,0.2009516,0.2009516,0.16268677,0.24290189,0.24290189,0.24290189,0.12169163
553,0.2009516,0.2009516,0.16268677,0.24290189,0.24290189,0.24290189,0.12169163
554,0.2009516,0.2009516,0.16268677,0.24290189,0.24290189,0.24290189,0.12169163
555,0.2009516,0.2009516,0.16268677,0.24290189,0.24290189,0.24290189,0.12169163
556,0.2009516,0.2009516,0.16268677,0.24290189,0.24290189,0.24290189,0.12169163
557,0.2009516,0.2009516,0.16268677,0.24290189,0.24290189,0.24290189,0.12169163
558,0.2009516,0.2009516,0.16268677,0.24290189,0.24290189,0.24290189,0.12169163
559,0.2009516,0.2009516,0.16268677,0.24290189,0.24290189,0.24290189,0.12169163
560,0.19800851,0.19800851,0.28674075,0.12169163,0.12169163,0.12169163,0.14312062
561,0.19800851,0.19800851,0.28674075,0.12169163,0.12169163,0.12169163,0.14312062
562,0.19800851,0.19800851,0.28674075,0.12169163,0.12169163,0.12169163,0.14312062
563,0.19800851,0.19800851,0.28674075,0.12169163,0.12169163,0.12169163,0.14312062
564,0.19800851,0.19800851,0.28674075,0.12169163,0.12169163,0.12169163,0.14312062
565,0.19800851,0.19800851,0.28674075,0.12169163,0.12169163,0.12169163,0.14312062
566,0.19800851,0.19800851,0.28674075,0.12169163,0.12169163,0.12169163,0.14312062
567,0.19800851,0.19800851,0.28674075,0.12169163,0.12169163,0.12169163,0.14312062
568,0.2009516,0.2009516,0.28674075,0.12169163,0.12169163,0.12169163,0.14312062
569,0.2009516,0.2009516,0.28674075,0.12169163,0.12169163,0.12169163,0.14312062
570,0.2009516,0.2009516,0.28674075,0.12169163,0.12169163,0.12169163,0.14312062
571,0.2009516,0.2009516,0.28674075,0.12169163,0.12169163,0.12169163,0.14312062
572,0.2009516,0.2009516,0.28674075,0.12169163,0.12169163,0.12169163,0.14312062
573,0.2009516,0.2009516,0.28674075,0.12169163,0.12169163,0.12169163,0.14312062
574,0.2009516,0.2009516,0.28674075,0.12169163,0.12169163,0.12169163,0.14312062
575,0.2009516,0.2009516,0.28674075,0.12169163,0.12169163,0.12169163,0.14312062
576,0.28071553,0.28071553,0.12433383,0.17863989,0.17863989,0.24290189,0.24290189
577,0.28071553,0.28071553,0.12433383,0.17863989,0.17863989,0.24290189,0.24290189
578,0.28071553,0.28071553,0.12433383,0.17863989,0.17863989,0.24290189,0.24290189
579,0.28071553,0.28071553,0.12433383,0.17863989,0.17863989,0.24290189,0.24290189
580,0.28071553,0.28071553,0.12433383,0.17863989,0.17863989,0.24290189,0.24290189
581,0.28071553,0.28071553,0.12433383,0.17863989,0.17863989,0.24290189,0.24290189
582,0.28071553,0.28071553,0.12433383,0.17863989,0.17863989,0.24290189,0.24290189
583,0.28071553,0.28071553,0.12433383,0.17863989,0.17863989,0.24290189,0.24290189
584,0.121317625,0.121317625,0.12433383,0.17863989,0.17863989,0.17863989,0.12169163
585,0.121317625,0.121317625,0.12433383,0.17863989,0.17863989,0.17863989,0.12169163
586,0.121317625,0.121317625,0.12433383,0.17863989,0.17863989,0.17863989,0.12169163
587,0.121317625,0.121317625,0.12433383,0.17863989,0.17863989,0.17863989,0.12169163
588,0.121317625,0.121317625,0.12433383,0.17863989,0.17863989,0.17863989,0.12169163
589,0.121317625,0.121317625,0.12433383,0.17863989,0.17863989,0.17863989,0.12169163
590,0.121317625,0.121317625,0.12433383,0.17863989,0.17863989,0.17863989,0.12169163
591,0.121317625,0.121317625,0.12433383,0.17863989,0.17863989,0.17863989,0.12169163
592,0.28071553,0.28071553,0.16268677,0.12169163,0.12169163,0.14312062,0.24290189
593,0.28071553,0.28071553,0.16268677,0.12169163,0.12169163,0.14312062,0.24290189
594,0.28071553,0.28071553,0.16268677,0.12169163,0.12169163,0.14312062,0.24290189
595,0.28071553,0.28071553,0.16268677,0.12169163,0.12169163,0.14312062,0.24290189
596,0.28071553,0.28071553,0.16268677,0.12169163,0.12169163,0.14312062,0.24290189
597,0.28071553,0.28071553,0.16268677,0.12169163,0.12169163,0.14312062,0.24290189
598,0.28071553,0.28071553,0.16268677,0.12169163,0.12169163,0.14312062,0.24290189
599,0.28071553,0.28071553,0.16268677,0.12169163,0.12169163,0.14312062,0.24290189
600,0.30875275,0.30875275,0.28674075,0.14312062,0.14312062,0.14312062,0.24290189
601,0.30875275,0.30875275,0.28674075,0.14312062,0.14312062,0.14312062,0.24290189
602,0.30875275,0.30875275,0.28674075,0.14312062,0.14312062,0.14312062,0.24290189
603,0.30875275,0.30875275,0.28674075,0.14312062,0.14312062,0.14312062,0.24290189
604,0.30875275,0.30875275,0.28674075,0.14312062,0.14312062,0.14312062,0.24290189
605,0.30875275,0.30875275,0.28674075,0.14312062,0.14312062,0.14312062,0.24290189
606,0.30875275,0.30875275,0.28674075,0.14312062,0.14312062,0.14312062,0.24290189
607,0.30875275,0.30875275,0.28674075,0.14312062,0.14312062,0.14312062,0.24290189
608,0.28071553,0.28071553,0.28674075,0.17863989,0.24290189,0.12169163,0.14312062
609,0.28071553,0.28071553,0.28674075,0.17863989,0.24290189,0.12169163,0.14312062
610,0.28071553,0.28071553,0.28674075,0.17863989,0.24290189,0.12169163,0.14312062
611,0.28071553,0.28071553,0.28674075,0.17863989,0.24290189,0.12169163,0.14312062
612,0.28071553,0.28071553,0.28674075,0.17863989,0.24290189,0.12169163,0.14312062
613,0.28071553,0.28071553,0.28674075,0.17863989,0.24290189,0.12169163,0.14312062
614,0.28071553,0.28071553,0.28674075,0.17863989,0.24290189,0.12169163,0.14312062
615,0.28071553,0.28071553,0.28674075,0.17863989,0.24290189,0.12169163,0.14312062
616,0.30875275,0.30875275,0.16268677,0.12169163,0.12169163,0.14312062,0.14312062
617,0.30875275,0.30875275,0.16268677,0.12169163,0.12169163,0.14312062,0.14312062
618,0.30875275,0.30875275,0.16268677,0.12169163,0.12169163,0.14312062,0.14312062
619,0.30875275,0.30875275,0.16268677,0.12169163,0.12169163,0.14312062,0.14312062
620,0.30875275,0.30875275,0.16268677,0.12169163,0.12169163,0.14312062,0.14312062
621,0.30875275,0.30875275,0.16268677,0.12169163,0.12169163,0.14312062,0.14312062
622,0.30875275,0.30875275,0.16268677,0.12169163,0.12169163,0.14312062,0.14312062
623,0.30875275,0.30875275,0.16268677,0.12169163,0.12169163,0.14312062,0.14312062
624,0.121317625,0.121317625,0.28674075,0.17863989,0.17863989,0.17863989,0.14312062
625,0.121317625,0.121317625,0.28674075,0.17863989,0.17863989,0.17863989,0.14312062
626,0.121317625,0.121317625,0.28674075,0.17863989,0.17863989,0.17863989,0.14312062
627,0.121317625,0.121317625,0.28674075,0.17863989,0.17863989,0.17863989,0.14312062
628,0.121317625,0.121317625,0.28674075,0.17863989,0.17863989,0.17863989,0.14312062
629,0.121317625,0.121317625,0.28674075,0.17863989,0.17863989,0.17863989,0.14312062
630,0.121317625,0.121317625,0.28674075,0.17863989,0.17863989,0.17863989,0.14312062
631,0.121317625,0.121317625,0.28674075,0.17863989,0.17863989,0.17863989,0.14312062
632,0.121317625,0.121317625,0.16268677,0.24290189,0.24290189,0.14312062,0.14312062
633,0.121317625,0.121317625,0.16268677,0.24290189,0.24290189,0.14312062,0.14312062
634,0.121317625,0.121317625,0.16268677,0.24290189,0.24290189,0.14312062,0.14312062
635,0.121317625,0.121317625,0.16268677,0.24290189,0.24290189,0.14312062,0.14312062
636,0.121317625,0.121317625,0.16268677,0.24290189,0.24290189,0.14312062,0.14312062
637,0.121317625,0.121317625,0.16268677,0.24290189,0.24290189,0.14312062,0.14312062
638,0.121317625,0.121317625,0.16268677,0.24290189,0.24290189,0.14312062,0.14312062
639,0.121317625,0.121317625,0.16268677,0.24290189,0.24290189,0.14312062,0.14312062
