,rechargeable_A1,rechargeable_A2,rechargeable_B,rechargeable_X1,rechargeable_X2,rechargeable_X3,rechargeable_X4
0,0.46346116,0.46346116,0.109965414,0.18243991,0.18243991,0.18243991,0.18243991
1,0.46346116,0.46346116,0.109965414,0.18243991,0.18243991,0.18243991,0.18243991
2,0.46346116,0.46346116,0.109965414,0.18243991,0.18243991,0.18243991,0.18243991
3,0.46346116,0.46346116,0.109965414,0.18243991,0.18243991,0.18243991,0.18243991
4,0.46346116,0.46346116,0.109965414,0.18243991,0.18243991,0.18243991,0.18243991
5,0.46346116,0.46346116,0.109965414,0.18243991,0.18243991,0.18243991,0.18243991
6,0.46346116,0.46346116,0.109965414,0.18243991,0.18243991,0.18243991,0.18243991
7,0.46346116,0.46346116,0.109965414,0.18243991,0.18243991,0.18243991,0.18243991
8,0.2117557,0.2117557,0.109965414,0.18243991,0.18243991,0.18243991,0.18243991
9,0.2117557,0.2117557,0.109965414,0.18243991,0.18243991,0.18243991,0.18243991
10,0.2117557,0.2117557,0.109965414,0.18243991,0.18243991,0.18243991,0.18243991
11,0.2117557,0.2117557,0.109965414,0.18243991,0.18243991,0.18243991,0.18243991
12,0.2117557,0.2117557,0.109965414,0.18243991,0.18243991,0.18243991,0.18243991
13,0.2117557,0.2117557,0.109965414,0.18243991,0.18243991,0.18243991,0.18243991
14,0.2117557,0.2117557,0.109965414,0.18243991,0.18243991,0.18243991,0.18243991
15,0.2117557,0.2117557,0.109965414,0.18243991,0.18243991,0.18243991,0.18243991
16,0.044375855,0.044375855,0.109965414,0.18243991,0.18243991,0.18243991,0.18243991
17,0.044375855,0.044375855,0.109965414,0.18243991,0.18243991,0.18243991,0.18243991
18,0.044375855,0.044375855,0.109965414,0.18243991,0.18243991,0.18243991,0.18243991
19,0.044375855,0.044375855,0.109965414,0.18243991,0.18243991,0.18243991,0.18243991
20,0.044375855,0.044375855,0.109965414,0.18243991,0.18243991,0.18243991,0.18243991
21,0.044375855,0.044375855,0.109965414,0.18243991,0.18243991,0.18243991,0.18243991
22,0.044375855,0.044375855,0.109965414,0.18243991,0.18243991,0.18243991,0.18243991
23,0.044375855,0.044375855,0.109965414,0.18243991,0.18243991,0.18243991,0.18243991
24,0.1542425,0.1542425,0.109965414,0.18243991,0.18243991,0.18243991,0.18243991
25,0.1542425,0.1542425,0.109965414,0.18243991,0.18243991,0.18243991,0.18243991
26,0.1542425,0.1542425,0.109965414,0.18243991,0.18243991,0.18243991,0.18243991
27,0.1542425,0.1542425,0.109965414,0.18243991,0.18243991,0.18243991,0.18243991
28,0.1542425,0.1542425,0.109965414,0.18243991,0.18243991,0.18243991,0.18243991
29,0.1542425,0.1542425,0.109965414,0.18243991,0.18243991,0.18243991,0.18243991
30,0.1542425,0.1542425,0.109965414,0.18243991,0.18243991,0.18243991,0.18243991
31,0.1542425,0.1542425,0.109965414,0.18243991,0.18243991,0.18243991,0.18243991
32,0.1643536,0.1643536,0.109965414,0.18243991,0.18243991,0.18243991,0.18243991
33,0.1643536,0.1643536,0.109965414,0.18243991,0.18243991,0.18243991,0.18243991
34,0.1643536,0.1643536,0.109965414,0.18243991,0.18243991,0.18243991,0.18243991
35,0.1643536,0.1643536,0.109965414,0.18243991,0.18243991,0.18243991,0.18243991
36,0.1643536,0.1643536,0.109965414,0.18243991,0.18243991,0.18243991,0.18243991
37,0.1643536,0.1643536,0.109965414,0.18243991,0.18243991,0.18243991,0.18243991
38,0.1643536,0.1643536,0.109965414,0.18243991,0.18243991,0.18243991,0.18243991
39,0.1643536,0.1643536,0.109965414,0.18243991,0.18243991,0.18243991,0.18243991
40,0.46346116,0.46346116,0.21559612,0.18243991,0.18243991,0.18243991,0.18243991
41,0.46346116,0.46346116,0.21559612,0.18243991,0.18243991,0.18243991,0.18243991
42,0.46346116,0.46346116,0.21559612,0.18243991,0.18243991,0.18243991,0.18243991
43,0.46346116,0.46346116,0.21559612,0.18243991,0.18243991,0.18243991,0.18243991
44,0.46346116,0.46346116,0.21559612,0.18243991,0.18243991,0.18243991,0.18243991
45,0.46346116,0.46346116,0.21559612,0.18243991,0.18243991,0.18243991,0.18243991
46,0.46346116,0.46346116,0.21559612,0.18243991,0.18243991,0.18243991,0.18243991
47,0.46346116,0.46346116,0.21559612,0.18243991,0.18243991,0.18243991,0.18243991
48,0.2117557,0.2117557,0.21559612,0.18243991,0.18243991,0.18243991,0.18243991
49,0.2117557,0.2117557,0.21559612,0.18243991,0.18243991,0.18243991,0.18243991
50,0.2117557,0.2117557,0.21559612,0.18243991,0.18243991,0.18243991,0.18243991
51,0.2117557,0.2117557,0.21559612,0.18243991,0.18243991,0.18243991,0.18243991
52,0.2117557,0.2117557,0.21559612,0.18243991,0.18243991,0.18243991,0.18243991
53,0.2117557,0.2117557,0.21559612,0.18243991,0.18243991,0.18243991,0.18243991
54,0.2117557,0.2117557,0.21559612,0.18243991,0.18243991,0.18243991,0.18243991
55,0.2117557,0.2117557,0.21559612,0.18243991,0.18243991,0.18243991,0.18243991
56,0.044375855,0.044375855,0.21559612,0.18243991,0.18243991,0.18243991,0.18243991
57,0.044375855,0.044375855,0.21559612,0.18243991,0.18243991,0.18243991,0.18243991
58,0.044375855,0.044375855,0.21559612,0.18243991,0.18243991,0.18243991,0.18243991
59,0.044375855,0.044375855,0.21559612,0.18243991,0.18243991,0.18243991,0.18243991
60,0.044375855,0.044375855,0.21559612,0.18243991,0.18243991,0.18243991,0.18243991
61,0.044375855,0.044375855,0.21559612,0.18243991,0.18243991,0.18243991,0.18243991
62,0.044375855,0.044375855,0.21559612,0.18243991,0.18243991,0.18243991,0.18243991
63,0.044375855,0.044375855,0.21559612,0.18243991,0.18243991,0.18243991,0.18243991
64,0.1542425,0.1542425,0.21559612,0.18243991,0.18243991,0.18243991,0.18243991
65,0.1542425,0.1542425,0.21559612,0.18243991,0.18243991,0.18243991,0.18243991
66,0.1542425,0.1542425,0.21559612,0.18243991,0.18243991,0.18243991,0.18243991
67,0.1542425,0.1542425,0.21559612,0.18243991,0.18243991,0.18243991,0.18243991
68,0.1542425,0.1542425,0.21559612,0.18243991,0.18243991,0.18243991,0.18243991
69,0.1542425,0.1542425,0.21559612,0.18243991,0.18243991,0.18243991,0.18243991
70,0.1542425,0.1542425,0.21559612,0.18243991,0.18243991,0.18243991,0.18243991
71,0.1542425,0.1542425,0.21559612,0.18243991,0.18243991,0.18243991,0.18243991
72,0.1643536,0.1643536,0.21559612,0.18243991,0.18243991,0.18243991,0.18243991
73,0.1643536,0.1643536,0.21559612,0.18243991,0.18243991,0.18243991,0.18243991
74,0.1643536,0.1643536,0.21559612,0.18243991,0.18243991,0.18243991,0.18243991
75,0.1643536,0.1643536,0.21559612,0.18243991,0.18243991,0.18243991,0.18243991
76,0.1643536,0.1643536,0.21559612,0.18243991,0.18243991,0.18243991,0.18243991
77,0.1643536,0.1643536,0.21559612,0.18243991,0.18243991,0.18243991,0.18243991
78,0.1643536,0.1643536,0.21559612,0.18243991,0.18243991,0.18243991,0.18243991
79,0.1643536,0.1643536,0.21559612,0.18243991,0.18243991,0.18243991,0.18243991
80,0.46346116,0.46346116,0.15519792,0.18243991,0.18243991,0.18243991,0.18243991
81,0.46346116,0.46346116,0.15519792,0.18243991,0.18243991,0.18243991,0.18243991
82,0.46346116,0.46346116,0.15519792,0.18243991,0.18243991,0.18243991,0.18243991
83,0.46346116,0.46346116,0.15519792,0.18243991,0.18243991,0.18243991,0.18243991
84,0.46346116,0.46346116,0.15519792,0.18243991,0.18243991,0.18243991,0.18243991
85,0.46346116,0.46346116,0.15519792,0.18243991,0.18243991,0.18243991,0.18243991
86,0.46346116,0.46346116,0.15519792,0.18243991,0.18243991,0.18243991,0.18243991
87,0.46346116,0.46346116,0.15519792,0.18243991,0.18243991,0.18243991,0.18243991
88,0.2117557,0.2117557,0.15519792,0.18243991,0.18243991,0.18243991,0.18243991
89,0.2117557,0.2117557,0.15519792,0.18243991,0.18243991,0.18243991,0.18243991
90,0.2117557,0.2117557,0.15519792,0.18243991,0.18243991,0.18243991,0.18243991
91,0.2117557,0.2117557,0.15519792,0.18243991,0.18243991,0.18243991,0.18243991
92,0.2117557,0.2117557,0.15519792,0.18243991,0.18243991,0.18243991,0.18243991
93,0.2117557,0.2117557,0.15519792,0.18243991,0.18243991,0.18243991,0.18243991
94,0.2117557,0.2117557,0.15519792,0.18243991,0.18243991,0.18243991,0.18243991
95,0.2117557,0.2117557,0.15519792,0.18243991,0.18243991,0.18243991,0.18243991
96,0.044375855,0.044375855,0.15519792,0.18243991,0.18243991,0.18243991,0.18243991
97,0.044375855,0.044375855,0.15519792,0.18243991,0.18243991,0.18243991,0.18243991
98,0.044375855,0.044375855,0.15519792,0.18243991,0.18243991,0.18243991,0.18243991
99,0.044375855,0.044375855,0.15519792,0.18243991,0.18243991,0.18243991,0.18243991
100,0.044375855,0.044375855,0.15519792,0.18243991,0.18243991,0.18243991,0.18243991
101,0.044375855,0.044375855,0.15519792,0.18243991,0.18243991,0.18243991,0.18243991
102,0.044375855,0.044375855,0.15519792,0.18243991,0.18243991,0.18243991,0.18243991
103,0.044375855,0.044375855,0.15519792,0.18243991,0.18243991,0.18243991,0.18243991
104,0.1542425,0.1542425,0.15519792,0.18243991,0.18243991,0.18243991,0.18243991
105,0.1542425,0.1542425,0.15519792,0.18243991,0.18243991,0.18243991,0.18243991
106,0.1542425,0.1542425,0.15519792,0.18243991,0.18243991,0.18243991,0.18243991
107,0.1542425,0.1542425,0.15519792,0.18243991,0.18243991,0.18243991,0.18243991
108,0.1542425,0.1542425,0.15519792,0.18243991,0.18243991,0.18243991,0.18243991
109,0.1542425,0.1542425,0.15519792,0.18243991,0.18243991,0.18243991,0.18243991
110,0.1542425,0.1542425,0.15519792,0.18243991,0.18243991,0.18243991,0.18243991
111,0.1542425,0.1542425,0.15519792,0.18243991,0.18243991,0.18243991,0.18243991
112,0.1643536,0.1643536,0.15519792,0.18243991,0.18243991,0.18243991,0.18243991
113,0.1643536,0.1643536,0.15519792,0.18243991,0.18243991,0.18243991,0.18243991
114,0.1643536,0.1643536,0.15519792,0.18243991,0.18243991,0.18243991,0.18243991
115,0.1643536,0.1643536,0.15519792,0.18243991,0.18243991,0.18243991,0.18243991
116,0.1643536,0.1643536,0.15519792,0.18243991,0.18243991,0.18243991,0.18243991
117,0.1643536,0.1643536,0.15519792,0.18243991,0.18243991,0.18243991,0.18243991
118,0.1643536,0.1643536,0.15519792,0.18243991,0.18243991,0.18243991,0.18243991
119,0.1643536,0.1643536,0.15519792,0.18243991,0.18243991,0.18243991,0.18243991
120,0.46346116,0.46346116,0.109965414,0.13950557,0.13950557,0.13950557,0.13950557
121,0.46346116,0.46346116,0.109965414,0.13950557,0.13950557,0.13950557,0.13950557
122,0.46346116,0.46346116,0.109965414,0.13950557,0.13950557,0.13950557,0.13950557
123,0.46346116,0.46346116,0.109965414,0.13950557,0.13950557,0.13950557,0.13950557
124,0.46346116,0.46346116,0.109965414,0.13950557,0.13950557,0.13950557,0.13950557
125,0.46346116,0.46346116,0.109965414,0.13950557,0.13950557,0.13950557,0.13950557
126,0.46346116,0.46346116,0.109965414,0.13950557,0.13950557,0.13950557,0.13950557
127,0.46346116,0.46346116,0.109965414,0.13950557,0.13950557,0.13950557,0.13950557
128,0.2117557,0.2117557,0.109965414,0.13950557,0.13950557,0.13950557,0.13950557
129,0.2117557,0.2117557,0.109965414,0.13950557,0.13950557,0.13950557,0.13950557
130,0.2117557,0.2117557,0.109965414,0.13950557,0.13950557,0.13950557,0.13950557
131,0.2117557,0.2117557,0.109965414,0.13950557,0.13950557,0.13950557,0.13950557
132,0.2117557,0.2117557,0.109965414,0.13950557,0.13950557,0.13950557,0.13950557
133,0.2117557,0.2117557,0.109965414,0.13950557,0.13950557,0.13950557,0.13950557
134,0.2117557,0.2117557,0.109965414,0.13950557,0.13950557,0.13950557,0.13950557
135,0.2117557,0.2117557,0.109965414,0.13950557,0.13950557,0.13950557,0.13950557
136,0.044375855,0.044375855,0.109965414,0.13950557,0.13950557,0.13950557,0.13950557
137,0.044375855,0.044375855,0.109965414,0.13950557,0.13950557,0.13950557,0.13950557
138,0.044375855,0.044375855,0.109965414,0.13950557,0.13950557,0.13950557,0.13950557
139,0.044375855,0.044375855,0.109965414,0.13950557,0.13950557,0.13950557,0.13950557
140,0.044375855,0.044375855,0.109965414,0.13950557,0.13950557,0.13950557,0.13950557
141,0.044375855,0.044375855,0.109965414,0.13950557,0.13950557,0.13950557,0.13950557
142,0.044375855,0.044375855,0.109965414,0.13950557,0.13950557,0.13950557,0.13950557
143,0.044375855,0.044375855,0.109965414,0.13950557,0.13950557,0.13950557,0.13950557
144,0.1542425,0.1542425,0.109965414,0.13950557,0.13950557,0.13950557,0.13950557
145,0.1542425,0.1542425,0.109965414,0.13950557,0.13950557,0.13950557,0.13950557
146,0.1542425,0.1542425,0.109965414,0.13950557,0.13950557,0.13950557,0.13950557
147,0.1542425,0.1542425,0.109965414,0.13950557,0.13950557,0.13950557,0.13950557
148,0.1542425,0.1542425,0.109965414,0.13950557,0.13950557,0.13950557,0.13950557
149,0.1542425,0.1542425,0.109965414,0.13950557,0.13950557,0.13950557,0.13950557
150,0.1542425,0.1542425,0.109965414,0.13950557,0.13950557,0.13950557,0.13950557
151,0.1542425,0.1542425,0.109965414,0.13950557,0.13950557,0.13950557,0.13950557
152,0.1643536,0.1643536,0.109965414,0.13950557,0.13950557,0.13950557,0.13950557
153,0.1643536,0.1643536,0.109965414,0.13950557,0.13950557,0.13950557,0.13950557
154,0.1643536,0.1643536,0.109965414,0.13950557,0.13950557,0.13950557,0.13950557
155,0.1643536,0.1643536,0.109965414,0.13950557,0.13950557,0.13950557,0.13950557
156,0.1643536,0.1643536,0.109965414,0.13950557,0.13950557,0.13950557,0.13950557
157,0.1643536,0.1643536,0.109965414,0.13950557,0.13950557,0.13950557,0.13950557
158,0.1643536,0.1643536,0.109965414,0.13950557,0.13950557,0.13950557,0.13950557
159,0.1643536,0.1643536,0.109965414,0.13950557,0.13950557,0.13950557,0.13950557
160,0.46346116,0.46346116,0.21559612,0.13950557,0.13950557,0.13950557,0.13950557
161,0.46346116,0.46346116,0.21559612,0.13950557,0.13950557,0.13950557,0.13950557
162,0.46346116,0.46346116,0.21559612,0.13950557,0.13950557,0.13950557,0.13950557
163,0.46346116,0.46346116,0.21559612,0.13950557,0.13950557,0.13950557,0.13950557
164,0.46346116,0.46346116,0.21559612,0.13950557,0.13950557,0.13950557,0.13950557
165,0.46346116,0.46346116,0.21559612,0.13950557,0.13950557,0.13950557,0.13950557
166,0.46346116,0.46346116,0.21559612,0.13950557,0.13950557,0.13950557,0.13950557
167,0.46346116,0.46346116,0.21559612,0.13950557,0.13950557,0.13950557,0.13950557
168,0.2117557,0.2117557,0.21559612,0.13950557,0.13950557,0.13950557,0.13950557
169,0.2117557,0.2117557,0.21559612,0.13950557,0.13950557,0.13950557,0.13950557
170,0.2117557,0.2117557,0.21559612,0.13950557,0.13950557,0.13950557,0.13950557
171,0.2117557,0.2117557,0.21559612,0.13950557,0.13950557,0.13950557,0.13950557
172,0.2117557,0.2117557,0.21559612,0.13950557,0.13950557,0.13950557,0.13950557
173,0.2117557,0.2117557,0.21559612,0.13950557,0.13950557,0.13950557,0.13950557
174,0.2117557,0.2117557,0.21559612,0.13950557,0.13950557,0.13950557,0.13950557
175,0.2117557,0.2117557,0.21559612,0.13950557,0.13950557,0.13950557,0.13950557
176,0.044375855,0.044375855,0.21559612,0.13950557,0.13950557,0.13950557,0.13950557
177,0.044375855,0.044375855,0.21559612,0.13950557,0.13950557,0.13950557,0.13950557
178,0.044375855,0.044375855,0.21559612,0.13950557,0.13950557,0.13950557,0.13950557
179,0.044375855,0.044375855,0.21559612,0.13950557,0.13950557,0.13950557,0.13950557
180,0.044375855,0.044375855,0.21559612,0.13950557,0.13950557,0.13950557,0.13950557
181,0.044375855,0.044375855,0.21559612,0.13950557,0.13950557,0.13950557,0.13950557
182,0.044375855,0.044375855,0.21559612,0.13950557,0.13950557,0.13950557,0.13950557
183,0.044375855,0.044375855,0.21559612,0.13950557,0.13950557,0.13950557,0.13950557
184,0.1542425,0.1542425,0.21559612,0.13950557,0.13950557,0.13950557,0.13950557
185,0.1542425,0.1542425,0.21559612,0.13950557,0.13950557,0.13950557,0.13950557
186,0.1542425,0.1542425,0.21559612,0.13950557,0.13950557,0.13950557,0.13950557
187,0.1542425,0.1542425,0.21559612,0.13950557,0.13950557,0.13950557,0.13950557
188,0.1542425,0.1542425,0.21559612,0.13950557,0.13950557,0.13950557,0.13950557
189,0.1542425,0.1542425,0.21559612,0.13950557,0.13950557,0.13950557,0.13950557
190,0.1542425,0.1542425,0.21559612,0.13950557,0.13950557,0.13950557,0.13950557
191,0.1542425,0.1542425,0.21559612,0.13950557,0.13950557,0.13950557,0.13950557
192,0.1643536,0.1643536,0.21559612,0.13950557,0.13950557,0.13950557,0.13950557
193,0.1643536,0.1643536,0.21559612,0.13950557,0.13950557,0.13950557,0.13950557
194,0.1643536,0.1643536,0.21559612,0.13950557,0.13950557,0.13950557,0.13950557
195,0.1643536,0.1643536,0.21559612,0.13950557,0.13950557,0.13950557,0.13950557
196,0.1643536,0.1643536,0.21559612,0.13950557,0.13950557,0.13950557,0.13950557
197,0.1643536,0.1643536,0.21559612,0.13950557,0.13950557,0.13950557,0.13950557
198,0.1643536,0.1643536,0.21559612,0.13950557,0.13950557,0.13950557,0.13950557
199,0.1643536,0.1643536,0.21559612,0.13950557,0.13950557,0.13950557,0.13950557
200,0.46346116,0.46346116,0.15519792,0.13950557,0.13950557,0.13950557,0.13950557
201,0.46346116,0.46346116,0.15519792,0.13950557,0.13950557,0.13950557,0.13950557
202,0.46346116,0.46346116,0.15519792,0.13950557,0.13950557,0.13950557,0.13950557
203,0.46346116,0.46346116,0.15519792,0.13950557,0.13950557,0.13950557,0.13950557
204,0.46346116,0.46346116,0.15519792,0.13950557,0.13950557,0.13950557,0.13950557
205,0.46346116,0.46346116,0.15519792,0.13950557,0.13950557,0.13950557,0.13950557
206,0.46346116,0.46346116,0.15519792,0.13950557,0.13950557,0.13950557,0.13950557
207,0.46346116,0.46346116,0.15519792,0.13950557,0.13950557,0.13950557,0.13950557
208,0.2117557,0.2117557,0.15519792,0.13950557,0.13950557,0.13950557,0.13950557
209,0.2117557,0.2117557,0.15519792,0.13950557,0.13950557,0.13950557,0.13950557
210,0.2117557,0.2117557,0.15519792,0.13950557,0.13950557,0.13950557,0.13950557
211,0.2117557,0.2117557,0.15519792,0.13950557,0.13950557,0.13950557,0.13950557
212,0.2117557,0.2117557,0.15519792,0.13950557,0.13950557,0.13950557,0.13950557
213,0.2117557,0.2117557,0.15519792,0.13950557,0.13950557,0.13950557,0.13950557
214,0.2117557,0.2117557,0.15519792,0.13950557,0.13950557,0.13950557,0.13950557
215,0.2117557,0.2117557,0.15519792,0.13950557,0.13950557,0.13950557,0.13950557
216,0.044375855,0.044375855,0.15519792,0.13950557,0.13950557,0.13950557,0.13950557
217,0.044375855,0.044375855,0.15519792,0.13950557,0.13950557,0.13950557,0.13950557
218,0.044375855,0.044375855,0.15519792,0.13950557,0.13950557,0.13950557,0.13950557
219,0.044375855,0.044375855,0.15519792,0.13950557,0.13950557,0.13950557,0.13950557
220,0.044375855,0.044375855,0.15519792,0.13950557,0.13950557,0.13950557,0.13950557
221,0.044375855,0.044375855,0.15519792,0.13950557,0.13950557,0.13950557,0.13950557
222,0.044375855,0.044375855,0.15519792,0.13950557,0.13950557,0.13950557,0.13950557
223,0.044375855,0.044375855,0.15519792,0.13950557,0.13950557,0.13950557,0.13950557
224,0.1542425,0.1542425,0.15519792,0.13950557,0.13950557,0.13950557,0.13950557
225,0.1542425,0.1542425,0.15519792,0.13950557,0.13950557,0.13950557,0.13950557
226,0.1542425,0.1542425,0.15519792,0.13950557,0.13950557,0.13950557,0.13950557
227,0.1542425,0.1542425,0.15519792,0.13950557,0.13950557,0.13950557,0.13950557
228,0.1542425,0.1542425,0.15519792,0.13950557,0.13950557,0.13950557,0.13950557
229,0.1542425,0.1542425,0.15519792,0.13950557,0.13950557,0.13950557,0.13950557
230,0.1542425,0.1542425,0.15519792,0.13950557,0.13950557,0.13950557,0.13950557
231,0.1542425,0.1542425,0.15519792,0.13950557,0.13950557,0.13950557,0.13950557
232,0.1643536,0.1643536,0.15519792,0.13950557,0.13950557,0.13950557,0.13950557
233,0.1643536,0.1643536,0.15519792,0.13950557,0.13950557,0.13950557,0.13950557
234,0.1643536,0.1643536,0.15519792,0.13950557,0.13950557,0.13950557,0.13950557
235,0.1643536,0.1643536,0.15519792,0.13950557,0.13950557,0.13950557,0.13950557
236,0.1643536,0.1643536,0.15519792,0.13950557,0.13950557,0.13950557,0.13950557
237,0.1643536,0.1643536,0.15519792,0.13950557,0.13950557,0.13950557,0.13950557
238,0.1643536,0.1643536,0.15519792,0.13950557,0.13950557,0.13950557,0.13950557
239,0.1643536,0.1643536,0.15519792,0.13950557,0.13950557,0.13950557,0.13950557
240,0.46346116,0.46346116,0.109965414,0.095936716,0.095936716,0.095936716,0.095936716
241,0.46346116,0.46346116,0.109965414,0.095936716,0.095936716,0.095936716,0.095936716
242,0.46346116,0.46346116,0.109965414,0.095936716,0.095936716,0.095936716,0.095936716
243,0.46346116,0.46346116,0.109965414,0.095936716,0.095936716,0.095936716,0.095936716
244,0.46346116,0.46346116,0.109965414,0.095936716,0.095936716,0.095936716,0.095936716
245,0.46346116,0.46346116,0.109965414,0.095936716,0.095936716,0.095936716,0.095936716
246,0.46346116,0.46346116,0.109965414,0.095936716,0.095936716,0.095936716,0.095936716
247,0.46346116,0.46346116,0.109965414,0.095936716,0.095936716,0.095936716,0.095936716
248,0.2117557,0.2117557,0.109965414,0.095936716,0.095936716,0.095936716,0.095936716
249,0.2117557,0.2117557,0.109965414,0.095936716,0.095936716,0.095936716,0.095936716
250,0.2117557,0.2117557,0.109965414,0.095936716,0.095936716,0.095936716,0.095936716
251,0.2117557,0.2117557,0.109965414,0.095936716,0.095936716,0.095936716,0.095936716
252,0.2117557,0.2117557,0.109965414,0.095936716,0.095936716,0.095936716,0.095936716
253,0.2117557,0.2117557,0.109965414,0.095936716,0.095936716,0.095936716,0.095936716
254,0.2117557,0.2117557,0.109965414,0.095936716,0.095936716,0.095936716,0.095936716
255,0.2117557,0.2117557,0.109965414,0.095936716,0.095936716,0.095936716,0.095936716
256,0.044375855,0.044375855,0.109965414,0.095936716,0.095936716,0.095936716,0.095936716
257,0.044375855,0.044375855,0.109965414,0.095936716,0.095936716,0.095936716,0.095936716
258,0.044375855,0.044375855,0.109965414,0.095936716,0.095936716,0.095936716,0.095936716
259,0.044375855,0.044375855,0.109965414,0.095936716,0.095936716,0.095936716,0.095936716
260,0.044375855,0.044375855,0.109965414,0.095936716,0.095936716,0.095936716,0.095936716
261,0.044375855,0.044375855,0.109965414,0.095936716,0.095936716,0.095936716,0.095936716
262,0.044375855,0.044375855,0.109965414,0.095936716,0.095936716,0.095936716,0.095936716
263,0.044375855,0.044375855,0.109965414,0.095936716,0.095936716,0.095936716,0.095936716
264,0.1542425,0.1542425,0.109965414,0.095936716,0.095936716,0.095936716,0.095936716
265,0.1542425,0.1542425,0.109965414,0.095936716,0.095936716,0.095936716,0.095936716
266,0.1542425,0.1542425,0.109965414,0.095936716,0.095936716,0.095936716,0.095936716
267,0.1542425,0.1542425,0.109965414,0.095936716,0.095936716,0.095936716,0.095936716
268,0.1542425,0.1542425,0.109965414,0.095936716,0.095936716,0.095936716,0.095936716
269,0.1542425,0.1542425,0.109965414,0.095936716,0.095936716,0.095936716,0.095936716
270,0.1542425,0.1542425,0.109965414,0.095936716,0.095936716,0.095936716,0.095936716
271,0.1542425,0.1542425,0.109965414,0.095936716,0.095936716,0.095936716,0.095936716
272,0.1643536,0.1643536,0.109965414,0.095936716,0.095936716,0.095936716,0.095936716
273,0.1643536,0.1643536,0.109965414,0.095936716,0.095936716,0.095936716,0.095936716
274,0.1643536,0.1643536,0.109965414,0.095936716,0.095936716,0.095936716,0.095936716
275,0.1643536,0.1643536,0.109965414,0.095936716,0.095936716,0.095936716,0.095936716
276,0.1643536,0.1643536,0.109965414,0.095936716,0.095936716,0.095936716,0.095936716
277,0.1643536,0.1643536,0.109965414,0.095936716,0.095936716,0.095936716,0.095936716
278,0.1643536,0.1643536,0.109965414,0.095936716,0.095936716,0.095936716,0.095936716
279,0.1643536,0.1643536,0.109965414,0.095936716,0.095936716,0.095936716,0.095936716
280,0.46346116,0.46346116,0.21559612,0.095936716,0.095936716,0.095936716,0.095936716
281,0.46346116,0.46346116,0.21559612,0.095936716,0.095936716,0.095936716,0.095936716
282,0.46346116,0.46346116,0.21559612,0.095936716,0.095936716,0.095936716,0.095936716
283,0.46346116,0.46346116,0.21559612,0.095936716,0.095936716,0.095936716,0.095936716
284,0.46346116,0.46346116,0.21559612,0.095936716,0.095936716,0.095936716,0.095936716
285,0.46346116,0.46346116,0.21559612,0.095936716,0.095936716,0.095936716,0.095936716
286,0.46346116,0.46346116,0.21559612,0.095936716,0.095936716,0.095936716,0.095936716
287,0.46346116,0.46346116,0.21559612,0.095936716,0.095936716,0.095936716,0.095936716
288,0.2117557,0.2117557,0.21559612,0.095936716,0.095936716,0.095936716,0.095936716
289,0.2117557,0.2117557,0.21559612,0.095936716,0.095936716,0.095936716,0.095936716
290,0.2117557,0.2117557,0.21559612,0.095936716,0.095936716,0.095936716,0.095936716
291,0.2117557,0.2117557,0.21559612,0.095936716,0.095936716,0.095936716,0.095936716
292,0.2117557,0.2117557,0.21559612,0.095936716,0.095936716,0.095936716,0.095936716
293,0.2117557,0.2117557,0.21559612,0.095936716,0.095936716,0.095936716,0.095936716
294,0.2117557,0.2117557,0.21559612,0.095936716,0.095936716,0.095936716,0.095936716
295,0.2117557,0.2117557,0.21559612,0.095936716,0.095936716,0.095936716,0.095936716
296,0.044375855,0.044375855,0.21559612,0.095936716,0.095936716,0.095936716,0.095936716
297,0.044375855,0.044375855,0.21559612,0.095936716,0.095936716,0.095936716,0.095936716
298,0.044375855,0.044375855,0.21559612,0.095936716,0.095936716,0.095936716,0.095936716
299,0.044375855,0.044375855,0.21559612,0.095936716,0.095936716,0.095936716,0.095936716
300,0.044375855,0.044375855,0.21559612,0.095936716,0.095936716,0.095936716,0.095936716
301,0.044375855,0.044375855,0.21559612,0.095936716,0.095936716,0.095936716,0.095936716
302,0.044375855,0.044375855,0.21559612,0.095936716,0.095936716,0.095936716,0.095936716
303,0.044375855,0.044375855,0.21559612,0.095936716,0.095936716,0.095936716,0.095936716
304,0.1542425,0.1542425,0.21559612,0.095936716,0.095936716,0.095936716,0.095936716
305,0.1542425,0.1542425,0.21559612,0.095936716,0.095936716,0.095936716,0.095936716
306,0.1542425,0.1542425,0.21559612,0.095936716,0.095936716,0.095936716,0.095936716
307,0.1542425,0.1542425,0.21559612,0.095936716,0.095936716,0.095936716,0.095936716
308,0.1542425,0.1542425,0.21559612,0.095936716,0.095936716,0.095936716,0.095936716
309,0.1542425,0.1542425,0.21559612,0.095936716,0.095936716,0.095936716,0.095936716
310,0.1542425,0.1542425,0.21559612,0.095936716,0.095936716,0.095936716,0.095936716
311,0.1542425,0.1542425,0.21559612,0.095936716,0.095936716,0.095936716,0.095936716
312,0.1643536,0.1643536,0.21559612,0.095936716,0.095936716,0.095936716,0.095936716
313,0.1643536,0.1643536,0.21559612,0.095936716,0.095936716,0.095936716,0.095936716
314,0.1643536,0.1643536,0.21559612,0.095936716,0.095936716,0.095936716,0.095936716
315,0.1643536,0.1643536,0.21559612,0.095936716,0.095936716,0.095936716,0.095936716
316,0.1643536,0.1643536,0.21559612,0.095936716,0.095936716,0.095936716,0.095936716
317,0.1643536,0.1643536,0.21559612,0.095936716,0.095936716,0.095936716,0.095936716
318,0.1643536,0.1643536,0.21559612,0.095936716,0.095936716,0.095936716,0.095936716
319,0.1643536,0.1643536,0.21559612,0.095936716,0.095936716,0.095936716,0.095936716
320,0.46346116,0.46346116,0.15519792,0.095936716,0.095936716,0.095936716,0.095936716
321,0.46346116,0.46346116,0.15519792,0.095936716,0.095936716,0.095936716,0.095936716
322,0.46346116,0.46346116,0.15519792,0.095936716,0.095936716,0.095936716,0.095936716
323,0.46346116,0.46346116,0.15519792,0.095936716,0.095936716,0.095936716,0.095936716
324,0.46346116,0.46346116,0.15519792,0.095936716,0.095936716,0.095936716,0.095936716
325,0.46346116,0.46346116,0.15519792,0.095936716,0.095936716,0.095936716,0.095936716
326,0.46346116,0.46346116,0.15519792,0.095936716,0.095936716,0.095936716,0.095936716
327,0.46346116,0.46346116,0.15519792,0.095936716,0.095936716,0.095936716,0.095936716
328,0.2117557,0.2117557,0.15519792,0.095936716,0.095936716,0.095936716,0.095936716
329,0.2117557,0.2117557,0.15519792,0.095936716,0.095936716,0.095936716,0.095936716
330,0.2117557,0.2117557,0.15519792,0.095936716,0.095936716,0.095936716,0.095936716
331,0.2117557,0.2117557,0.15519792,0.095936716,0.095936716,0.095936716,0.095936716
332,0.2117557,0.2117557,0.15519792,0.095936716,0.095936716,0.095936716,0.095936716
333,0.2117557,0.2117557,0.15519792,0.095936716,0.095936716,0.095936716,0.095936716
334,0.2117557,0.2117557,0.15519792,0.095936716,0.095936716,0.095936716,0.095936716
335,0.2117557,0.2117557,0.15519792,0.095936716,0.095936716,0.095936716,0.095936716
336,0.044375855,0.044375855,0.15519792,0.095936716,0.095936716,0.095936716,0.095936716
337,0.044375855,0.044375855,0.15519792,0.095936716,0.095936716,0.095936716,0.095936716
338,0.044375855,0.044375855,0.15519792,0.095936716,0.095936716,0.095936716,0.095936716
339,0.044375855,0.044375855,0.15519792,0.095936716,0.095936716,0.095936716,0.095936716
340,0.044375855,0.044375855,0.15519792,0.095936716,0.095936716,0.095936716,0.095936716
341,0.044375855,0.044375855,0.15519792,0.095936716,0.095936716,0.095936716,0.095936716
342,0.044375855,0.044375855,0.15519792,0.095936716,0.095936716,0.095936716,0.095936716
343,0.044375855,0.044375855,0.15519792,0.095936716,0.095936716,0.095936716,0.095936716
344,0.1542425,0.1542425,0.15519792,0.095936716,0.095936716,0.095936716,0.095936716
345,0.1542425,0.1542425,0.15519792,0.095936716,0.095936716,0.095936716,0.095936716
346,0.1542425,0.1542425,0.15519792,0.095936716,0.095936716,0.095936716,0.095936716
347,0.1542425,0.1542425,0.15519792,0.095936716,0.095936716,0.095936716,0.095936716
348,0.1542425,0.1542425,0.15519792,0.095936716,0.095936716,0.095936716,0.095936716
349,0.1542425,0.1542425,0.15519792,0.095936716,0.095936716,0.095936716,0.095936716
350,0.1542425,0.1542425,0.15519792,0.095936716,0.095936716,0.095936716,0.095936716
351,0.1542425,0.1542425,0.15519792,0.095936716,0.095936716,0.095936716,0.095936716
352,0.1643536,0.1643536,0.15519792,0.095936716,0.095936716,0.095936716,0.095936716
353,0.1643536,0.1643536,0.15519792,0.095936716,0.095936716,0.095936716,0.095936716
354,0.1643536,0.1643536,0.15519792,0.095936716,0.095936716,0.095936716,0.095936716
355,0.1643536,0.1643536,0.15519792,0.095936716,0.095936716,0.095936716,0.095936716
356,0.1643536,0.1643536,0.15519792,0.095936716,0.095936716,0.095936716,0.095936716
357,0.1643536,0.1643536,0.15519792,0.095936716,0.095936716,0.095936716,0.095936716
358,0.1643536,0.1643536,0.15519792,0.095936716,0.095936716,0.095936716,0.095936716
359,0.1643536,0.1643536,0.15519792,0.095936716,0.095936716,0.095936716,0.095936716
360,0.46346116,0.46346116,0.109965414,0.12394661,0.12394661,0.12394661,0.12394661
361,0.46346116,0.46346116,0.109965414,0.12394661,0.12394661,0.12394661,0.12394661
362,0.46346116,0.46346116,0.109965414,0.12394661,0.12394661,0.12394661,0.12394661
363,0.46346116,0.46346116,0.109965414,0.12394661,0.12394661,0.12394661,0.12394661
364,0.46346116,0.46346116,0.109965414,0.12394661,0.12394661,0.12394661,0.12394661
365,0.46346116,0.46346116,0.109965414,0.12394661,0.12394661,0.12394661,0.12394661
366,0.46346116,0.46346116,0.109965414,0.12394661,0.12394661,0.12394661,0.12394661
367,0.46346116,0.46346116,0.109965414,0.12394661,0.12394661,0.12394661,0.12394661
368,0.2117557,0.2117557,0.109965414,0.12394661,0.12394661,0.12394661,0.12394661
369,0.2117557,0.2117557,0.109965414,0.12394661,0.12394661,0.12394661,0.12394661
370,0.2117557,0.2117557,0.109965414,0.12394661,0.12394661,0.12394661,0.12394661
371,0.2117557,0.2117557,0.109965414,0.12394661,0.12394661,0.12394661,0.12394661
372,0.2117557,0.2117557,0.109965414,0.12394661,0.12394661,0.12394661,0.12394661
373,0.2117557,0.2117557,0.109965414,0.12394661,0.12394661,0.12394661,0.12394661
374,0.2117557,0.2117557,0.109965414,0.12394661,0.12394661,0.12394661,0.12394661
375,0.2117557,0.2117557,0.109965414,0.12394661,0.12394661,0.12394661,0.12394661
376,0.044375855,0.044375855,0.109965414,0.12394661,0.12394661,0.12394661,0.12394661
377,0.044375855,0.044375855,0.109965414,0.12394661,0.12394661,0.12394661,0.12394661
378,0.044375855,0.044375855,0.109965414,0.12394661,0.12394661,0.12394661,0.12394661
379,0.044375855,0.044375855,0.109965414,0.12394661,0.12394661,0.12394661,0.12394661
380,0.044375855,0.044375855,0.109965414,0.12394661,0.12394661,0.12394661,0.12394661
381,0.044375855,0.044375855,0.109965414,0.12394661,0.12394661,0.12394661,0.12394661
382,0.044375855,0.044375855,0.109965414,0.12394661,0.12394661,0.12394661,0.12394661
383,0.044375855,0.044375855,0.109965414,0.12394661,0.12394661,0.12394661,0.12394661
384,0.1542425,0.1542425,0.109965414,0.12394661,0.12394661,0.12394661,0.12394661
385,0.1542425,0.1542425,0.109965414,0.12394661,0.12394661,0.12394661,0.12394661
386,0.1542425,0.1542425,0.109965414,0.12394661,0.12394661,0.12394661,0.12394661
387,0.1542425,0.1542425,0.109965414,0.12394661,0.12394661,0.12394661,0.12394661
388,0.1542425,0.1542425,0.109965414,0.12394661,0.12394661,0.12394661,0.12394661
389,0.1542425,0.1542425,0.109965414,0.12394661,0.12394661,0.12394661,0.12394661
390,0.1542425,0.1542425,0.109965414,0.12394661,0.12394661,0.12394661,0.12394661
391,0.1542425,0.1542425,0.109965414,0.12394661,0.12394661,0.12394661,0.12394661
392,0.1643536,0.1643536,0.109965414,0.12394661,0.12394661,0.12394661,0.12394661
393,0.1643536,0.1643536,0.109965414,0.12394661,0.12394661,0.12394661,0.12394661
394,0.1643536,0.1643536,0.109965414,0.12394661,0.12394661,0.12394661,0.12394661
395,0.1643536,0.1643536,0.109965414,0.12394661,0.12394661,0.12394661,0.12394661
396,0.1643536,0.1643536,0.109965414,0.12394661,0.12394661,0.12394661,0.12394661
397,0.1643536,0.1643536,0.109965414,0.12394661,0.12394661,0.12394661,0.12394661
398,0.1643536,0.1643536,0.109965414,0.12394661,0.12394661,0.12394661,0.12394661
399,0.1643536,0.1643536,0.109965414,0.12394661,0.12394661,0.12394661,0.12394661
400,0.46346116,0.46346116,0.21559612,0.12394661,0.12394661,0.12394661,0.12394661
401,0.46346116,0.46346116,0.21559612,0.12394661,0.12394661,0.12394661,0.12394661
402,0.46346116,0.46346116,0.21559612,0.12394661,0.12394661,0.12394661,0.12394661
403,0.46346116,0.46346116,0.21559612,0.12394661,0.12394661,0.12394661,0.12394661
404,0.46346116,0.46346116,0.21559612,0.12394661,0.12394661,0.12394661,0.12394661
405,0.46346116,0.46346116,0.21559612,0.12394661,0.12394661,0.12394661,0.12394661
406,0.46346116,0.46346116,0.21559612,0.12394661,0.12394661,0.12394661,0.12394661
407,0.46346116,0.46346116,0.21559612,0.12394661,0.12394661,0.12394661,0.12394661
408,0.2117557,0.2117557,0.21559612,0.12394661,0.12394661,0.12394661,0.12394661
409,0.2117557,0.2117557,0.21559612,0.12394661,0.12394661,0.12394661,0.12394661
410,0.2117557,0.2117557,0.21559612,0.12394661,0.12394661,0.12394661,0.12394661
411,0.2117557,0.2117557,0.21559612,0.12394661,0.12394661,0.12394661,0.12394661
412,0.2117557,0.2117557,0.21559612,0.12394661,0.12394661,0.12394661,0.12394661
413,0.2117557,0.2117557,0.21559612,0.12394661,0.12394661,0.12394661,0.12394661
414,0.2117557,0.2117557,0.21559612,0.12394661,0.12394661,0.12394661,0.12394661
415,0.2117557,0.2117557,0.21559612,0.12394661,0.12394661,0.12394661,0.12394661
416,0.044375855,0.044375855,0.21559612,0.12394661,0.12394661,0.12394661,0.12394661
417,0.044375855,0.044375855,0.21559612,0.12394661,0.12394661,0.12394661,0.12394661
418,0.044375855,0.044375855,0.21559612,0.12394661,0.12394661,0.12394661,0.12394661
419,0.044375855,0.044375855,0.21559612,0.12394661,0.12394661,0.12394661,0.12394661
420,0.044375855,0.044375855,0.21559612,0.12394661,0.12394661,0.12394661,0.12394661
421,0.044375855,0.044375855,0.21559612,0.12394661,0.12394661,0.12394661,0.12394661
422,0.044375855,0.044375855,0.21559612,0.12394661,0.12394661,0.12394661,0.12394661
423,0.044375855,0.044375855,0.21559612,0.12394661,0.12394661,0.12394661,0.12394661
424,0.1542425,0.1542425,0.21559612,0.12394661,0.12394661,0.12394661,0.12394661
425,0.1542425,0.1542425,0.21559612,0.12394661,0.12394661,0.12394661,0.12394661
426,0.1542425,0.1542425,0.21559612,0.12394661,0.12394661,0.12394661,0.12394661
427,0.1542425,0.1542425,0.21559612,0.12394661,0.12394661,0.12394661,0.12394661
428,0.1542425,0.1542425,0.21559612,0.12394661,0.12394661,0.12394661,0.12394661
429,0.1542425,0.1542425,0.21559612,0.12394661,0.12394661,0.12394661,0.12394661
430,0.1542425,0.1542425,0.21559612,0.12394661,0.12394661,0.12394661,0.12394661
431,0.1542425,0.1542425,0.21559612,0.12394661,0.12394661,0.12394661,0.12394661
432,0.1643536,0.1643536,0.21559612,0.12394661,0.12394661,0.12394661,0.12394661
433,0.1643536,0.1643536,0.21559612,0.12394661,0.12394661,0.12394661,0.12394661
434,0.1643536,0.1643536,0.21559612,0.12394661,0.12394661,0.12394661,0.12394661
435,0.1643536,0.1643536,0.21559612,0.12394661,0.12394661,0.12394661,0.12394661
436,0.1643536,0.1643536,0.21559612,0.12394661,0.12394661,0.12394661,0.12394661
437,0.1643536,0.1643536,0.21559612,0.12394661,0.12394661,0.12394661,0.12394661
438,0.1643536,0.1643536,0.21559612,0.12394661,0.12394661,0.12394661,0.12394661
439,0.1643536,0.1643536,0.21559612,0.12394661,0.12394661,0.12394661,0.12394661
440,0.46346116,0.46346116,0.15519792,0.12394661,0.12394661,0.12394661,0.12394661
441,0.46346116,0.46346116,0.15519792,0.12394661,0.12394661,0.12394661,0.12394661
442,0.46346116,0.46346116,0.15519792,0.12394661,0.12394661,0.12394661,0.12394661
443,0.46346116,0.46346116,0.15519792,0.12394661,0.12394661,0.12394661,0.12394661
444,0.46346116,0.46346116,0.15519792,0.12394661,0.12394661,0.12394661,0.12394661
445,0.46346116,0.46346116,0.15519792,0.12394661,0.12394661,0.12394661,0.12394661
446,0.46346116,0.46346116,0.15519792,0.12394661,0.12394661,0.12394661,0.12394661
447,0.46346116,0.46346116,0.15519792,0.12394661,0.12394661,0.12394661,0.12394661
448,0.2117557,0.2117557,0.15519792,0.12394661,0.12394661,0.12394661,0.12394661
449,0.2117557,0.2117557,0.15519792,0.12394661,0.12394661,0.12394661,0.12394661
450,0.2117557,0.2117557,0.15519792,0.12394661,0.12394661,0.12394661,0.12394661
451,0.2117557,0.2117557,0.15519792,0.12394661,0.12394661,0.12394661,0.12394661
452,0.2117557,0.2117557,0.15519792,0.12394661,0.12394661,0.12394661,0.12394661
453,0.2117557,0.2117557,0.15519792,0.12394661,0.12394661,0.12394661,0.12394661
454,0.2117557,0.2117557,0.15519792,0.12394661,0.12394661,0.12394661,0.12394661
455,0.2117557,0.2117557,0.15519792,0.12394661,0.12394661,0.12394661,0.12394661
456,0.044375855,0.044375855,0.15519792,0.12394661,0.12394661,0.12394661,0.12394661
457,0.044375855,0.044375855,0.15519792,0.12394661,0.12394661,0.12394661,0.12394661
458,0.044375855,0.044375855,0.15519792,0.12394661,0.12394661,0.12394661,0.12394661
459,0.044375855,0.044375855,0.15519792,0.12394661,0.12394661,0.12394661,0.12394661
460,0.044375855,0.044375855,0.15519792,0.12394661,0.12394661,0.12394661,0.12394661
461,0.044375855,0.044375855,0.15519792,0.12394661,0.12394661,0.12394661,0.12394661
462,0.044375855,0.044375855,0.15519792,0.12394661,0.12394661,0.12394661,0.12394661
463,0.044375855,0.044375855,0.15519792,0.12394661,0.12394661,0.12394661,0.12394661
464,0.1542425,0.1542425,0.15519792,0.12394661,0.12394661,0.12394661,0.12394661
465,0.1542425,0.1542425,0.15519792,0.12394661,0.12394661,0.12394661,0.12394661
466,0.1542425,0.1542425,0.15519792,0.12394661,0.12394661,0.12394661,0.12394661
467,0.1542425,0.1542425,0.15519792,0.12394661,0.12394661,0.12394661,0.12394661
468,0.1542425,0.1542425,0.15519792,0.12394661,0.12394661,0.12394661,0.12394661
469,0.1542425,0.1542425,0.15519792,0.12394661,0.12394661,0.12394661,0.12394661
470,0.1542425,0.1542425,0.15519792,0.12394661,0.12394661,0.12394661,0.12394661
471,0.1542425,0.1542425,0.15519792,0.12394661,0.12394661,0.12394661,0.12394661
472,0.1643536,0.1643536,0.15519792,0.12394661,0.12394661,0.12394661,0.12394661
473,0.1643536,0.1643536,0.15519792,0.12394661,0.12394661,0.12394661,0.12394661
474,0.1643536,0.1643536,0.15519792,0.12394661,0.12394661,0.12394661,0.12394661
475,0.1643536,0.1643536,0.15519792,0.12394661,0.12394661,0.12394661,0.12394661
476,0.1643536,0.1643536,0.15519792,0.12394661,0.12394661,0.12394661,0.12394661
477,0.1643536,0.1643536,0.15519792,0.12394661,0.12394661,0.12394661,0.12394661
478,0.1643536,0.1643536,0.15519792,0.12394661,0.12394661,0.12394661,0.12394661
479,0.1643536,0.1643536,0.15519792,0.12394661,0.12394661,0.12394661,0.12394661
480,0.46346116,0.2117557,0.109965414,0.18243991,0.18243991,0.18243991,0.18243991
481,0.46346116,0.2117557,0.109965414,0.18243991,0.18243991,0.18243991,0.18243991
482,0.46346116,0.2117557,0.109965414,0.18243991,0.18243991,0.18243991,0.18243991
483,0.46346116,0.2117557,0.109965414,0.18243991,0.18243991,0.18243991,0.18243991
484,0.46346116,0.2117557,0.109965414,0.18243991,0.18243991,0.18243991,0.18243991
485,0.46346116,0.2117557,0.109965414,0.18243991,0.18243991,0.18243991,0.18243991
486,0.46346116,0.2117557,0.109965414,0.18243991,0.18243991,0.18243991,0.18243991
487,0.46346116,0.2117557,0.109965414,0.18243991,0.18243991,0.18243991,0.18243991
488,0.2117557,0.044375855,0.109965414,0.13950557,0.13950557,0.13950557,0.13950557
489,0.2117557,0.044375855,0.109965414,0.13950557,0.13950557,0.13950557,0.13950557
490,0.2117557,0.044375855,0.109965414,0.13950557,0.13950557,0.13950557,0.13950557
491,0.2117557,0.044375855,0.109965414,0.13950557,0.13950557,0.13950557,0.13950557
492,0.2117557,0.044375855,0.109965414,0.13950557,0.13950557,0.13950557,0.13950557
493,0.2117557,0.044375855,0.109965414,0.13950557,0.13950557,0.13950557,0.13950557
494,0.2117557,0.044375855,0.109965414,0.13950557,0.13950557,0.13950557,0.13950557
495,0.2117557,0.044375855,0.109965414,0.13950557,0.13950557,0.13950557,0.13950557
496,0.044375855,0.1643536,0.21559612,0.13950557,0.13950557,0.13950557,0.13950557
497,0.044375855,0.1643536,0.21559612,0.13950557,0.13950557,0.13950557,0.13950557
498,0.044375855,0.1643536,0.21559612,0.13950557,0.13950557,0.13950557,0.13950557
499,0.044375855,0.1643536,0.21559612,0.13950557,0.13950557,0.13950557,0.13950557
500,0.044375855,0.1643536,0.21559612,0.13950557,0.13950557,0.13950557,0.13950557
501,0.044375855,0.1643536,0.21559612,0.13950557,0.13950557,0.13950557,0.13950557
502,0.044375855,0.1643536,0.21559612,0.13950557,0.13950557,0.13950557,0.13950557
503,0.044375855,0.1643536,0.21559612,0.13950557,0.13950557,0.13950557,0.13950557
504,0.46346116,0.044375855,0.21559612,0.095936716,0.095936716,0.095936716,0.095936716
505,0.46346116,0.044375855,0.21559612,0.095936716,0.095936716,0.095936716,0.095936716
506,0.46346116,0.044375855,0.21559612,0.095936716,0.095936716,0.095936716,0.095936716
507,0.46346116,0.044375855,0.21559612,0.095936716,0.095936716,0.095936716,0.095936716
508,0.46346116,0.044375855,0.21559612,0.095936716,0.095936716,0.095936716,0.095936716
509,0.46346116,0.044375855,0.21559612,0.095936716,0.095936716,0.095936716,0.095936716
510,0.46346116,0.044375855,0.21559612,0.095936716,0.095936716,0.095936716,0.095936716
511,0.46346116,0.044375855,0.21559612,0.095936716,0.095936716,0.095936716,0.095936716
512,0.044375855,0.1542425,0.15519792,0.095936716,0.095936716,0.095936716,0.095936716
513,0.044375855,0.1542425,0.15519792,0.095936716,0.095936716,0.095936716,0.095936716
514,0.044375855,0.1542425,0.15519792,0.095936716,0.095936716,0.095936716,0.095936716
515,0.044375855,0.1542425,0.15519792,0.095936716,0.095936716,0.095936716,0.095936716
516,0.044375855,0.1542425,0.15519792,0.095936716,0.095936716,0.095936716,0.095936716
517,0.044375855,0.1542425,0.15519792,0.095936716,0.095936716,0.095936716,0.095936716
518,0.044375855,0.1542425,0.15519792,0.095936716,0.095936716,0.095936716,0.095936716
519,0.044375855,0.1542425,0.15519792,0.095936716,0.095936716,0.095936716,0.095936716
520,0.1542425,0.1643536,0.15519792,0.12394661,0.12394661,0.12394661,0.12394661
521,0.1542425,0.1643536,0.15519792,0.12394661,0.12394661,0.12394661,0.12394661
522,0.1542425,0.1643536,0.15519792,0.12394661,0.12394661,0.12394661,0.12394661
523,0.1542425,0.1643536,0.15519792,0.12394661,0.12394661,0.12394661,0.12394661
524,0.1542425,0.1643536,0.15519792,0.12394661,0.12394661,0.12394661,0.12394661
525,0.1542425,0.1643536,0.15519792,0.12394661,0.12394661,0.12394661,0.12394661
526,0.1542425,0.1643536,0.15519792,0.12394661,0.12394661,0.12394661,0.12394661
527,0.1542425,0.1643536,0.15519792,0.12394661,0.12394661,0.12394661,0.12394661
528,0.46346116,0.46346116,0.109965414,0.18243991,0.18243991,0.18243991,0.13950557
529,0.46346116,0.46346116,0.109965414,0.18243991,0.18243991,0.18243991,0.13950557
530,0.46346116,0.46346116,0.109965414,0.18243991,0.18243991,0.18243991,0.13950557
531,0.46346116,0.46346116,0.109965414,0.18243991,0.18243991,0.18243991,0.13950557
532,0.46346116,0.46346116,0.109965414,0.18243991,0.18243991,0.18243991,0.13950557
533,0.46346116,0.46346116,0.109965414,0.18243991,0.18243991,0.18243991,0.13950557
534,0.46346116,0.46346116,0.109965414,0.18243991,0.18243991,0.18243991,0.13950557
535,0.46346116,0.46346116,0.109965414,0.18243991,0.18243991,0.18243991,0.13950557
536,0.2117557,0.2117557,0.109965414,0.18243991,0.18243991,0.18243991,0.13950557
537,0.2117557,0.2117557,0.109965414,0.18243991,0.18243991,0.18243991,0.13950557
538,0.2117557,0.2117557,0.109965414,0.18243991,0.18243991,0.18243991,0.13950557
539,0.2117557,0.2117557,0.109965414,0.18243991,0.18243991,0.18243991,0.13950557
540,0.2117557,0.2117557,0.109965414,0.18243991,0.18243991,0.18243991,0.13950557
541,0.2117557,0.2117557,0.109965414,0.18243991,0.18243991,0.18243991,0.13950557
542,0.2117557,0.2117557,0.109965414,0.18243991,0.18243991,0.18243991,0.13950557
543,0.2117557,0.2117557,0.109965414,0.18243991,0.18243991,0.18243991,0.13950557
544,0.46346116,0.46346116,0.21559612,0.13950557,0.13950557,0.13950557,0.095936716
545,0.46346116,0.46346116,0.21559612,0.13950557,0.13950557,0.13950557,0.095936716
546,0.46346116,0.46346116,0.21559612,0.13950557,0.13950557,0.13950557,0.095936716
547,0.46346116,0.46346116,0.21559612,0.13950557,0.13950557,0.13950557,0.095936716
548,0.46346116,0.46346116,0.21559612,0.13950557,0.13950557,0.13950557,0.095936716
549,0.46346116,0.46346116,0.21559612,0.13950557,0.13950557,0.13950557,0.095936716
550,0.46346116,0.46346116,0.21559612,0.13950557,0.13950557,0.13950557,0.095936716
551,0.46346116,0.46346116,0.21559612,0.13950557,0.13950557,0.13950557,0.095936716
552,0.2117557,0.2117557,0.21559612,0.13950557,0.13950557,0.13950557,0.095936716
553,0.2117557,0.2117557,0.21559612,0.13950557,0.13950557,0.13950557,0.095936716
554,0.2117557,0.2117557,0.21559612,0.13950557,0.13950557,0.13950557,0.095936716
555,0.2117557,0.2117557,0.21559612,0.13950557,0.13950557,0.13950557,0.095936716
556,0.2117557,0.2117557,0.21559612,0.13950557,0.13950557,0.13950557,0.095936716
557,0.2117557,0.2117557,0.21559612,0.13950557,0.13950557,0.13950557,0.095936716
558,0.2117557,0.2117557,0.21559612,0.13950557,0.13950557,0.13950557,0.095936716
559,0.2117557,0.2117557,0.21559612,0.13950557,0.13950557,0.13950557,0.095936716
560,0.46346116,0.46346116,0.15519792,0.095936716,0.095936716,0.095936716,0.12394661
561,0.46346116,0.46346116,0.15519792,0.095936716,0.095936716,0.095936716,0.12394661
562,0.46346116,0.46346116,0.15519792,0.095936716,0.095936716,0.095936716,0.12394661
563,0.46346116,0.46346116,0.15519792,0.095936716,0.095936716,0.095936716,0.12394661
564,0.46346116,0.46346116,0.15519792,0.095936716,0.095936716,0.095936716,0.12394661
565,0.46346116,0.46346116,0.15519792,0.095936716,0.095936716,0.095936716,0.12394661
566,0.46346116,0.46346116,0.15519792,0.095936716,0.095936716,0.095936716,0.12394661
567,0.46346116,0.46346116,0.15519792,0.095936716,0.095936716,0.095936716,0.12394661
568,0.2117557,0.2117557,0.15519792,0.095936716,0.095936716,0.095936716,0.12394661
569,0.2117557,0.2117557,0.15519792,0.095936716,0.095936716,0.095936716,0.12394661
570,0.2117557,0.2117557,0.15519792,0.095936716,0.095936716,0.095936716,0.12394661
571,0.2117557,0.2117557,0.15519792,0.095936716,0.095936716,0.095936716,0.12394661
572,0.2117557,0.2117557,0.15519792,0.095936716,0.095936716,0.095936716,0.12394661
573,0.2117557,0.2117557,0.15519792,0.095936716,0.095936716,0.095936716,0.12394661
574,0.2117557,0.2117557,0.15519792,0.095936716,0.095936716,0.095936716,0.12394661
575,0.2117557,0.2117557,0.15519792,0.095936716,0.095936716,0.095936716,0.12394661
576,0.044375855,0.044375855,0.109965414,0.18243991,0.18243991,0.13950557,0.13950557
577,0.044375855,0.044375855,0.109965414,0.18243991,0.18243991,0.13950557,0.13950557
578,0.044375855,0.044375855,0.109965414,0.18243991,0.18243991,0.13950557,0.13950557
579,0.044375855,0.044375855,0.109965414,0.18243991,0.18243991,0.13950557,0.13950557
580,0.044375855,0.044375855,0.109965414,0.18243991,0.18243991,0.13950557,0.13950557
581,0.044375855,0.044375855,0.109965414,0.18243991,0.18243991,0.13950557,0.13950557
582,0.044375855,0.044375855,0.109965414,0.18243991,0.18243991,0.13950557,0.13950557
583,0.044375855,0.044375855,0.109965414,0.18243991,0.18243991,0.13950557,0.13950557
584,0.1542425,0.1542425,0.109965414,0.18243991,0.18243991,0.18243991,0.095936716
585,0.1542425,0.1542425,0.109965414,0.18243991,0.18243991,0.18243991,0.095936716
586,0.1542425,0.1542425,0.109965414,0.18243991,0.18243991,0.18243991,0.095936716
587,0.1542425,0.1542425,0.109965414,0.18243991,0.18243991,0.18243991,0.095936716
588,0.1542425,0.1542425,0.109965414,0.18243991,0.18243991,0.18243991,0.095936716
589,0.1542425,0.1542425,0.109965414,0.18243991,0.18243991,0.18243991,0.095936716
590,0.1542425,0.1542425,0.109965414,0.18243991,0.18243991,0.18243991,0.095936716
591,0.1542425,0.1542425,0.109965414,0.18243991,0.18243991,0.18243991,0.095936716
592,0.044375855,0.044375855,0.21559612,0.095936716,0.095936716,0.12394661,0.13950557
593,0.044375855,0.044375855,0.21559612,0.095936716,0.095936716,0.12394661,0.13950557
594,0.044375855,0.044375855,0.21559612,0.095936716,0.095936716,0.12394661,0.13950557
595,0.044375855,0.044375855,0.21559612,0.095936716,0.095936716,0.12394661,0.13950557
596,0.044375855,0.044375855,0.21559612,0.095936716,0.095936716,0.12394661,0.13950557
597,0.044375855,0.044375855,0.21559612,0.095936716,0.095936716,0.12394661,0.13950557
598,0.044375855,0.044375855,0.21559612,0.095936716,0.095936716,0.12394661,0.13950557
599,0.044375855,0.044375855,0.21559612,0.095936716,0.095936716,0.12394661,0.13950557
600,0.1643536,0.1643536,0.15519792,0.12394661,0.12394661,0.12394661,0.13950557
601,0.1643536,0.1643536,0.15519792,0.12394661,0.12394661,0.12394661,0.13950557
602,0.1643536,0.1643536,0.15519792,0.12394661,0.12394661,0.12394661,0.13950557
603,0.1643536,0.1643536,0.15519792,0.12394661,0.12394661,0.12394661,0.13950557
604,0.1643536,0.1643536,0.15519792,0.12394661,0.12394661,0.12394661,0.13950557
605,0.1643536,0.1643536,0.15519792,0.12394661,0.12394661,0.12394661,0.13950557
606,0.1643536,0.1643536,0.15519792,0.12394661,0.12394661,0.12394661,0.13950557
607,0.1643536,0.1643536,0.15519792,0.12394661,0.12394661,0.12394661,0.13950557
608,0.044375855,0.044375855,0.15519792,0.18243991,0.13950557,0.095936716,0.12394661
609,0.044375855,0.044375855,0.15519792,0.18243991,0.13950557,0.095936716,0.12394661
610,0.044375855,0.044375855,0.15519792,0.18243991,0.13950557,0.095936716,0.12394661
611,0.044375855,0.044375855,0.15519792,0.18243991,0.13950557,0.095936716,0.12394661
612,0.044375855,0.044375855,0.15519792,0.18243991,0.13950557,0.095936716,0.12394661
613,0.044375855,0.044375855,0.15519792,0.18243991,0.13950557,0.095936716,0.12394661
614,0.044375855,0.044375855,0.15519792,0.18243991,0.13950557,0.095936716,0.12394661
615,0.044375855,0.044375855,0.15519792,0.18243991,0.13950557,0.095936716,0.12394661
616,0.1643536,0.1643536,0.21559612,0.095936716,0.095936716,0.12394661,0.12394661
617,0.1643536,0.1643536,0.21559612,0.095936716,0.095936716,0.12394661,0.12394661
618,0.1643536,0.1643536,0.21559612,0.095936716,0.095936716,0.12394661,0.12394661
619,0.1643536,0.1643536,0.21559612,0.095936716,0.095936716,0.12394661,0.12394661
620,0.1643536,0.1643536,0.21559612,0.095936716,0.095936716,0.12394661,0.12394661
621,0.1643536,0.1643536,0.21559612,0.095936716,0.095936716,0.12394661,0.12394661
622,0.1643536,0.1643536,0.21559612,0.095936716,0.095936716,0.12394661,0.12394661
623,0.1643536,0.1643536,0.21559612,0.095936716,0.095936716,0.12394661,0.12394661
624,0.1542425,0.1542425,0.15519792,0.18243991,0.18243991,0.18243991,0.12394661
625,0.1542425,0.1542425,0.15519792,0.18243991,0.18243991,0.18243991,0.12394661
626,0.1542425,0.1542425,0.15519792,0.18243991,0.18243991,0.18243991,0.12394661
627,0.1542425,0.1542425,0.15519792,0.18243991,0.18243991,0.18243991,0.12394661
628,0.1542425,0.1542425,0.15519792,0.18243991,0.18243991,0.18243991,0.12394661
629,0.1542425,0.1542425,0.15519792,0.18243991,0.18243991,0.18243991,0.12394661
630,0.1542425,0.1542425,0.15519792,0.18243991,0.18243991,0.18243991,0.12394661
631,0.1542425,0.1542425,0.15519792,0.18243991,0.18243991,0.18243991,0.12394661
632,0.1542425,0.1542425,0.21559612,0.13950557,0.13950557,0.12394661,0.12394661
633,0.1542425,0.1542425,0.21559612,0.13950557,0.13950557,0.12394661,0.12394661
634,0.1542425,0.1542425,0.21559612,0.13950557,0.13950557,0.12394661,0.12394661
635,0.1542425,0.1542425,0.21559612,0.13950557,0.13950557,0.12394661,0.12394661
636,0.1542425,0.1542425,0.21559612,0.13950557,0.13950557,0.12394661,0.12394661
637,0.1542425,0.1542425,0.21559612,0.13950557,0.13950557,0.12394661,0.12394661
638,0.1542425,0.1542425,0.21559612,0.13950557,0.13950557,0.12394661,0.12394661
639,0.1542425,0.1542425,0.21559612,0.13950557,0.13950557,0.12394661,0.12394661
