,solar_A1,solar_A2,solar_B,solar_X1,solar_X2,solar_X3,solar_X4
0,0.21909729,0.21909729,0.21437244,0.14019172,0.14019172,0.14019172,0.14019172
1,0.21909729,0.21909729,0.21437244,0.14019172,0.14019172,0.14019172,0.14019172
2,0.21909729,0.21909729,0.21437244,0.14019172,0.14019172,0.14019172,0.14019172
3,0.21909729,0.21909729,0.21437244,0.14019172,0.14019172,0.14019172,0.14019172
4,0.21909729,0.21909729,0.21437244,0.14019172,0.14019172,0.14019172,0.14019172
5,0.21909729,0.21909729,0.21437244,0.14019172,0.14019172,0.14019172,0.14019172
6,0.21909729,0.21909729,0.21437244,0.14019172,0.14019172,0.14019172,0.14019172
7,0.21909729,0.21909729,0.21437244,0.14019172,0.14019172,0.14019172,0.14019172
8,0.10219698,0.10219698,0.21437244,0.14019172,0.14019172,0.14019172,0.14019172
9,0.10219698,0.10219698,0.21437244,0.14019172,0.14019172,0.14019172,0.14019172
10,0.10219698,0.10219698,0.21437244,0.14019172,0.14019172,0.14019172,0.14019172
11,0.10219698,0.10219698,0.21437244,0.14019172,0.14019172,0.14019172,0.14019172
12,0.10219698,0.10219698,0.21437244,0.14019172,0.14019172,0.14019172,0.14019172
13,0.10219698,0.10219698,0.21437244,0.14019172,0.14019172,0.14019172,0.14019172
14,0.10219698,0.10219698,0.21437244,0.14019172,0.14019172,0.14019172,0.14019172
15,0.10219698,0.10219698,0.21437244,0.14019172,0.14019172,0.14019172,0.14019172
16,0.11160606,0.11160606,0.21437244,0.14019172,0.14019172,0.14019172,0.14019172
17,0.11160606,0.11160606,0.21437244,0.14019172,0.14019172,0.14019172,0.14019172
18,0.11160606,0.11160606,0.21437244,0.14019172,0.14019172,0.14019172,0.14019172
19,0.11160606,0.11160606,0.21437244,0.14019172,0.14019172,0.14019172,0.14019172
20,0.11160606,0.11160606,0.21437244,0.14019172,0.14019172,0.14019172,0.14019172
21,0.11160606,0.11160606,0.21437244,0.14019172,0.14019172,0.14019172,0.14019172
22,0.11160606,0.11160606,0.21437244,0.14019172,0.14019172,0.14019172,0.14019172
23,0.11160606,0.11160606,0.21437244,0.14019172,0.14019172,0.14019172,0.14019172
24,0.03816386,0.03816386,0.21437244,0.14019172,0.14019172,0.14019172,0.14019172
25,0.03816386,0.03816386,0.21437244,0.14019172,0.14019172,0.14019172,0.14019172
26,0.03816386,0.03816386,0.21437244,0.14019172,0.14019172,0.14019172,0.14019172
27,0.03816386,0.03816386,0.21437244,0.14019172,0.14019172,0.14019172,0.14019172
28,0.03816386,0.03816386,0.21437244,0.14019172,0.14019172,0.14019172,0.14019172
29,0.03816386,0.03816386,0.21437244,0.14019172,0.14019172,0.14019172,0.14019172
30,0.03816386,0.03816386,0.21437244,0.14019172,0.14019172,0.14019172,0.14019172
31,0.03816386,0.03816386,0.21437244,0.14019172,0.14019172,0.14019172,0.14019172
32,0.02213583,0.02213583,0.21437244,0.14019172,0.14019172,0.14019172,0.14019172
33,0.02213583,0.02213583,0.21437244,0.14019172,0.14019172,0.14019172,0.14019172
34,0.02213583,0.02213583,0.21437244,0.14019172,0.14019172,0.14019172,0.14019172
35,0.02213583,0.02213583,0.21437244,0.14019172,0.14019172,0.14019172,0.14019172
36,0.02213583,0.02213583,0.21437244,0.14019172,0.14019172,0.14019172,0.14019172
37,0.02213583,0.02213583,0.21437244,0.14019172,0.14019172,0.14019172,0.14019172
38,0.02213583,0.02213583,0.21437244,0.14019172,0.14019172,0.14019172,0.14019172
39,0.02213583,0.02213583,0.21437244,0.14019172,0.14019172,0.14019172,0.14019172
40,0.21909729,0.21909729,0.15265304,0.14019172,0.14019172,0.14019172,0.14019172
41,0.21909729,0.21909729,0.15265304,0.14019172,0.14019172,0.14019172,0.14019172
42,0.21909729,0.21909729,0.15265304,0.14019172,0.14019172,0.14019172,0.14019172
43,0.21909729,0.21909729,0.15265304,0.14019172,0.14019172,0.14019172,0.14019172
44,0.21909729,0.21909729,0.15265304,0.14019172,0.14019172,0.14019172,0.14019172
45,0.21909729,0.21909729,0.15265304,0.14019172,0.14019172,0.14019172,0.14019172
46,0.21909729,0.21909729,0.15265304,0.14019172,0.14019172,0.14019172,0.14019172
47,0.21909729,0.21909729,0.15265304,0.14019172,0.14019172,0.14019172,0.14019172
48,0.10219698,0.10219698,0.15265304,0.14019172,0.14019172,0.14019172,0.14019172
49,0.10219698,0.10219698,0.15265304,0.14019172,0.14019172,0.14019172,0.14019172
50,0.10219698,0.10219698,0.15265304,0.14019172,0.14019172,0.14019172,0.14019172
51,0.10219698,0.10219698,0.15265304,0.14019172,0.14019172,0.14019172,0.14019172
52,0.10219698,0.10219698,0.15265304,0.14019172,0.14019172,0.14019172,0.14019172
53,0.10219698,0.10219698,0.15265304,0.14019172,0.14019172,0.14019172,0.14019172
54,0.10219698,0.10219698,0.15265304,0.14019172,0.14019172,0.14019172,0.14019172
55,0.10219698,0.10219698,0.15265304,0.14019172,0.14019172,0.14019172,0.14019172
56,0.11160606,0.11160606,0.15265304,0.14019172,0.14019172,0.14019172,0.14019172
57,0.11160606,0.11160606,0.15265304,0.14019172,0.14019172,0.14019172,0.14019172
58,0.11160606,0.11160606,0.15265304,0.14019172,0.14019172,0.14019172,0.14019172
59,0.11160606,0.11160606,0.15265304,0.14019172,0.14019172,0.14019172,0.14019172
60,0.11160606,0.11160606,0.15265304,0.14019172,0.14019172,0.14019172,0.14019172
61,0.11160606,0.11160606,0.15265304,0.14019172,0.14019172,0.14019172,0.14019172
62,0.11160606,0.11160606,0.15265304,0.14019172,0.14019172,0.14019172,0.14019172
63,0.11160606,0.11160606,0.15265304,0.14019172,0.14019172,0.14019172,0.14019172
64,0.03816386,0.03816386,0.15265304,0.14019172,0.14019172,0.14019172,0.14019172
65,0.03816386,0.03816386,0.15265304,0.14019172,0.14019172,0.14019172,0.14019172
66,0.03816386,0.03816386,0.15265304,0.14019172,0.14019172,0.14019172,0.14019172
67,0.03816386,0.03816386,0.15265304,0.14019172,0.14019172,0.14019172,0.14019172
68,0.03816386,0.03816386,0.15265304,0.14019172,0.14019172,0.14019172,0.14019172
69,0.03816386,0.03816386,0.15265304,0.14019172,0.14019172,0.14019172,0.14019172
70,0.03816386,0.03816386,0.15265304,0.14019172,0.14019172,0.14019172,0.14019172
71,0.03816386,0.03816386,0.15265304,0.14019172,0.14019172,0.14019172,0.14019172
72,0.02213583,0.02213583,0.15265304,0.14019172,0.14019172,0.14019172,0.14019172
73,0.02213583,0.02213583,0.15265304,0.14019172,0.14019172,0.14019172,0.14019172
74,0.02213583,0.02213583,0.15265304,0.14019172,0.14019172,0.14019172,0.14019172
75,0.02213583,0.02213583,0.15265304,0.14019172,0.14019172,0.14019172,0.14019172
76,0.02213583,0.02213583,0.15265304,0.14019172,0.14019172,0.14019172,0.14019172
77,0.02213583,0.02213583,0.15265304,0.14019172,0.14019172,0.14019172,0.14019172
78,0.02213583,0.02213583,0.15265304,0.14019172,0.14019172,0.14019172,0.14019172
79,0.02213583,0.02213583,0.15265304,0.14019172,0.14019172,0.14019172,0.14019172
80,0.21909729,0.21909729,0.05997342,0.14019172,0.14019172,0.14019172,0.14019172
81,0.21909729,0.21909729,0.05997342,0.14019172,0.14019172,0.14019172,0.14019172
82,0.21909729,0.21909729,0.05997342,0.14019172,0.14019172,0.14019172,0.14019172
83,0.21909729,0.21909729,0.05997342,0.14019172,0.14019172,0.14019172,0.14019172
84,0.21909729,0.21909729,0.05997342,0.14019172,0.14019172,0.14019172,0.14019172
85,0.21909729,0.21909729,0.05997342,0.14019172,0.14019172,0.14019172,0.14019172
86,0.21909729,0.21909729,0.05997342,0.14019172,0.14019172,0.14019172,0.14019172
87,0.21909729,0.21909729,0.05997342,0.14019172,0.14019172,0.14019172,0.14019172
88,0.10219698,0.10219698,0.05997342,0.14019172,0.14019172,0.14019172,0.14019172
89,0.10219698,0.10219698,0.05997342,0.14019172,0.14019172,0.14019172,0.14019172
90,0.10219698,0.10219698,0.05997342,0.14019172,0.14019172,0.14019172,0.14019172
91,0.10219698,0.10219698,0.05997342,0.14019172,0.14019172,0.14019172,0.14019172
92,0.10219698,0.10219698,0.05997342,0.14019172,0.14019172,0.14019172,0.14019172
93,0.10219698,0.10219698,0.05997342,0.14019172,0.14019172,0.14019172,0.14019172
94,0.10219698,0.10219698,0.05997342,0.14019172,0.14019172,0.14019172,0.14019172
95,0.10219698,0.10219698,0.05997342,0.14019172,0.14019172,0.14019172,0.14019172
96,0.11160606,0.11160606,0.05997342,0.14019172,0.14019172,0.14019172,0.14019172
97,0.11160606,0.11160606,0.05997342,0.14019172,0.14019172,0.14019172,0.14019172
98,0.11160606,0.11160606,0.05997342,0.14019172,0.14019172,0.14019172,0.14019172
99,0.11160606,0.11160606,0.05997342,0.14019172,0.14019172,0.14019172,0.14019172
100,0.11160606,0.11160606,0.05997342,0.14019172,0.14019172,0.14019172,0.14019172
101,0.11160606,0.11160606,0.05997342,0.14019172,0.14019172,0.14019172,0.14019172
102,0.11160606,0.11160606,0.05997342,0.14019172,0.14019172,0.14019172,0.14019172
103,0.11160606,0.11160606,0.05997342,0.14019172,0.14019172,0.14019172,0.14019172
104,0.03816386,0.03816386,0.05997342,0.14019172,0.14019172,0.14019172,0.14019172
105,0.03816386,0.03816386,0.05997342,0.14019172,0.14019172,0.14019172,0.14019172
106,0.03816386,0.03816386,0.05997342,0.14019172,0.14019172,0.14019172,0.14019172
107,0.03816386,0.03816386,0.05997342,0.14019172,0.14019172,0.14019172,0.14019172
108,0.03816386,0.03816386,0.05997342,0.14019172,0.14019172,0.14019172,0.14019172
109,0.03816386,0.03816386,0.05997342,0.14019172,0.14019172,0.14019172,0.14019172
110,0.03816386,0.03816386,0.05997342,0.14019172,0.14019172,0.14019172,0.14019172
111,0.03816386,0.03816386,0.05997342,0.14019172,0.14019172,0.14019172,0.14019172
112,0.02213583,0.02213583,0.05997342,0.14019172,0.14019172,0.14019172,0.14019172
113,0.02213583,0.02213583,0.05997342,0.14019172,0.14019172,0.14019172,0.14019172
114,0.02213583,0.02213583,0.05997342,0.14019172,0.14019172,0.14019172,0.14019172
115,0.02213583,0.02213583,0.05997342,0.14019172,0.14019172,0.14019172,0.14019172
116,0.02213583,0.02213583,0.05997342,0.14019172,0.14019172,0.14019172,0.14019172
117,0.02213583,0.02213583,0.05997342,0.14019172,0.14019172,0.14019172,0.14019172
118,0.02213583,0.02213583,0.05997342,0.14019172,0.14019172,0.14019172,0.14019172
119,0.02213583,0.02213583,0.05997342,0.14019172,0.14019172,0.14019172,0.14019172
120,0.21909729,0.21909729,0.21437244,0.08852139,0.08852139,0.08852139,0.08852139
121,0.21909729,0.21909729,0.21437244,0.08852139,0.08852139,0.08852139,0.08852139
122,0.21909729,0.21909729,0.21437244,0.08852139,0.08852139,0.08852139,0.08852139
123,0.21909729,0.21909729,0.21437244,0.08852139,0.08852139,0.08852139,0.08852139
124,0.21909729,0.21909729,0.21437244,0.08852139,0.08852139,0.08852139,0.08852139
125,0.21909729,0.21909729,0.21437244,0.08852139,0.08852139,0.08852139,0.08852139
126,0.21909729,0.21909729,0.21437244,0.08852139,0.08852139,0.08852139,0.08852139
127,0.21909729,0.21909729,0.21437244,0.08852139,0.08852139,0.08852139,0.08852139
128,0.10219698,0.10219698,0.21437244,0.08852139,0.08852139,0.08852139,0.08852139
129,0.10219698,0.10219698,0.21437244,0.08852139,0.08852139,0.08852139,0.08852139
130,0.10219698,0.10219698,0.21437244,0.08852139,0.08852139,0.08852139,0.08852139
131,0.10219698,0.10219698,0.21437244,0.08852139,0.08852139,0.08852139,0.08852139
132,0.10219698,0.10219698,0.21437244,0.08852139,0.08852139,0.08852139,0.08852139
133,0.10219698,0.10219698,0.21437244,0.08852139,0.08852139,0.08852139,0.08852139
134,0.10219698,0.10219698,0.21437244,0.08852139,0.08852139,0.08852139,0.08852139
135,0.10219698,0.10219698,0.21437244,0.08852139,0.08852139,0.08852139,0.08852139
136,0.11160606,0.11160606,0.21437244,0.08852139,0.08852139,0.08852139,0.08852139
137,0.11160606,0.11160606,0.21437244,0.08852139,0.08852139,0.08852139,0.08852139
138,0.11160606,0.11160606,0.21437244,0.08852139,0.08852139,0.08852139,0.08852139
139,0.11160606,0.11160606,0.21437244,0.08852139,0.08852139,0.08852139,0.08852139
140,0.11160606,0.11160606,0.21437244,0.08852139,0.08852139,0.08852139,0.08852139
141,0.11160606,0.11160606,0.21437244,0.08852139,0.08852139,0.08852139,0.08852139
142,0.11160606,0.11160606,0.21437244,0.08852139,0.08852139,0.08852139,0.08852139
143,0.11160606,0.11160606,0.21437244,0.08852139,0.08852139,0.08852139,0.08852139
144,0.03816386,0.03816386,0.21437244,0.08852139,0.08852139,0.08852139,0.08852139
145,0.03816386,0.03816386,0.21437244,0.08852139,0.08852139,0.08852139,0.08852139
146,0.03816386,0.03816386,0.21437244,0.08852139,0.08852139,0.08852139,0.08852139
147,0.03816386,0.03816386,0.21437244,0.08852139,0.08852139,0.08852139,0.08852139
148,0.03816386,0.03816386,0.21437244,0.08852139,0.08852139,0.08852139,0.08852139
149,0.03816386,0.03816386,0.21437244,0.08852139,0.08852139,0.08852139,0.08852139
150,0.03816386,0.03816386,0.21437244,0.08852139,0.08852139,0.08852139,0.08852139
151,0.03816386,0.03816386,0.21437244,0.08852139,0.08852139,0.08852139,0.08852139
152,0.02213583,0.02213583,0.21437244,0.08852139,0.08852139,0.08852139,0.08852139
153,0.02213583,0.02213583,0.21437244,0.08852139,0.08852139,0.08852139,0.08852139
154,0.02213583,0.02213583,0.21437244,0.08852139,0.08852139,0.08852139,0.08852139
155,0.02213583,0.02213583,0.21437244,0.08852139,0.08852139,0.08852139,0.08852139
156,0.02213583,0.02213583,0.21437244,0.08852139,0.08852139,0.08852139,0.08852139
157,0.02213583,0.02213583,0.21437244,0.08852139,0.08852139,0.08852139,0.08852139
158,0.02213583,0.02213583,0.21437244,0.08852139,0.08852139,0.08852139,0.08852139
159,0.02213583,0.02213583,0.21437244,0.08852139,0.08852139,0.08852139,0.08852139
160,0.21909729,0.21909729,0.15265304,0.08852139,0.08852139,0.08852139,0.08852139
161,0.21909729,0.21909729,0.15265304,0.08852139,0.08852139,0.08852139,0.08852139
162,0.21909729,0.21909729,0.15265304,0.08852139,0.08852139,0.08852139,0.08852139
163,0.21909729,0.21909729,0.15265304,0.08852139,0.08852139,0.08852139,0.08852139
164,0.21909729,0.21909729,0.15265304,0.08852139,0.08852139,0.08852139,0.08852139
165,0.21909729,0.21909729,0.15265304,0.08852139,0.08852139,0.08852139,0.08852139
166,0.21909729,0.21909729,0.15265304,0.08852139,0.08852139,0.08852139,0.08852139
167,0.21909729,0.21909729,0.15265304,0.08852139,0.08852139,0.08852139,0.08852139
168,0.10219698,0.10219698,0.15265304,0.08852139,0.08852139,0.08852139,0.08852139
169,0.10219698,0.10219698,0.15265304,0.08852139,0.08852139,0.08852139,0.08852139
170,0.10219698,0.10219698,0.15265304,0.08852139,0.08852139,0.08852139,0.08852139
171,0.10219698,0.10219698,0.15265304,0.08852139,0.08852139,0.08852139,0.08852139
172,0.10219698,0.10219698,0.15265304,0.08852139,0.08852139,0.08852139,0.08852139
173,0.10219698,0.10219698,0.15265304,0.08852139,0.08852139,0.08852139,0.08852139
174,0.10219698,0.10219698,0.15265304,0.08852139,0.08852139,0.08852139,0.08852139
175,0.10219698,0.10219698,0.15265304,0.08852139,0.08852139,0.08852139,0.08852139
176,0.11160606,0.11160606,0.15265304,0.08852139,0.08852139,0.08852139,0.08852139
177,0.11160606,0.11160606,0.15265304,0.08852139,0.08852139,0.08852139,0.08852139
178,0.11160606,0.11160606,0.15265304,0.08852139,0.08852139,0.08852139,0.08852139
179,0.11160606,0.11160606,0.15265304,0.08852139,0.08852139,0.08852139,0.08852139
180,0.11160606,0.11160606,0.15265304,0.08852139,0.08852139,0.08852139,0.08852139
181,0.11160606,0.11160606,0.15265304,0.08852139,0.08852139,0.08852139,0.08852139
182,0.11160606,0.11160606,0.15265304,0.08852139,0.08852139,0.08852139,0.08852139
183,0.11160606,0.11160606,0.15265304,0.08852139,0.08852139,0.08852139,0.08852139
184,0.03816386,0.03816386,0.15265304,0.08852139,0.08852139,0.08852139,0.08852139
185,0.03816386,0.03816386,0.15265304,0.08852139,0.08852139,0.08852139,0.08852139
186,0.03816386,0.03816386,0.15265304,0.08852139,0.08852139,0.08852139,0.08852139
187,0.03816386,0.03816386,0.15265304,0.08852139,0.08852139,0.08852139,0.08852139
188,0.03816386,0.03816386,0.15265304,0.08852139,0.08852139,0.08852139,0.08852139
189,0.03816386,0.03816386,0.15265304,0.08852139,0.08852139,0.08852139,0.08852139
190,0.03816386,0.03816386,0.15265304,0.08852139,0.08852139,0.08852139,0.08852139
191,0.03816386,0.03816386,0.15265304,0.08852139,0.08852139,0.08852139,0.08852139
192,0.02213583,0.02213583,0.15265304,0.08852139,0.08852139,0.08852139,0.08852139
193,0.02213583,0.02213583,0.15265304,0.08852139,0.08852139,0.08852139,0.08852139
194,0.02213583,0.02213583,0.15265304,0.08852139,0.08852139,0.08852139,0.08852139
195,0.02213583,0.02213583,0.15265304,0.08852139,0.08852139,0.08852139,0.08852139
196,0.02213583,0.02213583,0.15265304,0.08852139,0.08852139,0.08852139,0.08852139
197,0.02213583,0.02213583,0.15265304,0.08852139,0.08852139,0.08852139,0.08852139
198,0.02213583,0.02213583,0.15265304,0.08852139,0.08852139,0.08852139,0.08852139
199,0.02213583,0.02213583,0.15265304,0.08852139,0.08852139,0.08852139,0.08852139
200,0.21909729,0.21909729,0.05997342,0.08852139,0.08852139,0.08852139,0.08852139
201,0.21909729,0.21909729,0.05997342,0.08852139,0.08852139,0.08852139,0.08852139
202,0.21909729,0.21909729,0.05997342,0.08852139,0.08852139,0.08852139,0.08852139
203,0.21909729,0.21909729,0.05997342,0.08852139,0.08852139,0.08852139,0.08852139
204,0.21909729,0.21909729,0.05997342,0.08852139,0.08852139,0.08852139,0.08852139
205,0.21909729,0.21909729,0.05997342,0.08852139,0.08852139,0.08852139,0.08852139
206,0.21909729,0.21909729,0.05997342,0.08852139,0.08852139,0.08852139,0.08852139
207,0.21909729,0.21909729,0.05997342,0.08852139,0.08852139,0.08852139,0.08852139
208,0.10219698,0.10219698,0.05997342,0.08852139,0.08852139,0.08852139,0.08852139
209,0.10219698,0.10219698,0.05997342,0.08852139,0.08852139,0.08852139,0.08852139
210,0.10219698,0.10219698,0.05997342,0.08852139,0.08852139,0.08852139,0.08852139
211,0.10219698,0.10219698,0.05997342,0.08852139,0.08852139,0.08852139,0.08852139
212,0.10219698,0.10219698,0.05997342,0.08852139,0.08852139,0.08852139,0.08852139
213,0.10219698,0.10219698,0.05997342,0.08852139,0.08852139,0.08852139,0.08852139
214,0.10219698,0.10219698,0.05997342,0.08852139,0.08852139,0.08852139,0.08852139
215,0.10219698,0.10219698,0.05997342,0.08852139,0.08852139,0.08852139,0.08852139
216,0.11160606,0.11160606,0.05997342,0.08852139,0.08852139,0.08852139,0.08852139
217,0.11160606,0.11160606,0.05997342,0.08852139,0.08852139,0.08852139,0.08852139
218,0.11160606,0.11160606,0.05997342,0.08852139,0.08852139,0.08852139,0.08852139
219,0.11160606,0.11160606,0.05997342,0.08852139,0.08852139,0.08852139,0.08852139
220,0.11160606,0.11160606,0.05997342,0.08852139,0.08852139,0.08852139,0.08852139
221,0.11160606,0.11160606,0.05997342,0.08852139,0.08852139,0.08852139,0.08852139
222,0.11160606,0.11160606,0.05997342,0.08852139,0.08852139,0.08852139,0.08852139
223,0.11160606,0.11160606,0.05997342,0.08852139,0.08852139,0.08852139,0.08852139
224,0.03816386,0.03816386,0.05997342,0.08852139,0.08852139,0.08852139,0.08852139
225,0.03816386,0.03816386,0.05997342,0.08852139,0.08852139,0.08852139,0.08852139
226,0.03816386,0.03816386,0.05997342,0.08852139,0.08852139,0.08852139,0.08852139
227,0.03816386,0.03816386,0.05997342,0.08852139,0.08852139,0.08852139,0.08852139
228,0.03816386,0.03816386,0.05997342,0.08852139,0.08852139,0.08852139,0.08852139
229,0.03816386,0.03816386,0.05997342,0.08852139,0.08852139,0.08852139,0.08852139
230,0.03816386,0.03816386,0.05997342,0.08852139,0.08852139,0.08852139,0.08852139
231,0.03816386,0.03816386,0.05997342,0.08852139,0.08852139,0.08852139,0.08852139
232,0.02213583,0.02213583,0.05997342,0.08852139,0.08852139,0.08852139,0.08852139
233,0.02213583,0.02213583,0.05997342,0.08852139,0.08852139,0.08852139,0.08852139
234,0.02213583,0.02213583,0.05997342,0.08852139,0.08852139,0.08852139,0.08852139
235,0.02213583,0.02213583,0.05997342,0.08852139,0.08852139,0.08852139,0.08852139
236,0.02213583,0.02213583,0.05997342,0.08852139,0.08852139,0.08852139,0.08852139
237,0.02213583,0.02213583,0.05997342,0.08852139,0.08852139,0.08852139,0.08852139
238,0.02213583,0.02213583,0.05997342,0.08852139,0.08852139,0.08852139,0.08852139
239,0.02213583,0.02213583,0.05997342,0.08852139,0.08852139,0.08852139,0.08852139
240,0.21909729,0.21909729,0.21437244,0.090451,0.090451,0.090451,0.090451
241,0.21909729,0.21909729,0.21437244,0.090451,0.090451,0.090451,0.090451
242,0.21909729,0.21909729,0.21437244,0.090451,0.090451,0.090451,0.090451
243,0.21909729,0.21909729,0.21437244,0.090451,0.090451,0.090451,0.090451
244,0.21909729,0.21909729,0.21437244,0.090451,0.090451,0.090451,0.090451
245,0.21909729,0.21909729,0.21437244,0.090451,0.090451,0.090451,0.090451
246,0.21909729,0.21909729,0.21437244,0.090451,0.090451,0.090451,0.090451
247,0.21909729,0.21909729,0.21437244,0.090451,0.090451,0.090451,0.090451
248,0.10219698,0.10219698,0.21437244,0.090451,0.090451,0.090451,0.090451
249,0.10219698,0.10219698,0.21437244,0.090451,0.090451,0.090451,0.090451
250,0.10219698,0.10219698,0.21437244,0.090451,0.090451,0.090451,0.090451
251,0.10219698,0.10219698,0.21437244,0.090451,0.090451,0.090451,0.090451
252,0.10219698,0.10219698,0.21437244,0.090451,0.090451,0.090451,0.090451
253,0.10219698,0.10219698,0.21437244,0.090451,0.090451,0.090451,0.090451
254,0.10219698,0.10219698,0.21437244,0.090451,0.090451,0.090451,0.090451
255,0.10219698,0.10219698,0.21437244,0.090451,0.090451,0.090451,0.090451
256,0.11160606,0.11160606,0.21437244,0.090451,0.090451,0.090451,0.090451
257,0.11160606,0.11160606,0.21437244,0.090451,0.090451,0.090451,0.090451
258,0.11160606,0.11160606,0.21437244,0.090451,0.090451,0.090451,0.090451
259,0.11160606,0.11160606,0.21437244,0.090451,0.090451,0.090451,0.090451
260,0.11160606,0.11160606,0.21437244,0.090451,0.090451,0.090451,0.090451
261,0.11160606,0.11160606,0.21437244,0.090451,0.090451,0.090451,0.090451
262,0.11160606,0.11160606,0.21437244,0.090451,0.090451,0.090451,0.090451
263,0.11160606,0.11160606,0.21437244,0.090451,0.090451,0.090451,0.090451
264,0.03816386,0.03816386,0.21437244,0.090451,0.090451,0.090451,0.090451
265,0.03816386,0.03816386,0.21437244,0.090451,0.090451,0.090451,0.090451
266,0.03816386,0.03816386,0.21437244,0.090451,0.090451,0.090451,0.090451
267,0.03816386,0.03816386,0.21437244,0.090451,0.090451,0.090451,0.090451
268,0.03816386,0.03816386,0.21437244,0.090451,0.090451,0.090451,0.090451
269,0.03816386,0.03816386,0.21437244,0.090451,0.090451,0.090451,0.090451
270,0.03816386,0.03816386,0.21437244,0.090451,0.090451,0.090451,0.090451
271,0.03816386,0.03816386,0.21437244,0.090451,0.090451,0.090451,0.090451
272,0.02213583,0.02213583,0.21437244,0.090451,0.090451,0.090451,0.090451
273,0.02213583,0.02213583,0.21437244,0.090451,0.090451,0.090451,0.090451
274,0.02213583,0.02213583,0.21437244,0.090451,0.090451,0.090451,0.090451
275,0.02213583,0.02213583,0.21437244,0.090451,0.090451,0.090451,0.090451
276,0.02213583,0.02213583,0.21437244,0.090451,0.090451,0.090451,0.090451
277,0.02213583,0.02213583,0.21437244,0.090451,0.090451,0.090451,0.090451
278,0.02213583,0.02213583,0.21437244,0.090451,0.090451,0.090451,0.090451
279,0.02213583,0.02213583,0.21437244,0.090451,0.090451,0.090451,0.090451
280,0.21909729,0.21909729,0.15265304,0.090451,0.090451,0.090451,0.090451
281,0.21909729,0.21909729,0.15265304,0.090451,0.090451,0.090451,0.090451
282,0.21909729,0.21909729,0.15265304,0.090451,0.090451,0.090451,0.090451
283,0.21909729,0.21909729,0.15265304,0.090451,0.090451,0.090451,0.090451
284,0.21909729,0.21909729,0.15265304,0.090451,0.090451,0.090451,0.090451
285,0.21909729,0.21909729,0.15265304,0.090451,0.090451,0.090451,0.090451
286,0.21909729,0.21909729,0.15265304,0.090451,0.090451,0.090451,0.090451
287,0.21909729,0.21909729,0.15265304,0.090451,0.090451,0.090451,0.090451
288,0.10219698,0.10219698,0.15265304,0.090451,0.090451,0.090451,0.090451
289,0.10219698,0.10219698,0.15265304,0.090451,0.090451,0.090451,0.090451
290,0.10219698,0.10219698,0.15265304,0.090451,0.090451,0.090451,0.090451
291,0.10219698,0.10219698,0.15265304,0.090451,0.090451,0.090451,0.090451
292,0.10219698,0.10219698,0.15265304,0.090451,0.090451,0.090451,0.090451
293,0.10219698,0.10219698,0.15265304,0.090451,0.090451,0.090451,0.090451
294,0.10219698,0.10219698,0.15265304,0.090451,0.090451,0.090451,0.090451
295,0.10219698,0.10219698,0.15265304,0.090451,0.090451,0.090451,0.090451
296,0.11160606,0.11160606,0.15265304,0.090451,0.090451,0.090451,0.090451
297,0.11160606,0.11160606,0.15265304,0.090451,0.090451,0.090451,0.090451
298,0.11160606,0.11160606,0.15265304,0.090451,0.090451,0.090451,0.090451
299,0.11160606,0.11160606,0.15265304,0.090451,0.090451,0.090451,0.090451
300,0.11160606,0.11160606,0.15265304,0.090451,0.090451,0.090451,0.090451
301,0.11160606,0.11160606,0.15265304,0.090451,0.090451,0.090451,0.090451
302,0.11160606,0.11160606,0.15265304,0.090451,0.090451,0.090451,0.090451
303,0.11160606,0.11160606,0.15265304,0.090451,0.090451,0.090451,0.090451
304,0.03816386,0.03816386,0.15265304,0.090451,0.090451,0.090451,0.090451
305,0.03816386,0.03816386,0.15265304,0.090451,0.090451,0.090451,0.090451
306,0.03816386,0.03816386,0.15265304,0.090451,0.090451,0.090451,0.090451
307,0.03816386,0.03816386,0.15265304,0.090451,0.090451,0.090451,0.090451
308,0.03816386,0.03816386,0.15265304,0.090451,0.090451,0.090451,0.090451
309,0.03816386,0.03816386,0.15265304,0.090451,0.090451,0.090451,0.090451
310,0.03816386,0.03816386,0.15265304,0.090451,0.090451,0.090451,0.090451
311,0.03816386,0.03816386,0.15265304,0.090451,0.090451,0.090451,0.090451
312,0.02213583,0.02213583,0.15265304,0.090451,0.090451,0.090451,0.090451
313,0.02213583,0.02213583,0.15265304,0.090451,0.090451,0.090451,0.090451
314,0.02213583,0.02213583,0.15265304,0.090451,0.090451,0.090451,0.090451
315,0.02213583,0.02213583,0.15265304,0.090451,0.090451,0.090451,0.090451
316,0.02213583,0.02213583,0.15265304,0.090451,0.090451,0.090451,0.090451
317,0.02213583,0.02213583,0.15265304,0.090451,0.090451,0.090451,0.090451
318,0.02213583,0.02213583,0.15265304,0.090451,0.090451,0.090451,0.090451
319,0.02213583,0.02213583,0.15265304,0.090451,0.090451,0.090451,0.090451
320,0.21909729,0.21909729,0.05997342,0.090451,0.090451,0.090451,0.090451
321,0.21909729,0.21909729,0.05997342,0.090451,0.090451,0.090451,0.090451
322,0.21909729,0.21909729,0.05997342,0.090451,0.090451,0.090451,0.090451
323,0.21909729,0.21909729,0.05997342,0.090451,0.090451,0.090451,0.090451
324,0.21909729,0.21909729,0.05997342,0.090451,0.090451,0.090451,0.090451
325,0.21909729,0.21909729,0.05997342,0.090451,0.090451,0.090451,0.090451
326,0.21909729,0.21909729,0.05997342,0.090451,0.090451,0.090451,0.090451
327,0.21909729,0.21909729,0.05997342,0.090451,0.090451,0.090451,0.090451
328,0.10219698,0.10219698,0.05997342,0.090451,0.090451,0.090451,0.090451
329,0.10219698,0.10219698,0.05997342,0.090451,0.090451,0.090451,0.090451
330,0.10219698,0.10219698,0.05997342,0.090451,0.090451,0.090451,0.090451
331,0.10219698,0.10219698,0.05997342,0.090451,0.090451,0.090451,0.090451
332,0.10219698,0.10219698,0.05997342,0.090451,0.090451,0.090451,0.090451
333,0.10219698,0.10219698,0.05997342,0.090451,0.090451,0.090451,0.090451
334,0.10219698,0.10219698,0.05997342,0.090451,0.090451,0.090451,0.090451
335,0.10219698,0.10219698,0.05997342,0.090451,0.090451,0.090451,0.090451
336,0.11160606,0.11160606,0.05997342,0.090451,0.090451,0.090451,0.090451
337,0.11160606,0.11160606,0.05997342,0.090451,0.090451,0.090451,0.090451
338,0.11160606,0.11160606,0.05997342,0.090451,0.090451,0.090451,0.090451
339,0.11160606,0.11160606,0.05997342,0.090451,0.090451,0.090451,0.090451
340,0.11160606,0.11160606,0.05997342,0.090451,0.090451,0.090451,0.090451
341,0.11160606,0.11160606,0.05997342,0.090451,0.090451,0.090451,0.090451
342,0.11160606,0.11160606,0.05997342,0.090451,0.090451,0.090451,0.090451
343,0.11160606,0.11160606,0.05997342,0.090451,0.090451,0.090451,0.090451
344,0.03816386,0.03816386,0.05997342,0.090451,0.090451,0.090451,0.090451
345,0.03816386,0.03816386,0.05997342,0.090451,0.090451,0.090451,0.090451
346,0.03816386,0.03816386,0.05997342,0.090451,0.090451,0.090451,0.090451
347,0.03816386,0.03816386,0.05997342,0.090451,0.090451,0.090451,0.090451
348,0.03816386,0.03816386,0.05997342,0.090451,0.090451,0.090451,0.090451
349,0.03816386,0.03816386,0.05997342,0.090451,0.090451,0.090451,0.090451
350,0.03816386,0.03816386,0.05997342,0.090451,0.090451,0.090451,0.090451
351,0.03816386,0.03816386,0.05997342,0.090451,0.090451,0.090451,0.090451
352,0.02213583,0.02213583,0.05997342,0.090451,0.090451,0.090451,0.090451
353,0.02213583,0.02213583,0.05997342,0.090451,0.090451,0.090451,0.090451
354,0.02213583,0.02213583,0.05997342,0.090451,0.090451,0.090451,0.090451
355,0.02213583,0.02213583,0.05997342,0.090451,0.090451,0.090451,0.090451
356,0.02213583,0.02213583,0.05997342,0.090451,0.090451,0.090451,0.090451
357,0.02213583,0.02213583,0.05997342,0.090451,0.090451,0.090451,0.090451
358,0.02213583,0.02213583,0.05997342,0.090451,0.090451,0.090451,0.090451
359,0.02213583,0.02213583,0.05997342,0.090451,0.090451,0.090451,0.090451
360,0.21909729,0.21909729,0.21437244,0.16498199,0.16498199,0.16498199,0.16498199
361,0.21909729,0.21909729,0.21437244,0.16498199,0.16498199,0.16498199,0.16498199
362,0.21909729,0.21909729,0.21437244,0.16498199,0.16498199,0.16498199,0.16498199
363,0.21909729,0.21909729,0.21437244,0.16498199,0.16498199,0.16498199,0.16498199
364,0.21909729,0.21909729,0.21437244,0.16498199,0.16498199,0.16498199,0.16498199
365,0.21909729,0.21909729,0.21437244,0.16498199,0.16498199,0.16498199,0.16498199
366,0.21909729,0.21909729,0.21437244,0.16498199,0.16498199,0.16498199,0.16498199
367,0.21909729,0.21909729,0.21437244,0.16498199,0.16498199,0.16498199,0.16498199
368,0.10219698,0.10219698,0.21437244,0.16498199,0.16498199,0.16498199,0.16498199
369,0.10219698,0.10219698,0.21437244,0.16498199,0.16498199,0.16498199,0.16498199
370,0.10219698,0.10219698,0.21437244,0.16498199,0.16498199,0.16498199,0.16498199
371,0.10219698,0.10219698,0.21437244,0.16498199,0.16498199,0.16498199,0.16498199
372,0.10219698,0.10219698,0.21437244,0.16498199,0.16498199,0.16498199,0.16498199
373,0.10219698,0.10219698,0.21437244,0.16498199,0.16498199,0.16498199,0.16498199
374,0.10219698,0.10219698,0.21437244,0.16498199,0.16498199,0.16498199,0.16498199
375,0.10219698,0.10219698,0.21437244,0.16498199,0.16498199,0.16498199,0.16498199
376,0.11160606,0.11160606,0.21437244,0.16498199,0.16498199,0.16498199,0.16498199
377,0.11160606,0.11160606,0.21437244,0.16498199,0.16498199,0.16498199,0.16498199
378,0.11160606,0.11160606,0.21437244,0.16498199,0.16498199,0.16498199,0.16498199
379,0.11160606,0.11160606,0.21437244,0.16498199,0.16498199,0.16498199,0.16498199
380,0.11160606,0.11160606,0.21437244,0.16498199,0.16498199,0.16498199,0.16498199
381,0.11160606,0.11160606,0.21437244,0.16498199,0.16498199,0.16498199,0.16498199
382,0.11160606,0.11160606,0.21437244,0.16498199,0.16498199,0.16498199,0.16498199
383,0.11160606,0.11160606,0.21437244,0.16498199,0.16498199,0.16498199,0.16498199
384,0.03816386,0.03816386,0.21437244,0.16498199,0.16498199,0.16498199,0.16498199
385,0.03816386,0.03816386,0.21437244,0.16498199,0.16498199,0.16498199,0.16498199
386,0.03816386,0.03816386,0.21437244,0.16498199,0.16498199,0.16498199,0.16498199
387,0.03816386,0.03816386,0.21437244,0.16498199,0.16498199,0.16498199,0.16498199
388,0.03816386,0.03816386,0.21437244,0.16498199,0.16498199,0.16498199,0.16498199
389,0.03816386,0.03816386,0.21437244,0.16498199,0.16498199,0.16498199,0.16498199
390,0.03816386,0.03816386,0.21437244,0.16498199,0.16498199,0.16498199,0.16498199
391,0.03816386,0.03816386,0.21437244,0.16498199,0.16498199,0.16498199,0.16498199
392,0.02213583,0.02213583,0.21437244,0.16498199,0.16498199,0.16498199,0.16498199
393,0.02213583,0.02213583,0.21437244,0.16498199,0.16498199,0.16498199,0.16498199
394,0.02213583,0.02213583,0.21437244,0.16498199,0.16498199,0.16498199,0.16498199
395,0.02213583,0.02213583,0.21437244,0.16498199,0.16498199,0.16498199,0.16498199
396,0.02213583,0.02213583,0.21437244,0.16498199,0.16498199,0.16498199,0.16498199
397,0.02213583,0.02213583,0.21437244,0.16498199,0.16498199,0.16498199,0.16498199
398,0.02213583,0.02213583,0.21437244,0.16498199,0.16498199,0.16498199,0.16498199
399,0.02213583,0.02213583,0.21437244,0.16498199,0.16498199,0.16498199,0.16498199
400,0.21909729,0.21909729,0.15265304,0.16498199,0.16498199,0.16498199,0.16498199
401,0.21909729,0.21909729,0.15265304,0.16498199,0.16498199,0.16498199,0.16498199
402,0.21909729,0.21909729,0.15265304,0.16498199,0.16498199,0.16498199,0.16498199
403,0.21909729,0.21909729,0.15265304,0.16498199,0.16498199,0.16498199,0.16498199
404,0.21909729,0.21909729,0.15265304,0.16498199,0.16498199,0.16498199,0.16498199
405,0.21909729,0.21909729,0.15265304,0.16498199,0.16498199,0.16498199,0.16498199
406,0.21909729,0.21909729,0.15265304,0.16498199,0.16498199,0.16498199,0.16498199
407,0.21909729,0.21909729,0.15265304,0.16498199,0.16498199,0.16498199,0.16498199
408,0.10219698,0.10219698,0.15265304,0.16498199,0.16498199,0.16498199,0.16498199
409,0.10219698,0.10219698,0.15265304,0.16498199,0.16498199,0.16498199,0.16498199
410,0.10219698,0.10219698,0.15265304,0.16498199,0.16498199,0.16498199,0.16498199
411,0.10219698,0.10219698,0.15265304,0.16498199,0.16498199,0.16498199,0.16498199
412,0.10219698,0.10219698,0.15265304,0.16498199,0.16498199,0.16498199,0.16498199
413,0.10219698,0.10219698,0.15265304,0.16498199,0.16498199,0.16498199,0.16498199
414,0.10219698,0.10219698,0.15265304,0.16498199,0.16498199,0.16498199,0.16498199
415,0.10219698,0.10219698,0.15265304,0.16498199,0.16498199,0.16498199,0.16498199
416,0.11160606,0.11160606,0.15265304,0.16498199,0.16498199,0.16498199,0.16498199
417,0.11160606,0.11160606,0.15265304,0.16498199,0.16498199,0.16498199,0.16498199
418,0.11160606,0.11160606,0.15265304,0.16498199,0.16498199,0.16498199,0.16498199
419,0.11160606,0.11160606,0.15265304,0.16498199,0.16498199,0.16498199,0.16498199
420,0.11160606,0.11160606,0.15265304,0.16498199,0.16498199,0.16498199,0.16498199
421,0.11160606,0.11160606,0.15265304,0.16498199,0.16498199,0.16498199,0.16498199
422,0.11160606,0.11160606,0.15265304,0.16498199,0.16498199,0.16498199,0.16498199
423,0.11160606,0.11160606,0.15265304,0.16498199,0.16498199,0.16498199,0.16498199
424,0.03816386,0.03816386,0.15265304,0.16498199,0.16498199,0.16498199,0.16498199
425,0.03816386,0.03816386,0.15265304,0.16498199,0.16498199,0.16498199,0.16498199
426,0.03816386,0.03816386,0.15265304,0.16498199,0.16498199,0.16498199,0.16498199
427,0.03816386,0.03816386,0.15265304,0.16498199,0.16498199,0.16498199,0.16498199
428,0.03816386,0.03816386,0.15265304,0.16498199,0.16498199,0.16498199,0.16498199
429,0.03816386,0.03816386,0.15265304,0.16498199,0.16498199,0.16498199,0.16498199
430,0.03816386,0.03816386,0.15265304,0.16498199,0.16498199,0.16498199,0.16498199
431,0.03816386,0.03816386,0.15265304,0.16498199,0.16498199,0.16498199,0.16498199
432,0.02213583,0.02213583,0.15265304,0.16498199,0.16498199,0.16498199,0.16498199
433,0.02213583,0.02213583,0.15265304,0.16498199,0.16498199,0.16498199,0.16498199
434,0.02213583,0.02213583,0.15265304,0.16498199,0.16498199,0.16498199,0.16498199
435,0.02213583,0.02213583,0.15265304,0.16498199,0.16498199,0.16498199,0.16498199
436,0.02213583,0.02213583,0.15265304,0.16498199,0.16498199,0.16498199,0.16498199
437,0.02213583,0.02213583,0.15265304,0.16498199,0.16498199,0.16498199,0.16498199
438,0.02213583,0.02213583,0.15265304,0.16498199,0.16498199,0.16498199,0.16498199
439,0.02213583,0.02213583,0.15265304,0.16498199,0.16498199,0.16498199,0.16498199
440,0.21909729,0.21909729,0.05997342,0.16498199,0.16498199,0.16498199,0.16498199
441,0.21909729,0.21909729,0.05997342,0.16498199,0.16498199,0.16498199,0.16498199
442,0.21909729,0.21909729,0.05997342,0.16498199,0.16498199,0.16498199,0.16498199
443,0.21909729,0.21909729,0.05997342,0.16498199,0.16498199,0.16498199,0.16498199
444,0.21909729,0.21909729,0.05997342,0.16498199,0.16498199,0.16498199,0.16498199
445,0.21909729,0.21909729,0.05997342,0.16498199,0.16498199,0.16498199,0.16498199
446,0.21909729,0.21909729,0.05997342,0.16498199,0.16498199,0.16498199,0.16498199
447,0.21909729,0.21909729,0.05997342,0.16498199,0.16498199,0.16498199,0.16498199
448,0.10219698,0.10219698,0.05997342,0.16498199,0.16498199,0.16498199,0.16498199
449,0.10219698,0.10219698,0.05997342,0.16498199,0.16498199,0.16498199,0.16498199
450,0.10219698,0.10219698,0.05997342,0.16498199,0.16498199,0.16498199,0.16498199
451,0.10219698,0.10219698,0.05997342,0.16498199,0.16498199,0.16498199,0.16498199
452,0.10219698,0.10219698,0.05997342,0.16498199,0.16498199,0.16498199,0.16498199
453,0.10219698,0.10219698,0.05997342,0.16498199,0.16498199,0.16498199,0.16498199
454,0.10219698,0.10219698,0.05997342,0.16498199,0.16498199,0.16498199,0.16498199
455,0.10219698,0.10219698,0.05997342,0.16498199,0.16498199,0.16498199,0.16498199
456,0.11160606,0.11160606,0.05997342,0.16498199,0.16498199,0.16498199,0.16498199
457,0.11160606,0.11160606,0.05997342,0.16498199,0.16498199,0.16498199,0.16498199
458,0.11160606,0.11160606,0.05997342,0.16498199,0.16498199,0.16498199,0.16498199
459,0.11160606,0.11160606,0.05997342,0.16498199,0.16498199,0.16498199,0.16498199
460,0.11160606,0.11160606,0.05997342,0.16498199,0.16498199,0.16498199,0.16498199
461,0.11160606,0.11160606,0.05997342,0.16498199,0.16498199,0.16498199,0.16498199
462,0.11160606,0.11160606,0.05997342,0.16498199,0.16498199,0.16498199,0.16498199
463,0.11160606,0.11160606,0.05997342,0.16498199,0.16498199,0.16498199,0.16498199
464,0.03816386,0.03816386,0.05997342,0.16498199,0.16498199,0.16498199,0.16498199
465,0.03816386,0.03816386,0.05997342,0.16498199,0.16498199,0.16498199,0.16498199
466,0.03816386,0.03816386,0.05997342,0.16498199,0.16498199,0.16498199,0.16498199
467,0.03816386,0.03816386,0.05997342,0.16498199,0.16498199,0.16498199,0.16498199
468,0.03816386,0.03816386,0.05997342,0.16498199,0.16498199,0.16498199,0.16498199
469,0.03816386,0.03816386,0.05997342,0.16498199,0.16498199,0.16498199,0.16498199
470,0.03816386,0.03816386,0.05997342,0.16498199,0.16498199,0.16498199,0.16498199
471,0.03816386,0.03816386,0.05997342,0.16498199,0.16498199,0.16498199,0.16498199
472,0.02213583,0.02213583,0.05997342,0.16498199,0.16498199,0.16498199,0.16498199
473,0.02213583,0.02213583,0.05997342,0.16498199,0.16498199,0.16498199,0.16498199
474,0.02213583,0.02213583,0.05997342,0.16498199,0.16498199,0.16498199,0.16498199
475,0.02213583,0.02213583,0.05997342,0.16498199,0.16498199,0.16498199,0.16498199
476,0.02213583,0.02213583,0.05997342,0.16498199,0.16498199,0.16498199,0.16498199
477,0.02213583,0.02213583,0.05997342,0.16498199,0.16498199,0.16498199,0.16498199
478,0.02213583,0.02213583,0.05997342,0.16498199,0.16498199,0.16498199,0.16498199
479,0.02213583,0.02213583,0.05997342,0.16498199,0.16498199,0.16498199,0.16498199
480,0.21909729,0.10219698,0.21437244,0.14019172,0.14019172,0.14019172,0.14019172
481,0.21909729,0.10219698,0.21437244,0.14019172,0.14019172,0.14019172,0.14019172
482,0.21909729,0.10219698,0.21437244,0.14019172,0.14019172,0.14019172,0.14019172
483,0.21909729,0.10219698,0.21437244,0.14019172,0.14019172,0.14019172,0.14019172
484,0.21909729,0.10219698,0.21437244,0.14019172,0.14019172,0.14019172,0.14019172
485,0.21909729,0.10219698,0.21437244,0.14019172,0.14019172,0.14019172,0.14019172
486,0.21909729,0.10219698,0.21437244,0.14019172,0.14019172,0.14019172,0.14019172
487,0.21909729,0.10219698,0.21437244,0.14019172,0.14019172,0.14019172,0.14019172
488,0.10219698,0.11160606,0.21437244,0.08852139,0.08852139,0.08852139,0.08852139
489,0.10219698,0.11160606,0.21437244,0.08852139,0.08852139,0.08852139,0.08852139
490,0.10219698,0.11160606,0.21437244,0.08852139,0.08852139,0.08852139,0.08852139
491,0.10219698,0.11160606,0.21437244,0.08852139,0.08852139,0.08852139,0.08852139
492,0.10219698,0.11160606,0.21437244,0.08852139,0.08852139,0.08852139,0.08852139
493,0.10219698,0.11160606,0.21437244,0.08852139,0.08852139,0.08852139,0.08852139
494,0.10219698,0.11160606,0.21437244,0.08852139,0.08852139,0.08852139,0.08852139
495,0.10219698,0.11160606,0.21437244,0.08852139,0.08852139,0.08852139,0.08852139
496,0.11160606,0.02213583,0.15265304,0.08852139,0.08852139,0.08852139,0.08852139
497,0.11160606,0.02213583,0.15265304,0.08852139,0.08852139,0.08852139,0.08852139
498,0.11160606,0.02213583,0.15265304,0.08852139,0.08852139,0.08852139,0.08852139
499,0.11160606,0.02213583,0.15265304,0.08852139,0.08852139,0.08852139,0.08852139
500,0.11160606,0.02213583,0.15265304,0.08852139,0.08852139,0.08852139,0.08852139
501,0.11160606,0.02213583,0.15265304,0.08852139,0.08852139,0.08852139,0.08852139
502,0.11160606,0.02213583,0.15265304,0.08852139,0.08852139,0.08852139,0.08852139
503,0.11160606,0.02213583,0.15265304,0.08852139,0.08852139,0.08852139,0.08852139
504,0.21909729,0.11160606,0.15265304,0.090451,0.090451,0.090451,0.090451
505,0.21909729,0.11160606,0.15265304,0.090451,0.090451,0.090451,0.090451
506,0.21909729,0.11160606,0.15265304,0.090451,0.090451,0.090451,0.090451
507,0.21909729,0.11160606,0.15265304,0.090451,0.090451,0.090451,0.090451
508,0.21909729,0.11160606,0.15265304,0.090451,0.090451,0.090451,0.090451
509,0.21909729,0.11160606,0.15265304,0.090451,0.090451,0.090451,0.090451
510,0.21909729,0.11160606,0.15265304,0.090451,0.090451,0.090451,0.090451
511,0.21909729,0.11160606,0.15265304,0.090451,0.090451,0.090451,0.090451
512,0.11160606,0.03816386,0.05997342,0.090451,0.090451,0.090451,0.090451
513,0.11160606,0.03816386,0.05997342,0.090451,0.090451,0.090451,0.090451
514,0.11160606,0.03816386,0.05997342,0.090451,0.090451,0.090451,0.090451
515,0.11160606,0.03816386,0.05997342,0.090451,0.090451,0.090451,0.090451
516,0.11160606,0.03816386,0.05997342,0.090451,0.090451,0.090451,0.090451
517,0.11160606,0.03816386,0.05997342,0.090451,0.090451,0.090451,0.090451
518,0.11160606,0.03816386,0.05997342,0.090451,0.090451,0.090451,0.090451
519,0.11160606,0.03816386,0.05997342,0.090451,0.090451,0.090451,0.090451
520,0.03816386,0.02213583,0.05997342,0.16498199,0.16498199,0.16498199,0.16498199
521,0.03816386,0.02213583,0.05997342,0.16498199,0.16498199,0.16498199,0.16498199
522,0.03816386,0.02213583,0.05997342,0.16498199,0.16498199,0.16498199,0.16498199
523,0.03816386,0.02213583,0.05997342,0.16498199,0.16498199,0.16498199,0.16498199
524,0.03816386,0.02213583,0.05997342,0.16498199,0.16498199,0.16498199,0.16498199
525,0.03816386,0.02213583,0.05997342,0.16498199,0.16498199,0.16498199,0.16498199
526,0.03816386,0.02213583,0.05997342,0.16498199,0.16498199,0.16498199,0.16498199
527,0.03816386,0.02213583,0.05997342,0.16498199,0.16498199,0.16498199,0.16498199
528,0.21909729,0.21909729,0.21437244,0.14019172,0.14019172,0.14019172,0.08852139
529,0.21909729,0.21909729,0.21437244,0.14019172,0.14019172,0.14019172,0.08852139
530,0.21909729,0.21909729,0.21437244,0.14019172,0.14019172,0.14019172,0.08852139
531,0.21909729,0.21909729,0.21437244,0.14019172,0.14019172,0.14019172,0.08852139
532,0.21909729,0.21909729,0.21437244,0.14019172,0.14019172,0.14019172,0.08852139
533,0.21909729,0.21909729,0.21437244,0.14019172,0.14019172,0.14019172,0.08852139
534,0.21909729,0.21909729,0.21437244,0.14019172,0.14019172,0.14019172,0.08852139
535,0.21909729,0.21909729,0.21437244,0.14019172,0.14019172,0.14019172,0.08852139
536,0.10219698,0.10219698,0.21437244,0.14019172,0.14019172,0.14019172,0.08852139
537,0.10219698,0.10219698,0.21437244,0.14019172,0.14019172,0.14019172,0.08852139
538,0.10219698,0.10219698,0.21437244,0.14019172,0.14019172,0.14019172,0.08852139
539,0.10219698,0.10219698,0.21437244,0.14019172,0.14019172,0.14019172,0.08852139
540,0.10219698,0.10219698,0.21437244,0.14019172,0.14019172,0.14019172,0.08852139
541,0.10219698,0.10219698,0.21437244,0.14019172,0.14019172,0.14019172,0.08852139
542,0.10219698,0.10219698,0.21437244,0.14019172,0.14019172,0.14019172,0.08852139
543,0.10219698,0.10219698,0.21437244,0.14019172,0.14019172,0.14019172,0.08852139
544,0.21909729,0.21909729,0.15265304,0.08852139,0.08852139,0.08852139,0.090451
545,0.21909729,0.21909729,0.15265304,0.08852139,0.08852139,0.08852139,0.090451
546,0.21909729,0.21909729,0.15265304,0.08852139,0.08852139,0.08852139,0.090451
547,0.21909729,0.21909729,0.15265304,0.08852139,0.08852139,0.08852139,0.090451
548,0.21909729,0.21909729,0.15265304,0.08852139,0.08852139,0.08852139,0.090451
549,0.21909729,0.21909729,0.15265304,0.08852139,0.08852139,0.08852139,0.090451
550,0.21909729,0.21909729,0.15265304,0.08852139,0.08852139,0.08852139,0.090451
551,0.21909729,0.21909729,0.15265304,0.08852139,0.08852139,0.08852139,0.090451
552,0.10219698,0.10219698,0.15265304,0.08852139,0.08852139,0.08852139,0.090451
553,0.10219698,0.10219698,0.15265304,0.08852139,0.08852139,0.08852139,0.090451
554,0.10219698,0.10219698,0.15265304,0.08852139,0.08852139,0.08852139,0.090451
555,0.10219698,0.10219698,0.15265304,0.08852139,0.08852139,0.08852139,0.090451
556,0.10219698,0.10219698,0.15265304,0.08852139,0.08852139,0.08852139,0.090451
557,0.10219698,0.10219698,0.15265304,0.08852139,0.08852139,0.08852139,0.090451
558,0.10219698,0.10219698,0.15265304,0.08852139,0.08852139,0.08852139,0.090451
559,0.10219698,0.10219698,0.15265304,0.08852139,0.08852139,0.08852139,0.090451
560,0.21909729,0.21909729,0.05997342,0.090451,0.090451,0.090451,0.16498199
561,0.21909729,0.21909729,0.05997342,0.090451,0.090451,0.090451,0.16498199
562,0.21909729,0.21909729,0.05997342,0.090451,0.090451,0.090451,0.16498199
563,0.21909729,0.21909729,0.05997342,0.090451,0.090451,0.090451,0.16498199
564,0.21909729,0.21909729,0.05997342,0.090451,0.090451,0.090451,0.16498199
565,0.21909729,0.21909729,0.05997342,0.090451,0.090451,0.090451,0.16498199
566,0.21909729,0.21909729,0.05997342,0.090451,0.090451,0.090451,0.16498199
567,0.21909729,0.21909729,0.05997342,0.090451,0.090451,0.090451,0.16498199
568,0.10219698,0.10219698,0.05997342,0.090451,0.090451,0.090451,0.16498199
569,0.10219698,0.10219698,0.05997342,0.090451,0.090451,0.090451,0.16498199
570,0.10219698,0.10219698,0.05997342,0.090451,0.090451,0.090451,0.16498199
571,0.10219698,0.10219698,0.05997342,0.090451,0.090451,0.090451,0.16498199
572,0.10219698,0.10219698,0.05997342,0.090451,0.090451,0.090451,0.16498199
573,0.10219698,0.10219698,0.05997342,0.090451,0.090451,0.090451,0.16498199
574,0.10219698,0.10219698,0.05997342,0.090451,0.090451,0.090451,0.16498199
575,0.10219698,0.10219698,0.05997342,0.090451,0.090451,0.090451,0.16498199
576,0.11160606,0.11160606,0.21437244,0.14019172,0.14019172,0.08852139,0.08852139
577,0.11160606,0.11160606,0.21437244,0.14019172,0.14019172,0.08852139,0.08852139
578,0.11160606,0.11160606,0.21437244,0.14019172,0.14019172,0.08852139,0.08852139
579,0.11160606,0.11160606,0.21437244,0.14019172,0.14019172,0.08852139,0.08852139
580,0.11160606,0.11160606,0.21437244,0.14019172,0.14019172,0.08852139,0.08852139
581,0.11160606,0.11160606,0.21437244,0.14019172,0.14019172,0.08852139,0.08852139
582,0.11160606,0.11160606,0.21437244,0.14019172,0.14019172,0.08852139,0.08852139
583,0.11160606,0.11160606,0.21437244,0.14019172,0.14019172,0.08852139,0.08852139
584,0.03816386,0.03816386,0.21437244,0.14019172,0.14019172,0.14019172,0.090451
585,0.03816386,0.03816386,0.21437244,0.14019172,0.14019172,0.14019172,0.090451
586,0.03816386,0.03816386,0.21437244,0.14019172,0.14019172,0.14019172,0.090451
587,0.03816386,0.03816386,0.21437244,0.14019172,0.14019172,0.14019172,0.090451
588,0.03816386,0.03816386,0.21437244,0.14019172,0.14019172,0.14019172,0.090451
589,0.03816386,0.03816386,0.21437244,0.14019172,0.14019172,0.14019172,0.090451
590,0.03816386,0.03816386,0.21437244,0.14019172,0.14019172,0.14019172,0.090451
591,0.03816386,0.03816386,0.21437244,0.14019172,0.14019172,0.14019172,0.090451
592,0.11160606,0.11160606,0.15265304,0.090451,0.090451,0.16498199,0.08852139
593,0.11160606,0.11160606,0.15265304,0.090451,0.090451,0.16498199,0.08852139
594,0.11160606,0.11160606,0.15265304,0.090451,0.090451,0.16498199,0.08852139
595,0.11160606,0.11160606,0.15265304,0.090451,0.090451,0.16498199,0.08852139
596,0.11160606,0.11160606,0.15265304,0.090451,0.090451,0.16498199,0.08852139
597,0.11160606,0.11160606,0.15265304,0.090451,0.090451,0.16498199,0.08852139
598,0.11160606,0.11160606,0.15265304,0.090451,0.090451,0.16498199,0.08852139
599,0.11160606,0.11160606,0.15265304,0.090451,0.090451,0.16498199,0.08852139
600,0.02213583,0.02213583,0.05997342,0.16498199,0.16498199,0.16498199,0.08852139
601,0.02213583,0.02213583,0.05997342,0.16498199,0.16498199,0.16498199,0.08852139
602,0.02213583,0.02213583,0.05997342,0.16498199,0.16498199,0.16498199,0.08852139
603,0.02213583,0.02213583,0.05997342,0.16498199,0.16498199,0.16498199,0.08852139
604,0.02213583,0.02213583,0.05997342,0.16498199,0.16498199,0.16498199,0.08852139
605,0.02213583,0.02213583,0.05997342,0.16498199,0.16498199,0.16498199,0.08852139
606,0.02213583,0.02213583,0.05997342,0.16498199,0.16498199,0.16498199,0.08852139
607,0.02213583,0.02213583,0.05997342,0.16498199,0.16498199,0.16498199,0.08852139
608,0.11160606,0.11160606,0.05997342,0.14019172,0.08852139,0.090451,0.16498199
609,0.11160606,0.11160606,0.05997342,0.14019172,0.08852139,0.090451,0.16498199
610,0.11160606,0.11160606,0.05997342,0.14019172,0.08852139,0.090451,0.16498199
611,0.11160606,0.11160606,0.05997342,0.14019172,0.08852139,0.090451,0.16498199
612,0.11160606,0.11160606,0.05997342,0.14019172,0.08852139,0.090451,0.16498199
613,0.11160606,0.11160606,0.05997342,0.14019172,0.08852139,0.090451,0.16498199
614,0.11160606,0.11160606,0.05997342,0.14019172,0.08852139,0.090451,0.16498199
615,0.11160606,0.11160606,0.05997342,0.14019172,0.08852139,0.090451,0.16498199
616,0.02213583,0.02213583,0.15265304,0.090451,0.090451,0.16498199,0.16498199
617,0.02213583,0.02213583,0.15265304,0.090451,0.090451,0.16498199,0.16498199
618,0.02213583,0.02213583,0.15265304,0.090451,0.090451,0.16498199,0.16498199
619,0.02213583,0.02213583,0.15265304,0.090451,0.090451,0.16498199,0.16498199
620,0.02213583,0.02213583,0.15265304,0.090451,0.090451,0.16498199,0.16498199
621,0.02213583,0.02213583,0.15265304,0.090451,0.090451,0.16498199,0.16498199
622,0.02213583,0.02213583,0.15265304,0.090451,0.090451,0.16498199,0.16498199
623,0.02213583,0.02213583,0.15265304,0.090451,0.090451,0.16498199,0.16498199
624,0.03816386,0.03816386,0.05997342,0.14019172,0.14019172,0.14019172,0.16498199
625,0.03816386,0.03816386,0.05997342,0.14019172,0.14019172,0.14019172,0.16498199
626,0.03816386,0.03816386,0.05997342,0.14019172,0.14019172,0.14019172,0.16498199
627,0.03816386,0.03816386,0.05997342,0.14019172,0.14019172,0.14019172,0.16498199
628,0.03816386,0.03816386,0.05997342,0.14019172,0.14019172,0.14019172,0.16498199
629,0.03816386,0.03816386,0.05997342,0.14019172,0.14019172,0.14019172,0.16498199
630,0.03816386,0.03816386,0.05997342,0.14019172,0.14019172,0.14019172,0.16498199
631,0.03816386,0.03816386,0.05997342,0.14019172,0.14019172,0.14019172,0.16498199
632,0.03816386,0.03816386,0.15265304,0.08852139,0.08852139,0.16498199,0.16498199
633,0.03816386,0.03816386,0.15265304,0.08852139,0.08852139,0.16498199,0.16498199
634,0.03816386,0.03816386,0.15265304,0.08852139,0.08852139,0.16498199,0.16498199
635,0.03816386,0.03816386,0.15265304,0.08852139,0.08852139,0.16498199,0.16498199
636,0.03816386,0.03816386,0.15265304,0.08852139,0.08852139,0.16498199,0.16498199
637,0.03816386,0.03816386,0.15265304,0.08852139,0.08852139,0.16498199,0.16498199
638,0.03816386,0.03816386,0.15265304,0.08852139,0.08852139,0.16498199,0.16498199
639,0.03816386,0.03816386,0.15265304,0.08852139,0.08852139,0.16498199,0.16498199
