,stable_A1,stable_A2,stable_B,stable_X1,stable_X2,stable_X3,stable_X4
0,0.2238308,0.2238308,0.17144378,0.2931677,0.2931677,0.2931677,0.2931677
1,0.2238308,0.2238308,0.17144378,0.2931677,0.2931677,0.2931677,0.2931677
2,0.2238308,0.2238308,0.17144378,0.2931677,0.2931677,0.2931677,0.2931677
3,0.2238308,0.2238308,0.17144378,0.2931677,0.2931677,0.2931677,0.2931677
4,0.2238308,0.2238308,0.17144378,0.2931677,0.2931677,0.2931677,0.2931677
5,0.2238308,0.2238308,0.17144378,0.2931677,0.2931677,0.2931677,0.2931677
6,0.2238308,0.2238308,0.17144378,0.2931677,0.2931677,0.2931677,0.2931677
7,0.2238308,0.2238308,0.17144378,0.2931677,0.2931677,0.2931677,0.2931677
8,0.14539254,0.14539254,0.17144378,0.2931677,0.2931677,0.2931677,0.2931677
9,0.14539254,0.14539254,0.17144378,0.2931677,0.2931677,0.2931677,0.2931677
10,0.14539254,0.14539254,0.17144378,0.2931677,0.2931677,0.2931677,0.2931677
11,0.14539254,0.14539254,0.17144378,0.2931677,0.2931677,0.2931677,0.2931677
12,0.14539254,0.14539254,0.17144378,0.2931677,0.2931677,0.2931677,0.2931677
13,0.14539254,0.14539254,0.17144378,0.2931677,0.2931677,0.2931677,0.2931677
14,0.14539254,0.14539254,0.17144378,0.2931677,0.2931677,0.2931677,0.2931677
15,0.14539254,0.14539254,0.17144378,0.2931677,0.2931677,0.2931677,0.2931677
16,0.29319534,0.29319534,0.17144378,0.2931677,0.2931677,0.2931677,0.2931677
17,0.29319534,0.29319534,0.17144378,0.2931677,0.2931677,0.2931677,0.2931677
18,0.29319534,0.29319534,0.17144378,0.2931677,0.2931677,0.2931677,0.2931677
19,0.29319534,0.29319534,0.17144378,0.2931677,0.2931677,0.2931677,0.2931677
20,0.29319534,0.29319534,0.17144378,0.2931677,0.2931677,0.2931677,0.2931677
21,0.29319534,0.29319534,0.17144378,0.2931677,0.2931677,0.2931677,0.2931677
22,0.29319534,0.29319534,0.17144378,0.2931677,0.2931677,0.2931677,0.2931677
23,0.29319534,0.29319534,0.17144378,0.2931677,0.2931677,0.2931677,0.2931677
24,0.13239332,0.13239332,0.17144378,0.2931677,0.2931677,0.2931677,0.2931677
25,0.13239332,0.13239332,0.17144378,0.2931677,0.2931677,0.2931677,0.2931677
26,0.13239332,0.13239332,0.17144378,0.2931677,0.2931677,0.2931677,0.2931677
27,0.13239332,0.13239332,0.17144378,0.2931677,0.2931677,0.2931677,0.2931677
28,0.13239332,0.13239332,0.17144378,0.2931677,0.2931677,0.2931677,0.2931677
29,0.13239332,0.13239332,0.17144378,0.2931677,0.2931677,0.2931677,0.2931677
30,0.13239332,0.13239332,0.17144378,0.2931677,0.2931677,0.2931677,0.2931677
31,0.13239332,0.13239332,0.17144378,0.2931677,0.2931677,0.2931677,0.2931677
32,0.15981114,0.15981114,0.17144378,0.2931677,0.2931677,0.2931677,0.2931677
33,0.15981114,0.15981114,0.17144378,0.2931677,0.2931677,0.2931677,0.2931677
34,0.15981114,0.15981114,0.17144378,0.2931677,0.2931677,0.2931677,0.2931677
35,0.15981114,0.15981114,0.17144378,0.2931677,0.2931677,0.2931677,0.2931677
36,0.15981114,0.15981114,0.17144378,0.2931677,0.2931677,0.2931677,0.2931677
37,0.15981114,0.15981114,0.17144378,0.2931677,0.2931677,0.2931677,0.2931677
38,0.15981114,0.15981114,0.17144378,0.2931677,0.2931677,0.2931677,0.2931677
39,0.15981114,0.15981114,0.17144378,0.2931677,0.2931677,0.2931677,0.2931677
40,0.2238308,0.2238308,0.24590002,0.2931677,0.2931677,0.2931677,0.2931677
41,0.2238308,0.2238308,0.24590002,0.2931677,0.2931677,0.2931677,0.2931677
42,0.2238308,0.2238308,0.24590002,0.2931677,0.2931677,0.2931677,0.2931677
43,0.2238308,0.2238308,0.24590002,0.2931677,0.2931677,0.2931677,0.2931677
44,0.2238308,0.2238308,0.24590002,0.2931677,0.2931677,0.2931677,0.2931677
45,0.2238308,0.2238308,0.24590002,0.2931677,0.2931677,0.2931677,0.2931677
46,0.2238308,0.2238308,0.24590002,0.2931677,0.2931677,0.2931677,0.2931677
47,0.2238308,0.2238308,0.24590002,0.2931677,0.2931677,0.2931677,0.2931677
48,0.14539254,0.14539254,0.24590002,0.2931677,0.2931677,0.2931677,0.2931677
49,0.14539254,0.14539254,0.24590002,0.2931677,0.2931677,0.2931677,0.2931677
50,0.14539254,0.14539254,0.24590002,0.2931677,0.2931677,0.2931677,0.2931677
51,0.14539254,0.14539254,0.24590002,0.2931677,0.2931677,0.2931677,0.2931677
52,0.14539254,0.14539254,0.24590002,0.2931677,0.2931677,0.2931677,0.2931677
53,0.14539254,0.14539254,0.24590002,0.2931677,0.2931677,0.2931677,0.2931677
54,0.14539254,0.14539254,0.24590002,0.2931677,0.2931677,0.2931677,0.2931677
55,0.14539254,0.14539254,0.24590002,0.2931677,0.2931677,0.2931677,0.2931677
56,0.29319534,0.29319534,0.24590002,0.2931677,0.2931677,0.2931677,0.2931677
57,0.29319534,0.29319534,0.24590002,0.2931677,0.2931677,0.2931677,0.2931677
58,0.29319534,0.29319534,0.24590002,0.2931677,0.2931677,0.2931677,0.2931677
59,0.29319534,0.29319534,0.24590002,0.2931677,0.2931677,0.2931677,0.2931677
60,0.29319534,0.29319534,0.24590002,0.2931677,0.2931677,0.2931677,0.2931677
61,0.29319534,0.29319534,0.24590002,0.2931677,0.2931677,0.2931677,0.2931677
62,0.29319534,0.29319534,0.24590002,0.2931677,0.2931677,0.2931677,0.2931677
63,0.29319534,0.29319534,0.24590002,0.2931677,0.2931677,0.2931677,0.2931677
64,0.13239332,0.13239332,0.24590002,0.2931677,0.2931677,0.2931677,0.2931677
65,0.13239332,0.13239332,0.24590002,0.2931677,0.2931677,0.2931677,0.2931677
66,0.13239332,0.13239332,0.24590002,0.2931677,0.2931677,0.2931677,0.2931677
67,0.13239332,0.13239332,0.24590002,0.2931677,0.2931677,0.2931677,0.2931677
68,0.13239332,0.13239332,0.24590002,0.2931677,0.2931677,0.2931677,0.2931677
69,0.13239332,0.13239332,0.24590002,0.2931677,0.2931677,0.2931677,0.2931677
70,0.13239332,0.13239332,0.24590002,0.2931677,0.2931677,0.2931677,0.2931677
71,0.13239332,0.13239332,0.24590002,0.2931677,0.2931677,0.2931677,0.2931677
72,0.15981114,0.15981114,0.24590002,0.2931677,0.2931677,0.2931677,0.2931677
73,0.15981114,0.15981114,0.24590002,0.2931677,0.2931677,0.2931677,0.2931677
74,0.15981114,0.15981114,0.24590002,0.2931677,0.2931677,0.2931677,0.2931677
75,0.15981114,0.15981114,0.24590002,0.2931677,0.2931677,0.2931677,0.2931677
76,0.15981114,0.15981114,0.24590002,0.2931677,0.2931677,0.2931677,0.2931677
77,0.15981114,0.15981114,0.24590002,0.2931677,0.2931677,0.2931677,0.2931677
78,0.15981114,0.15981114,0.24590002,0.2931677,0.2931677,0.2931677,0.2931677
79,0.15981114,0.15981114,0.24590002,0.2931677,0.2931677,0.2931677,0.2931677
80,0.2238308,0.2238308,0.18652663,0.2931677,0.2931677,0.2931677,0.2931677
81,0.2238308,0.2238308,0.18652663,0.2931677,0.2931677,0.2931677,0.2931677
82,0.2238308,0.2238308,0.18652663,0.2931677,0.2931677,0.2931677,0.2931677
83,0.2238308,0.2238308,0.18652663,0.2931677,0.2931677,0.2931677,0.2931677
84,0.2238308,0.2238308,0.18652663,0.2931677,0.2931677,0.2931677,0.2931677
85,0.2238308,0.2238308,0.18652663,0.2931677,0.2931677,0.2931677,0.2931677
86,0.2238308,0.2238308,0.18652663,0.2931677,0.2931677,0.2931677,0.2931677
87,0.2238308,0.2238308,0.18652663,0.2931677,0.2931677,0.2931677,0.2931677
88,0.14539254,0.14539254,0.18652663,0.2931677,0.2931677,0.2931677,0.2931677
89,0.14539254,0.14539254,0.18652663,0.2931677,0.2931677,0.2931677,0.2931677
90,0.14539254,0.14539254,0.18652663,0.2931677,0.2931677,0.2931677,0.2931677
91,0.14539254,0.14539254,0.18652663,0.2931677,0.2931677,0.2931677,0.2931677
92,0.14539254,0.14539254,0.18652663,0.2931677,0.2931677,0.2931677,0.2931677
93,0.14539254,0.14539254,0.18652663,0.2931677,0.2931677,0.2931677,0.2931677
94,0.14539254,0.14539254,0.18652663,0.2931677,0.2931677,0.2931677,0.2931677
95,0.14539254,0.14539254,0.18652663,0.2931677,0.2931677,0.2931677,0.2931677
96,0.29319534,0.29319534,0.18652663,0.2931677,0.2931677,0.2931677,0.2931677
97,0.29319534,0.29319534,0.18652663,0.2931677,0.2931677,0.2931677,0.2931677
98,0.29319534,0.29319534,0.18652663,0.2931677,0.2931677,0.2931677,0.2931677
99,0.29319534,0.29319534,0.18652663,0.2931677,0.2931677,0.2931677,0.2931677
100,0.29319534,0.29319534,0.18652663,0.2931677,0.2931677,0.2931677,0.2931677
101,0.29319534,0.29319534,0.18652663,0.2931677,0.2931677,0.2931677,0.2931677
102,0.29319534,0.29319534,0.18652663,0.2931677,0.2931677,0.2931677,0.2931677
103,0.29319534,0.29319534,0.18652663,0.2931677,0.2931677,0.2931677,0.2931677
104,0.13239332,0.13239332,0.18652663,0.2931677,0.2931677,0.2931677,0.2931677
105,0.13239332,0.13239332,0.18652663,0.2931677,0.2931677,0.2931677,0.2931677
106,0.13239332,0.13239332,0.18652663,0.2931677,0.2931677,0.2931677,0.2931677
107,0.13239332,0.13239332,0.18652663,0.2931677,0.2931677,0.2931677,0.2931677
108,0.13239332,0.13239332,0.18652663,0.2931677,0.2931677,0.2931677,0.2931677
109,0.13239332,0.13239332,0.18652663,0.2931677,0.2931677,0.2931677,0.2931677
110,0.13239332,0.13239332,0.18652663,0.2931677,0.2931677,0.2931677,0.2931677
111,0.13239332,0.13239332,0.18652663,0.2931677,0.2931677,0.2931677,0.2931677
112,0.15981114,0.15981114,0.18652663,0.2931677,0.2931677,0.2931677,0.2931677
113,0.15981114,0.15981114,0.18652663,0.2931677,0.2931677,0.2931677,0.2931677
114,0.15981114,0.15981114,0.18652663,0.2931677,0.2931677,0.2931677,0.2931677
115,0.15981114,0.15981114,0.18652663,0.2931677,0.2931677,0.2931677,0.2931677
116,0.15981114,0.15981114,0.18652663,0.2931677,0.2931677,0.2931677,0.2931677
117,0.15981114,0.15981114,0.18652663,0.2931677,0.2931677,0.2931677,0.2931677
118,0.15981114,0.15981114,0.18652663,0.2931677,0.2931677,0.2931677,0.2931677
119,0.15981114,0.15981114,0.18652663,0.2931677,0.2931677,0.2931677,0.2931677
120,0.2238308,0.2238308,0.17144378,0.18601069,0.18601069,0.18601069,0.18601069
121,0.2238308,0.2238308,0.17144378,0.18601069,0.18601069,0.18601069,0.18601069
122,0.2238308,0.2238308,0.17144378,0.18601069,0.18601069,0.18601069,0.18601069
123,0.2238308,0.2238308,0.17144378,0.18601069,0.18601069,0.18601069,0.18601069
124,0.2238308,0.2238308,0.17144378,0.18601069,0.18601069,0.18601069,0.18601069
125,0.2238308,0.2238308,0.17144378,0.18601069,0.18601069,0.18601069,0.18601069
126,0.2238308,0.2238308,0.17144378,0.18601069,0.18601069,0.18601069,0.18601069
127,0.2238308,0.2238308,0.17144378,0.18601069,0.18601069,0.18601069,0.18601069
128,0.14539254,0.14539254,0.17144378,0.18601069,0.18601069,0.18601069,0.18601069
129,0.14539254,0.14539254,0.17144378,0.18601069,0.18601069,0.18601069,0.18601069
130,0.14539254,0.14539254,0.17144378,0.18601069,0.18601069,0.18601069,0.18601069
131,0.14539254,0.14539254,0.17144378,0.18601069,0.18601069,0.18601069,0.18601069
132,0.14539254,0.14539254,0.17144378,0.18601069,0.18601069,0.18601069,0.18601069
133,0.14539254,0.14539254,0.17144378,0.18601069,0.18601069,0.18601069,0.18601069
134,0.14539254,0.14539254,0.17144378,0.18601069,0.18601069,0.18601069,0.18601069
135,0.14539254,0.14539254,0.17144378,0.18601069,0.18601069,0.18601069,0.18601069
136,0.29319534,0.29319534,0.17144378,0.18601069,0.18601069,0.18601069,0.18601069
137,0.29319534,0.29319534,0.17144378,0.18601069,0.18601069,0.18601069,0.18601069
138,0.29319534,0.29319534,0.17144378,0.18601069,0.18601069,0.18601069,0.18601069
139,0.29319534,0.29319534,0.17144378,0.18601069,0.18601069,0.18601069,0.18601069
140,0.29319534,0.29319534,0.17144378,0.18601069,0.18601069,0.18601069,0.18601069
141,0.29319534,0.29319534,0.17144378,0.18601069,0.18601069,0.18601069,0.18601069
142,0.29319534,0.29319534,0.17144378,0.18601069,0.18601069,0.18601069,0.18601069
143,0.29319534,0.29319534,0.17144378,0.18601069,0.18601069,0.18601069,0.18601069
144,0.13239332,0.13239332,0.17144378,0.18601069,0.18601069,0.18601069,0.18601069
145,0.13239332,0.13239332,0.17144378,0.18601069,0.18601069,0.18601069,0.18601069
146,0.13239332,0.13239332,0.17144378,0.18601069,0.18601069,0.18601069,0.18601069
147,0.13239332,0.13239332,0.17144378,0.18601069,0.18601069,0.18601069,0.18601069
148,0.13239332,0.13239332,0.17144378,0.18601069,0.18601069,0.18601069,0.18601069
149,0.13239332,0.13239332,0.17144378,0.18601069,0.18601069,0.18601069,0.18601069
150,0.13239332,0.13239332,0.17144378,0.18601069,0.18601069,0.18601069,0.18601069
151,0.13239332,0.13239332,0.17144378,0.18601069,0.18601069,0.18601069,0.18601069
152,0.15981114,0.15981114,0.17144378,0.18601069,0.18601069,0.18601069,0.18601069
153,0.15981114,0.15981114,0.17144378,0.18601069,0.18601069,0.18601069,0.18601069
154,0.15981114,0.15981114,0.17144378,0.18601069,0.18601069,0.18601069,0.18601069
155,0.15981114,0.15981114,0.17144378,0.18601069,0.18601069,0.18601069,0.18601069
156,0.15981114,0.15981114,0.17144378,0.18601069,0.18601069,0.18601069,0.18601069
157,0.15981114,0.15981114,0.17144378,0.18601069,0.18601069,0.18601069,0.18601069
158,0.15981114,0.15981114,0.17144378,0.18601069,0.18601069,0.18601069,0.18601069
159,0.15981114,0.15981114,0.17144378,0.18601069,0.18601069,0.18601069,0.18601069
160,0.2238308,0.2238308,0.24590002,0.18601069,0.18601069,0.18601069,0.18601069
161,0.2238308,0.2238308,0.24590002,0.18601069,0.18601069,0.18601069,0.18601069
162,0.2238308,0.2238308,0.24590002,0.18601069,0.18601069,0.18601069,0.18601069
163,0.2238308,0.2238308,0.24590002,0.18601069,0.18601069,0.18601069,0.18601069
164,0.2238308,0.2238308,0.24590002,0.18601069,0.18601069,0.18601069,0.18601069
165,0.2238308,0.2238308,0.24590002,0.18601069,0.18601069,0.18601069,0.18601069
166,0.2238308,0.2238308,0.24590002,0.18601069,0.18601069,0.18601069,0.18601069
167,0.2238308,0.2238308,0.24590002,0.18601069,0.18601069,0.18601069,0.18601069
168,0.14539254,0.14539254,0.24590002,0.18601069,0.18601069,0.18601069,0.18601069
169,0.14539254,0.14539254,0.24590002,0.18601069,0.18601069,0.18601069,0.18601069
170,0.14539254,0.14539254,0.24590002,0.18601069,0.18601069,0.18601069,0.18601069
171,0.14539254,0.14539254,0.24590002,0.18601069,0.18601069,0.18601069,0.18601069
172,0.14539254,0.14539254,0.24590002,0.18601069,0.18601069,0.18601069,0.18601069
173,0.14539254,0.14539254,0.24590002,0.18601069,0.18601069,0.18601069,0.18601069
174,0.14539254,0.14539254,0.24590002,0.18601069,0.18601069,0.18601069,0.18601069
175,0.14539254,0.14539254,0.24590002,0.18601069,0.18601069,0.18601069,0.18601069
176,0.29319534,0.29319534,0.24590002,0.18601069,0.18601069,0.18601069,0.18601069
177,0.29319534,0.29319534,0.24590002,0.18601069,0.18601069,0.18601069,0.18601069
178,0.29319534,0.29319534,0.24590002,0.18601069,0.18601069,0.18601069,0.18601069
179,0.29319534,0.29319534,0.24590002,0.18601069,0.18601069,0.18601069,0.18601069
180,0.29319534,0.29319534,0.24590002,0.18601069,0.18601069,0.18601069,0.18601069
181,0.29319534,0.29319534,0.24590002,0.18601069,0.18601069,0.18601069,0.18601069
182,0.29319534,0.29319534,0.24590002,0.18601069,0.18601069,0.18601069,0.18601069
183,0.29319534,0.29319534,0.24590002,0.18601069,0.18601069,0.18601069,0.18601069
184,0.13239332,0.13239332,0.24590002,0.18601069,0.18601069,0.18601069,0.18601069
185,0.13239332,0.13239332,0.24590002,0.18601069,0.18601069,0.18601069,0.18601069
186,0.13239332,0.13239332,0.24590002,0.18601069,0.18601069,0.18601069,0.18601069
187,0.13239332,0.13239332,0.24590002,0.18601069,0.18601069,0.18601069,0.18601069
188,0.13239332,0.13239332,0.24590002,0.18601069,0.18601069,0.18601069,0.18601069
189,0.13239332,0.13239332,0.24590002,0.18601069,0.18601069,0.18601069,0.18601069
190,0.13239332,0.13239332,0.24590002,0.18601069,0.18601069,0.18601069,0.18601069
191,0.13239332,0.13239332,0.24590002,0.18601069,0.18601069,0.18601069,0.18601069
192,0.15981114,0.15981114,0.24590002,0.18601069,0.18601069,0.18601069,0.18601069
193,0.15981114,0.15981114,0.24590002,0.18601069,0.18601069,0.18601069,0.18601069
194,0.15981114,0.15981114,0.24590002,0.18601069,0.18601069,0.18601069,0.18601069
195,0.15981114,0.15981114,0.24590002,0.18601069,0.18601069,0.18601069,0.18601069
196,0.15981114,0.15981114,0.24590002,0.18601069,0.18601069,0.18601069,0.18601069
197,0.15981114,0.15981114,0.24590002,0.18601069,0.18601069,0.18601069,0.18601069
198,0.15981114,0.15981114,0.24590002,0.18601069,0.18601069,0.18601069,0.18601069
199,0.15981114,0.15981114,0.24590002,0.18601069,0.18601069,0.18601069,0.18601069
200,0.2238308,0.2238308,0.18652663,0.18601069,0.18601069,0.18601069,0.18601069
201,0.2238308,0.2238308,0.18652663,0.18601069,0.18601069,0.18601069,0.18601069
202,0.2238308,0.2238308,0.18652663,0.18601069,0.18601069,0.18601069,0.18601069
203,0.2238308,0.2238308,0.18652663,0.18601069,0.18601069,0.18601069,0.18601069
204,0.2238308,0.2238308,0.18652663,0.18601069,0.18601069,0.18601069,0.18601069
205,0.2238308,0.2238308,0.18652663,0.18601069,0.18601069,0.18601069,0.18601069
206,0.2238308,0.2238308,0.18652663,0.18601069,0.18601069,0.18601069,0.18601069
207,0.2238308,0.2238308,0.18652663,0.18601069,0.18601069,0.18601069,0.18601069
208,0.14539254,0.14539254,0.18652663,0.18601069,0.18601069,0.18601069,0.18601069
209,0.14539254,0.14539254,0.18652663,0.18601069,0.18601069,0.18601069,0.18601069
210,0.14539254,0.14539254,0.18652663,0.18601069,0.18601069,0.18601069,0.18601069
211,0.14539254,0.14539254,0.18652663,0.18601069,0.18601069,0.18601069,0.18601069
212,0.14539254,0.14539254,0.18652663,0.18601069,0.18601069,0.18601069,0.18601069
213,0.14539254,0.14539254,0.18652663,0.18601069,0.18601069,0.18601069,0.18601069
214,0.14539254,0.14539254,0.18652663,0.18601069,0.18601069,0.18601069,0.18601069
215,0.14539254,0.14539254,0.18652663,0.18601069,0.18601069,0.18601069,0.18601069
216,0.29319534,0.29319534,0.18652663,0.18601069,0.18601069,0.18601069,0.18601069
217,0.29319534,0.29319534,0.18652663,0.18601069,0.18601069,0.18601069,0.18601069
218,0.29319534,0.29319534,0.18652663,0.18601069,0.18601069,0.18601069,0.18601069
219,0.29319534,0.29319534,0.18652663,0.18601069,0.18601069,0.18601069,0.18601069
220,0.29319534,0.29319534,0.18652663,0.18601069,0.18601069,0.18601069,0.18601069
221,0.29319534,0.29319534,0.18652663,0.18601069,0.18601069,0.18601069,0.18601069
222,0.29319534,0.29319534,0.18652663,0.18601069,0.18601069,0.18601069,0.18601069
223,0.29319534,0.29319534,0.18652663,0.18601069,0.18601069,0.18601069,0.18601069
224,0.13239332,0.13239332,0.18652663,0.18601069,0.18601069,0.18601069,0.18601069
225,0.13239332,0.13239332,0.18652663,0.18601069,0.18601069,0.18601069,0.18601069
226,0.13239332,0.13239332,0.18652663,0.18601069,0.18601069,0.18601069,0.18601069
227,0.13239332,0.13239332,0.18652663,0.18601069,0.18601069,0.18601069,0.18601069
228,0.13239332,0.13239332,0.18652663,0.18601069,0.18601069,0.18601069,0.18601069
229,0.13239332,0.13239332,0.18652663,0.18601069,0.18601069,0.18601069,0.18601069
230,0.13239332,0.13239332,0.18652663,0.18601069,0.18601069,0.18601069,0.18601069
231,0.13239332,0.13239332,0.18652663,0.18601069,0.18601069,0.18601069,0.18601069
232,0.15981114,0.15981114,0.18652663,0.18601069,0.18601069,0.18601069,0.18601069
233,0.15981114,0.15981114,0.18652663,0.18601069,0.18601069,0.18601069,0.18601069
234,0.15981114,0.15981114,0.18652663,0.18601069,0.18601069,0.18601069,0.18601069
235,0.15981114,0.15981114,0.18652663,0.18601069,0.18601069,0.18601069,0.18601069
236,0.15981114,0.15981114,0.18652663,0.18601069,0.18601069,0.18601069,0.18601069
237,0.15981114,0.15981114,0.18652663,0.18601069,0.18601069,0.18601069,0.18601069
238,0.15981114,0.15981114,0.18652663,0.18601069,0.18601069,0.18601069,0.18601069
239,0.15981114,0.15981114,0.18652663,0.18601069,0.18601069,0.18601069,0.18601069
240,0.2238308,0.2238308,0.17144378,0.14117394,0.14117394,0.14117394,0.14117394
241,0.2238308,0.2238308,0.17144378,0.14117394,0.14117394,0.14117394,0.14117394
242,0.2238308,0.2238308,0.17144378,0.14117394,0.14117394,0.14117394,0.14117394
243,0.2238308,0.2238308,0.17144378,0.14117394,0.14117394,0.14117394,0.14117394
244,0.2238308,0.2238308,0.17144378,0.14117394,0.14117394,0.14117394,0.14117394
245,0.2238308,0.2238308,0.17144378,0.14117394,0.14117394,0.14117394,0.14117394
246,0.2238308,0.2238308,0.17144378,0.14117394,0.14117394,0.14117394,0.14117394
247,0.2238308,0.2238308,0.17144378,0.14117394,0.14117394,0.14117394,0.14117394
248,0.14539254,0.14539254,0.17144378,0.14117394,0.14117394,0.14117394,0.14117394
249,0.14539254,0.14539254,0.17144378,0.14117394,0.14117394,0.14117394,0.14117394
250,0.14539254,0.14539254,0.17144378,0.14117394,0.14117394,0.14117394,0.14117394
251,0.14539254,0.14539254,0.17144378,0.14117394,0.14117394,0.14117394,0.14117394
252,0.14539254,0.14539254,0.17144378,0.14117394,0.14117394,0.14117394,0.14117394
253,0.14539254,0.14539254,0.17144378,0.14117394,0.14117394,0.14117394,0.14117394
254,0.14539254,0.14539254,0.17144378,0.14117394,0.14117394,0.14117394,0.14117394
255,0.14539254,0.14539254,0.17144378,0.14117394,0.14117394,0.14117394,0.14117394
256,0.29319534,0.29319534,0.17144378,0.14117394,0.14117394,0.14117394,0.14117394
257,0.29319534,0.29319534,0.17144378,0.14117394,0.14117394,0.14117394,0.14117394
258,0.29319534,0.29319534,0.17144378,0.14117394,0.14117394,0.14117394,0.14117394
259,0.29319534,0.29319534,0.17144378,0.14117394,0.14117394,0.14117394,0.14117394
260,0.29319534,0.29319534,0.17144378,0.14117394,0.14117394,0.14117394,0.14117394
261,0.29319534,0.29319534,0.17144378,0.14117394,0.14117394,0.14117394,0.14117394
262,0.29319534,0.29319534,0.17144378,0.14117394,0.14117394,0.14117394,0.14117394
263,0.29319534,0.29319534,0.17144378,0.14117394,0.14117394,0.14117394,0.14117394
264,0.13239332,0.13239332,0.17144378,0.14117394,0.14117394,0.14117394,0.14117394
265,0.13239332,0.13239332,0.17144378,0.14117394,0.14117394,0.14117394,0.14117394
266,0.13239332,0.13239332,0.17144378,0.14117394,0.14117394,0.14117394,0.14117394
267,0.13239332,0.13239332,0.17144378,0.14117394,0.14117394,0.14117394,0.14117394
268,0.13239332,0.13239332,0.17144378,0.14117394,0.14117394,0.14117394,0.14117394
269,0.13239332,0.13239332,0.17144378,0.14117394,0.14117394,0.14117394,0.14117394
270,0.13239332,0.13239332,0.17144378,0.14117394,0.14117394,0.14117394,0.14117394
271,0.13239332,0.13239332,0.17144378,0.14117394,0.14117394,0.14117394,0.14117394
272,0.15981114,0.15981114,0.17144378,0.14117394,0.14117394,0.14117394,0.14117394
273,0.15981114,0.15981114,0.17144378,0.14117394,0.14117394,0.14117394,0.14117394
274,0.15981114,0.15981114,0.17144378,0.14117394,0.14117394,0.14117394,0.14117394
275,0.15981114,0.15981114,0.17144378,0.14117394,0.14117394,0.14117394,0.14117394
276,0.15981114,0.15981114,0.17144378,0.14117394,0.14117394,0.14117394,0.14117394
277,0.15981114,0.15981114,0.17144378,0.14117394,0.14117394,0.14117394,0.14117394
278,0.15981114,0.15981114,0.17144378,0.14117394,0.14117394,0.14117394,0.14117394
279,0.15981114,0.15981114,0.17144378,0.14117394,0.14117394,0.14117394,0.14117394
280,0.2238308,0.2238308,0.24590002,0.14117394,0.14117394,0.14117394,0.14117394
281,0.2238308,0.2238308,0.24590002,0.14117394,0.14117394,0.14117394,0.14117394
282,0.2238308,0.2238308,0.24590002,0.14117394,0.14117394,0.14117394,0.14117394
283,0.2238308,0.2238308,0.24590002,0.14117394,0.14117394,0.14117394,0.14117394
284,0.2238308,0.2238308,0.24590002,0.14117394,0.14117394,0.14117394,0.14117394
285,0.2238308,0.2238308,0.24590002,0.14117394,0.14117394,0.14117394,0.14117394
286,0.2238308,0.2238308,0.24590002,0.14117394,0.14117394,0.14117394,0.14117394
287,0.2238308,0.2238308,0.24590002,0.14117394,0.14117394,0.14117394,0.14117394
288,0.14539254,0.14539254,0.24590002,0.14117394,0.14117394,0.14117394,0.14117394
289,0.14539254,0.14539254,0.24590002,0.14117394,0.14117394,0.14117394,0.14117394
290,0.14539254,0.14539254,0.24590002,0.14117394,0.14117394,0.14117394,0.14117394
291,0.14539254,0.14539254,0.24590002,0.14117394,0.14117394,0.14117394,0.14117394
292,0.14539254,0.14539254,0.24590002,0.14117394,0.14117394,0.14117394,0.14117394
293,0.14539254,0.14539254,0.24590002,0.14117394,0.14117394,0.14117394,0.14117394
294,0.14539254,0.14539254,0.24590002,0.14117394,0.14117394,0.14117394,0.14117394
295,0.14539254,0.14539254,0.24590002,0.14117394,0.14117394,0.14117394,0.14117394
296,0.29319534,0.29319534,0.24590002,0.14117394,0.14117394,0.14117394,0.14117394
297,0.29319534,0.29319534,0.24590002,0.14117394,0.14117394,0.14117394,0.14117394
298,0.29319534,0.29319534,0.24590002,0.14117394,0.14117394,0.14117394,0.14117394
299,0.29319534,0.29319534,0.24590002,0.14117394,0.14117394,0.14117394,0.14117394
300,0.29319534,0.29319534,0.24590002,0.14117394,0.14117394,0.14117394,0.14117394
301,0.29319534,0.29319534,0.24590002,0.14117394,0.14117394,0.14117394,0.14117394
302,0.29319534,0.29319534,0.24590002,0.14117394,0.14117394,0.14117394,0.14117394
303,0.29319534,0.29319534,0.24590002,0.14117394,0.14117394,0.14117394,0.14117394
304,0.13239332,0.13239332,0.24590002,0.14117394,0.14117394,0.14117394,0.14117394
305,0.13239332,0.13239332,0.24590002,0.14117394,0.14117394,0.14117394,0.14117394
306,0.13239332,0.13239332,0.24590002,0.14117394,0.14117394,0.14117394,0.14117394
307,0.13239332,0.13239332,0.24590002,0.14117394,0.14117394,0.14117394,0.14117394
308,0.13239332,0.13239332,0.24590002,0.14117394,0.14117394,0.14117394,0.14117394
309,0.13239332,0.13239332,0.24590002,0.14117394,0.14117394,0.14117394,0.14117394
310,0.13239332,0.13239332,0.24590002,0.14117394,0.14117394,0.14117394,0.14117394
311,0.13239332,0.13239332,0.24590002,0.14117394,0.14117394,0.14117394,0.14117394
312,0.15981114,0.15981114,0.24590002,0.14117394,0.14117394,0.14117394,0.14117394
313,0.15981114,0.15981114,0.24590002,0.14117394,0.14117394,0.14117394,0.14117394
314,0.15981114,0.15981114,0.24590002,0.14117394,0.14117394,0.14117394,0.14117394
315,0.15981114,0.15981114,0.24590002,0.14117394,0.14117394,0.14117394,0.14117394
316,0.15981114,0.15981114,0.24590002,0.14117394,0.14117394,0.14117394,0.14117394
317,0.15981114,0.15981114,0.24590002,0.14117394,0.14117394,0.14117394,0.14117394
318,0.15981114,0.15981114,0.24590002,0.14117394,0.14117394,0.14117394,0.14117394
319,0.15981114,0.15981114,0.24590002,0.14117394,0.14117394,0.14117394,0.14117394
320,0.2238308,0.2238308,0.18652663,0.14117394,0.14117394,0.14117394,0.14117394
321,0.2238308,0.2238308,0.18652663,0.14117394,0.14117394,0.14117394,0.14117394
322,0.2238308,0.2238308,0.18652663,0.14117394,0.14117394,0.14117394,0.14117394
323,0.2238308,0.2238308,0.18652663,0.14117394,0.14117394,0.14117394,0.14117394
324,0.2238308,0.2238308,0.18652663,0.14117394,0.14117394,0.14117394,0.14117394
325,0.2238308,0.2238308,0.18652663,0.14117394,0.14117394,0.14117394,0.14117394
326,0.2238308,0.2238308,0.18652663,0.14117394,0.14117394,0.14117394,0.14117394
327,0.2238308,0.2238308,0.18652663,0.14117394,0.14117394,0.14117394,0.14117394
328,0.14539254,0.14539254,0.18652663,0.14117394,0.14117394,0.14117394,0.14117394
329,0.14539254,0.14539254,0.18652663,0.14117394,0.14117394,0.14117394,0.14117394
330,0.14539254,0.14539254,0.18652663,0.14117394,0.14117394,0.14117394,0.14117394
331,0.14539254,0.14539254,0.18652663,0.14117394,0.14117394,0.14117394,0.14117394
332,0.14539254,0.14539254,0.18652663,0.14117394,0.14117394,0.14117394,0.14117394
333,0.14539254,0.14539254,0.18652663,0.14117394,0.14117394,0.14117394,0.14117394
334,0.14539254,0.14539254,0.18652663,0.14117394,0.14117394,0.14117394,0.14117394
335,0.14539254,0.14539254,0.18652663,0.14117394,0.14117394,0.14117394,0.14117394
336,0.29319534,0.29319534,0.18652663,0.14117394,0.14117394,0.14117394,0.14117394
337,0.29319534,0.29319534,0.18652663,0.14117394,0.14117394,0.14117394,0.14117394
338,0.29319534,0.29319534,0.18652663,0.14117394,0.14117394,0.14117394,0.14117394
339,0.29319534,0.29319534,0.18652663,0.14117394,0.14117394,0.14117394,0.14117394
340,0.29319534,0.29319534,0.18652663,0.14117394,0.14117394,0.14117394,0.14117394
341,0.29319534,0.29319534,0.18652663,0.14117394,0.14117394,0.14117394,0.14117394
342,0.29319534,0.29319534,0.18652663,0.14117394,0.14117394,0.14117394,0.14117394
343,0.29319534,0.29319534,0.18652663,0.14117394,0.14117394,0.14117394,0.14117394
344,0.13239332,0.13239332,0.18652663,0.14117394,0.14117394,0.14117394,0.14117394
345,0.13239332,0.13239332,0.18652663,0.14117394,0.14117394,0.14117394,0.14117394
346,0.13239332,0.13239332,0.18652663,0.14117394,0.14117394,0.14117394,0.14117394
347,0.13239332,0.13239332,0.18652663,0.14117394,0.14117394,0.14117394,0.14117394
348,0.13239332,0.13239332,0.18652663,0.14117394,0.14117394,0.14117394,0.14117394
349,0.13239332,0.13239332,0.18652663,0.14117394,0.14117394,0.14117394,0.14117394
350,0.13239332,0.13239332,0.18652663,0.14117394,0.14117394,0.14117394,0.14117394
351,0.13239332,0.13239332,0.18652663,0.14117394,0.14117394,0.14117394,0.14117394
352,0.15981114,0.15981114,0.18652663,0.14117394,0.14117394,0.14117394,0.14117394
353,0.15981114,0.15981114,0.18652663,0.14117394,0.14117394,0.14117394,0.14117394
354,0.15981114,0.15981114,0.18652663,0.14117394,0.14117394,0.14117394,0.14117394
355,0.15981114,0.15981114,0.18652663,0.14117394,0.14117394,0.14117394,0.14117394
356,0.15981114,0.15981114,0.18652663,0.14117394,0.14117394,0.14117394,0.14117394
357,0.15981114,0.15981114,0.18652663,0.14117394,0.14117394,0.14117394,0.14117394
358,0.15981114,0.15981114,0.18652663,0.14117394,0.14117394,0.14117394,0.14117394
359,0.15981114,0.15981114,0.18652663,0.14117394,0.14117394,0.14117394,0.14117394
360,0.2238308,0.2238308,0.17144378,0.24644245,0.24644245,0.24644245,0.24644245
361,0.2238308,0.2238308,0.17144378,0.24644245,0.24644245,0.24644245,0.24644245
362,0.2238308,0.2238308,0.17144378,0.24644245,0.24644245,0.24644245,0.24644245
363,0.2238308,0.2238308,0.17144378,0.24644245,0.24644245,0.24644245,0.24644245
364,0.2238308,0.2238308,0.17144378,0.24644245,0.24644245,0.24644245,0.24644245
365,0.2238308,0.2238308,0.17144378,0.24644245,0.24644245,0.24644245,0.24644245
366,0.2238308,0.2238308,0.17144378,0.24644245,0.24644245,0.24644245,0.24644245
367,0.2238308,0.2238308,0.17144378,0.24644245,0.24644245,0.24644245,0.24644245
368,0.14539254,0.14539254,0.17144378,0.24644245,0.24644245,0.24644245,0.24644245
369,0.14539254,0.14539254,0.17144378,0.24644245,0.24644245,0.24644245,0.24644245
370,0.14539254,0.14539254,0.17144378,0.24644245,0.24644245,0.24644245,0.24644245
371,0.14539254,0.14539254,0.17144378,0.24644245,0.24644245,0.24644245,0.24644245
372,0.14539254,0.14539254,0.17144378,0.24644245,0.24644245,0.24644245,0.24644245
373,0.14539254,0.14539254,0.17144378,0.24644245,0.24644245,0.24644245,0.24644245
374,0.14539254,0.14539254,0.17144378,0.24644245,0.24644245,0.24644245,0.24644245
375,0.14539254,0.14539254,0.17144378,0.24644245,0.24644245,0.24644245,0.24644245
376,0.29319534,0.29319534,0.17144378,0.24644245,0.24644245,0.24644245,0.24644245
377,0.29319534,0.29319534,0.17144378,0.24644245,0.24644245,0.24644245,0.24644245
378,0.29319534,0.29319534,0.17144378,0.24644245,0.24644245,0.24644245,0.24644245
379,0.29319534,0.29319534,0.17144378,0.24644245,0.24644245,0.24644245,0.24644245
380,0.29319534,0.29319534,0.17144378,0.24644245,0.24644245,0.24644245,0.24644245
381,0.29319534,0.29319534,0.17144378,0.24644245,0.24644245,0.24644245,0.24644245
382,0.29319534,0.29319534,0.17144378,0.24644245,0.24644245,0.24644245,0.24644245
383,0.29319534,0.29319534,0.17144378,0.24644245,0.24644245,0.24644245,0.24644245
384,0.13239332,0.13239332,0.17144378,0.24644245,0.24644245,0.24644245,0.24644245
385,0.13239332,0.13239332,0.17144378,0.24644245,0.24644245,0.24644245,0.24644245
386,0.13239332,0.13239332,0.17144378,0.24644245,0.24644245,0.24644245,0.24644245
387,0.13239332,0.13239332,0.17144378,0.24644245,0.24644245,0.24644245,0.24644245
388,0.13239332,0.13239332,0.17144378,0.24644245,0.24644245,0.24644245,0.24644245
389,0.13239332,0.13239332,0.17144378,0.24644245,0.24644245,0.24644245,0.24644245
390,0.13239332,0.13239332,0.17144378,0.24644245,0.24644245,0.24644245,0.24644245
391,0.13239332,0.13239332,0.17144378,0.24644245,0.24644245,0.24644245,0.24644245
392,0.15981114,0.15981114,0.17144378,0.24644245,0.24644245,0.24644245,0.24644245
393,0.15981114,0.15981114,0.17144378,0.24644245,0.24644245,0.24644245,0.24644245
394,0.15981114,0.15981114,0.17144378,0.24644245,0.24644245,0.24644245,0.24644245
395,0.15981114,0.15981114,0.17144378,0.24644245,0.24644245,0.24644245,0.24644245
396,0.15981114,0.15981114,0.17144378,0.24644245,0.24644245,0.24644245,0.24644245
397,0.15981114,0.15981114,0.17144378,0.24644245,0.24644245,0.24644245,0.24644245
398,0.15981114,0.15981114,0.17144378,0.24644245,0.24644245,0.24644245,0.24644245
399,0.15981114,0.15981114,0.17144378,0.24644245,0.24644245,0.24644245,0.24644245
400,0.2238308,0.2238308,0.24590002,0.24644245,0.24644245,0.24644245,0.24644245
401,0.2238308,0.2238308,0.24590002,0.24644245,0.24644245,0.24644245,0.24644245
402,0.2238308,0.2238308,0.24590002,0.24644245,0.24644245,0.24644245,0.24644245
403,0.2238308,0.2238308,0.24590002,0.24644245,0.24644245,0.24644245,0.24644245
404,0.2238308,0.2238308,0.24590002,0.24644245,0.24644245,0.24644245,0.24644245
405,0.2238308,0.2238308,0.24590002,0.24644245,0.24644245,0.24644245,0.24644245
406,0.2238308,0.2238308,0.24590002,0.24644245,0.24644245,0.24644245,0.24644245
407,0.2238308,0.2238308,0.24590002,0.24644245,0.24644245,0.24644245,0.24644245
408,0.14539254,0.14539254,0.24590002,0.24644245,0.24644245,0.24644245,0.24644245
409,0.14539254,0.14539254,0.24590002,0.24644245,0.24644245,0.24644245,0.24644245
410,0.14539254,0.14539254,0.24590002,0.24644245,0.24644245,0.24644245,0.24644245
411,0.14539254,0.14539254,0.24590002,0.24644245,0.24644245,0.24644245,0.24644245
412,0.14539254,0.14539254,0.24590002,0.24644245,0.24644245,0.24644245,0.24644245
413,0.14539254,0.14539254,0.24590002,0.24644245,0.24644245,0.24644245,0.24644245
414,0.14539254,0.14539254,0.24590002,0.24644245,0.24644245,0.24644245,0.24644245
415,0.14539254,0.14539254,0.24590002,0.24644245,0.24644245,0.24644245,0.24644245
416,0.29319534,0.29319534,0.24590002,0.24644245,0.24644245,0.24644245,0.24644245
417,0.29319534,0.29319534,0.24590002,0.24644245,0.24644245,0.24644245,0.24644245
418,0.29319534,0.29319534,0.24590002,0.24644245,0.24644245,0.24644245,0.24644245
419,0.29319534,0.29319534,0.24590002,0.24644245,0.24644245,0.24644245,0.24644245
420,0.29319534,0.29319534,0.24590002,0.24644245,0.24644245,0.24644245,0.24644245
421,0.29319534,0.29319534,0.24590002,0.24644245,0.24644245,0.24644245,0.24644245
422,0.29319534,0.29319534,0.24590002,0.24644245,0.24644245,0.24644245,0.24644245
423,0.29319534,0.29319534,0.24590002,0.24644245,0.24644245,0.24644245,0.24644245
424,0.13239332,0.13239332,0.24590002,0.24644245,0.24644245,0.24644245,0.24644245
425,0.13239332,0.13239332,0.24590002,0.24644245,0.24644245,0.24644245,0.24644245
426,0.13239332,0.13239332,0.24590002,0.24644245,0.24644245,0.24644245,0.24644245
427,0.13239332,0.13239332,0.24590002,0.24644245,0.24644245,0.24644245,0.24644245
428,0.13239332,0.13239332,0.24590002,0.24644245,0.24644245,0.24644245,0.24644245
429,0.13239332,0.13239332,0.24590002,0.24644245,0.24644245,0.24644245,0.24644245
430,0.13239332,0.13239332,0.24590002,0.24644245,0.24644245,0.24644245,0.24644245
431,0.13239332,0.13239332,0.24590002,0.24644245,0.24644245,0.24644245,0.24644245
432,0.15981114,0.15981114,0.24590002,0.24644245,0.24644245,0.24644245,0.24644245
433,0.15981114,0.15981114,0.24590002,0.24644245,0.24644245,0.24644245,0.24644245
434,0.15981114,0.15981114,0.24590002,0.24644245,0.24644245,0.24644245,0.24644245
435,0.15981114,0.15981114,0.24590002,0.24644245,0.24644245,0.24644245,0.24644245
436,0.15981114,0.15981114,0.24590002,0.24644245,0.24644245,0.24644245,0.24644245
437,0.15981114,0.15981114,0.24590002,0.24644245,0.24644245,0.24644245,0.24644245
438,0.15981114,0.15981114,0.24590002,0.24644245,0.24644245,0.24644245,0.24644245
439,0.15981114,0.15981114,0.24590002,0.24644245,0.24644245,0.24644245,0.24644245
440,0.2238308,0.2238308,0.18652663,0.24644245,0.24644245,0.24644245,0.24644245
441,0.2238308,0.2238308,0.18652663,0.24644245,0.24644245,0.24644245,0.24644245
442,0.2238308,0.2238308,0.18652663,0.24644245,0.24644245,0.24644245,0.24644245
443,0.2238308,0.2238308,0.18652663,0.24644245,0.24644245,0.24644245,0.24644245
444,0.2238308,0.2238308,0.18652663,0.24644245,0.24644245,0.24644245,0.24644245
445,0.2238308,0.2238308,0.18652663,0.24644245,0.24644245,0.24644245,0.24644245
446,0.2238308,0.2238308,0.18652663,0.24644245,0.24644245,0.24644245,0.24644245
447,0.2238308,0.2238308,0.18652663,0.24644245,0.24644245,0.24644245,0.24644245
448,0.14539254,0.14539254,0.18652663,0.24644245,0.24644245,0.24644245,0.24644245
449,0.14539254,0.14539254,0.18652663,0.24644245,0.24644245,0.24644245,0.24644245
450,0.14539254,0.14539254,0.18652663,0.24644245,0.24644245,0.24644245,0.24644245
451,0.14539254,0.14539254,0.18652663,0.24644245,0.24644245,0.24644245,0.24644245
452,0.14539254,0.14539254,0.18652663,0.24644245,0.24644245,0.24644245,0.24644245
453,0.14539254,0.14539254,0.18652663,0.24644245,0.24644245,0.24644245,0.24644245
454,0.14539254,0.14539254,0.18652663,0.24644245,0.24644245,0.24644245,0.24644245
455,0.14539254,0.14539254,0.18652663,0.24644245,0.24644245,0.24644245,0.24644245
456,0.29319534,0.29319534,0.18652663,0.24644245,0.24644245,0.24644245,0.24644245
457,0.29319534,0.29319534,0.18652663,0.24644245,0.24644245,0.24644245,0.24644245
458,0.29319534,0.29319534,0.18652663,0.24644245,0.24644245,0.24644245,0.24644245
459,0.29319534,0.29319534,0.18652663,0.24644245,0.24644245,0.24644245,0.24644245
460,0.29319534,0.29319534,0.18652663,0.24644245,0.24644245,0.24644245,0.24644245
461,0.29319534,0.29319534,0.18652663,0.24644245,0.24644245,0.24644245,0.24644245
462,0.29319534,0.29319534,0.18652663,0.24644245,0.24644245,0.24644245,0.24644245
463,0.29319534,0.29319534,0.18652663,0.24644245,0.24644245,0.24644245,0.24644245
464,0.13239332,0.13239332,0.18652663,0.24644245,0.24644245,0.24644245,0.24644245
465,0.13239332,0.13239332,0.18652663,0.24644245,0.24644245,0.24644245,0.24644245
466,0.13239332,0.13239332,0.18652663,0.24644245,0.24644245,0.24644245,0.24644245
467,0.13239332,0.13239332,0.18652663,0.24644245,0.24644245,0.24644245,0.24644245
468,0.13239332,0.13239332,0.18652663,0.24644245,0.24644245,0.24644245,0.24644245
469,0.13239332,0.13239332,0.18652663,0.24644245,0.24644245,0.24644245,0.24644245
470,0.13239332,0.13239332,0.18652663,0.24644245,0.24644245,0.24644245,0.24644245
471,0.13239332,0.13239332,0.18652663,0.24644245,0.24644245,0.24644245,0.24644245
472,0.15981114,0.15981114,0.18652663,0.24644245,0.24644245,0.24644245,0.24644245
473,0.15981114,0.15981114,0.18652663,0.24644245,0.24644245,0.24644245,0.24644245
474,0.15981114,0.15981114,0.18652663,0.24644245,0.24644245,0.24644245,0.24644245
475,0.15981114,0.15981114,0.18652663,0.24644245,0.24644245,0.24644245,0.24644245
476,0.15981114,0.15981114,0.18652663,0.24644245,0.24644245,0.24644245,0.24644245
477,0.15981114,0.15981114,0.18652663,0.24644245,0.24644245,0.24644245,0.24644245
478,0.15981114,0.15981114,0.18652663,0.24644245,0.24644245,0.24644245,0.24644245
479,0.15981114,0.15981114,0.18652663,0.24644245,0.24644245,0.24644245,0.24644245
480,0.2238308,0.14539254,0.17144378,0.2931677,0.2931677,0.2931677,0.2931677
481,0.2238308,0.14539254,0.17144378,0.2931677,0.2931677,0.2931677,0.2931677
482,0.2238308,0.14539254,0.17144378,0.2931677,0.2931677,0.2931677,0.2931677
483,0.2238308,0.14539254,0.17144378,0.2931677,0.2931677,0.2931677,0.2931677
484,0.2238308,0.14539254,0.17144378,0.2931677,0.2931677,0.2931677,0.2931677
485,0.2238308,0.14539254,0.17144378,0.2931677,0.2931677,0.2931677,0.2931677
486,0.2238308,0.14539254,0.17144378,0.2931677,0.2931677,0.2931677,0.2931677
487,0.2238308,0.14539254,0.17144378,0.2931677,0.2931677,0.2931677,0.2931677
488,0.14539254,0.29319534,0.17144378,0.18601069,0.18601069,0.18601069,0.18601069
489,0.14539254,0.29319534,0.17144378,0.18601069,0.18601069,0.18601069,0.18601069
490,0.14539254,0.29319534,0.17144378,0.18601069,0.18601069,0.18601069,0.18601069
491,0.14539254,0.29319534,0.17144378,0.18601069,0.18601069,0.18601069,0.18601069
492,0.14539254,0.29319534,0.17144378,0.18601069,0.18601069,0.18601069,0.18601069
493,0.14539254,0.29319534,0.17144378,0.18601069,0.18601069,0.18601069,0.18601069
494,0.14539254,0.29319534,0.17144378,0.18601069,0.18601069,0.18601069,0.18601069
495,0.14539254,0.29319534,0.17144378,0.18601069,0.18601069,0.18601069,0.18601069
496,0.29319534,0.15981114,0.24590002,0.18601069,0.18601069,0.18601069,0.18601069
497,0.29319534,0.15981114,0.24590002,0.18601069,0.18601069,0.18601069,0.18601069
498,0.29319534,0.15981114,0.24590002,0.18601069,0.18601069,0.18601069,0.18601069
499,0.29319534,0.15981114,0.24590002,0.18601069,0.18601069,0.18601069,0.18601069
500,0.29319534,0.15981114,0.24590002,0.18601069,0.18601069,0.18601069,0.18601069
501,0.29319534,0.15981114,0.24590002,0.18601069,0.18601069,0.18601069,0.18601069
502,0.29319534,0.15981114,0.24590002,0.18601069,0.18601069,0.18601069,0.18601069
503,0.29319534,0.15981114,0.24590002,0.18601069,0.18601069,0.18601069,0.18601069
504,0.2238308,0.29319534,0.24590002,0.14117394,0.14117394,0.14117394,0.14117394
505,0.2238308,0.29319534,0.24590002,0.14117394,0.14117394,0.14117394,0.14117394
506,0.2238308,0.29319534,0.24590002,0.14117394,0.14117394,0.14117394,0.14117394
507,0.2238308,0.29319534,0.24590002,0.14117394,0.14117394,0.14117394,0.14117394
508,0.2238308,0.29319534,0.24590002,0.14117394,0.14117394,0.14117394,0.14117394
509,0.2238308,0.29319534,0.24590002,0.14117394,0.14117394,0.14117394,0.14117394
510,0.2238308,0.29319534,0.24590002,0.14117394,0.14117394,0.14117394,0.14117394
511,0.2238308,0.29319534,0.24590002,0.14117394,0.14117394,0.14117394,0.14117394
512,0.29319534,0.13239332,0.18652663,0.14117394,0.14117394,0.14117394,0.14117394
513,0.29319534,0.13239332,0.18652663,0.14117394,0.14117394,0.14117394,0.14117394
514,0.29319534,0.13239332,0.18652663,0.14117394,0.14117394,0.14117394,0.14117394
515,0.29319534,0.13239332,0.18652663,0.14117394,0.14117394,0.14117394,0.14117394
516,0.29319534,0.13239332,0.18652663,0.14117394,0.14117394,0.14117394,0.14117394
517,0.29319534,0.13239332,0.18652663,0.14117394,0.14117394,0.14117394,0.14117394
518,0.29319534,0.13239332,0.18652663,0.14117394,0.14117394,0.14117394,0.14117394
519,0.29319534,0.13239332,0.18652663,0.14117394,0.14117394,0.14117394,0.14117394
520,0.13239332,0.15981114,0.18652663,0.24644245,0.24644245,0.24644245,0.24644245
521,0.13239332,0.15981114,0.18652663,0.24644245,0.24644245,0.24644245,0.24644245
522,0.13239332,0.15981114,0.18652663,0.24644245,0.24644245,0.24644245,0.24644245
523,0.13239332,0.15981114,0.18652663,0.24644245,0.24644245,0.24644245,0.24644245
524,0.13239332,0.15981114,0.18652663,0.24644245,0.24644245,0.24644245,0.24644245
525,0.13239332,0.15981114,0.18652663,0.24644245,0.24644245,0.24644245,0.24644245
526,0.13239332,0.15981114,0.18652663,0.24644245,0.24644245,0.24644245,0.24644245
527,0.13239332,0.15981114,0.18652663,0.24644245,0.24644245,0.24644245,0.24644245
528,0.2238308,0.2238308,0.17144378,0.2931677,0.2931677,0.2931677,0.18601069
529,0.2238308,0.2238308,0.17144378,0.2931677,0.2931677,0.2931677,0.18601069
530,0.2238308,0.2238308,0.17144378,0.2931677,0.2931677,0.2931677,0.18601069
531,0.2238308,0.2238308,0.17144378,0.2931677,0.2931677,0.2931677,0.18601069
532,0.2238308,0.2238308,0.17144378,0.2931677,0.2931677,0.2931677,0.18601069
533,0.2238308,0.2238308,0.17144378,0.2931677,0.2931677,0.2931677,0.18601069
534,0.2238308,0.2238308,0.17144378,0.2931677,0.2931677,0.2931677,0.18601069
535,0.2238308,0.2238308,0.17144378,0.2931677,0.2931677,0.2931677,0.18601069
536,0.14539254,0.14539254,0.17144378,0.2931677,0.2931677,0.2931677,0.18601069
537,0.14539254,0.14539254,0.17144378,0.2931677,0.2931677,0.2931677,0.18601069
538,0.14539254,0.14539254,0.17144378,0.2931677,0.2931677,0.2931677,0.18601069
539,0.14539254,0.14539254,0.17144378,0.2931677,0.2931677,0.2931677,0.18601069
540,0.14539254,0.14539254,0.17144378,0.2931677,0.2931677,0.2931677,0.18601069
541,0.14539254,0.14539254,0.17144378,0.2931677,0.2931677,0.2931677,0.18601069
542,0.14539254,0.14539254,0.17144378,0.2931677,0.2931677,0.2931677,0.18601069
543,0.14539254,0.14539254,0.17144378,0.2931677,0.2931677,0.2931677,0.18601069
544,0.2238308,0.2238308,0.24590002,0.18601069,0.18601069,0.18601069,0.14117394
545,0.2238308,0.2238308,0.24590002,0.18601069,0.18601069,0.18601069,0.14117394
546,0.2238308,0.2238308,0.24590002,0.18601069,0.18601069,0.18601069,0.14117394
547,0.2238308,0.2238308,0.24590002,0.18601069,0.18601069,0.18601069,0.14117394
548,0.2238308,0.2238308,0.24590002,0.18601069,0.18601069,0.18601069,0.14117394
549,0.2238308,0.2238308,0.24590002,0.18601069,0.18601069,0.18601069,0.14117394
550,0.2238308,0.2238308,0.24590002,0.18601069,0.18601069,0.18601069,0.14117394
551,0.2238308,0.2238308,0.24590002,0.18601069,0.18601069,0.18601069,0.14117394
552,0.14539254,0.14539254,0.24590002,0.18601069,0.18601069,0.18601069,0.14117394
553,0.14539254,0.14539254,0.24590002,0.18601069,0.18601069,0.18601069,0.14117394
554,0.14539254,0.14539254,0.24590002,0.18601069,0.18601069,0.18601069,0.14117394
555,0.14539254,0.14539254,0.24590002,0.18601069,0.18601069,0.18601069,0.14117394
556,0.14539254,0.14539254,0.24590002,0.18601069,0.18601069,0.18601069,0.14117394
557,0.14539254,0.14539254,0.24590002,0.18601069,0.18601069,0.18601069,0.14117394
558,0.14539254,0.14539254,0.24590002,0.18601069,0.18601069,0.18601069,0.14117394
559,0.14539254,0.14539254,0.24590002,0.18601069,0.18601069,0.18601069,0.14117394
560,0.2238308,0.2238308,0.18652663,0.14117394,0.14117394,0.14117394,0.24644245
561,0.2238308,0.2238308,0.18652663,0.14117394,0.14117394,0.14117394,0.24644245
562,0.2238308,0.2238308,0.18652663,0.14117394,0.14117394,0.14117394,0.24644245
563,0.2238308,0.2238308,0.18652663,0.14117394,0.14117394,0.14117394,0.24644245
564,0.2238308,0.2238308,0.18652663,0.14117394,0.14117394,0.14117394,0.24644245
565,0.2238308,0.2238308,0.18652663,0.14117394,0.14117394,0.14117394,0.24644245
566,0.2238308,0.2238308,0.18652663,0.14117394,0.14117394,0.14117394,0.24644245
567,0.2238308,0.2238308,0.18652663,0.14117394,0.14117394,0.14117394,0.24644245
568,0.14539254,0.14539254,0.18652663,0.14117394,0.14117394,0.14117394,0.24644245
569,0.14539254,0.14539254,0.18652663,0.14117394,0.14117394,0.14117394,0.24644245
570,0.14539254,0.14539254,0.18652663,0.14117394,0.14117394,0.14117394,0.24644245
571,0.14539254,0.14539254,0.18652663,0.14117394,0.14117394,0.14117394,0.24644245
572,0.14539254,0.14539254,0.18652663,0.14117394,0.14117394,0.14117394,0.24644245
573,0.14539254,0.14539254,0.18652663,0.14117394,0.14117394,0.14117394,0.24644245
574,0.14539254,0.14539254,0.18652663,0.14117394,0.14117394,0.14117394,0.24644245
575,0.14539254,0.14539254,0.18652663,0.14117394,0.14117394,0.14117394,0.24644245
576,0.29319534,0.29319534,0.17144378,0.2931677,0.2931677,0.18601069,0.18601069
577,0.29319534,0.29319534,0.17144378,0.2931677,0.2931677,0.18601069,0.18601069
578,0.29319534,0.29319534,0.17144378,0.2931677,0.2931677,0.18601069,0.18601069
579,0.29319534,0.29319534,0.17144378,0.2931677,0.2931677,0.18601069,0.18601069
580,0.29319534,0.29319534,0.17144378,0.2931677,0.2931677,0.18601069,0.18601069
581,0.29319534,0.29319534,0.17144378,0.2931677,0.2931677,0.18601069,0.18601069
582,0.29319534,0.29319534,0.17144378,0.2931677,0.2931677,0.18601069,0.18601069
583,0.29319534,0.29319534,0.17144378,0.2931677,0.2931677,0.18601069,0.18601069
584,0.13239332,0.13239332,0.17144378,0.2931677,0.2931677,0.2931677,0.14117394
585,0.13239332,0.13239332,0.17144378,0.2931677,0.2931677,0.2931677,0.14117394
586,0.13239332,0.13239332,0.17144378,0.2931677,0.2931677,0.2931677,0.14117394
587,0.13239332,0.13239332,0.17144378,0.2931677,0.2931677,0.2931677,0.14117394
588,0.13239332,0.13239332,0.17144378,0.2931677,0.2931677,0.2931677,0.14117394
589,0.13239332,0.13239332,0.17144378,0.2931677,0.2931677,0.2931677,0.14117394
590,0.13239332,0.13239332,0.17144378,0.2931677,0.2931677,0.2931677,0.14117394
591,0.13239332,0.13239332,0.17144378,0.2931677,0.2931677,0.2931677,0.14117394
592,0.29319534,0.29319534,0.24590002,0.14117394,0.14117394,0.24644245,0.18601069
593,0.29319534,0.29319534,0.24590002,0.14117394,0.14117394,0.24644245,0.18601069
594,0.29319534,0.29319534,0.24590002,0.14117394,0.14117394,0.24644245,0.18601069
595,0.29319534,0.29319534,0.24590002,0.14117394,0.14117394,0.24644245,0.18601069
596,0.29319534,0.29319534,0.24590002,0.14117394,0.14117394,0.24644245,0.18601069
597,0.29319534,0.29319534,0.24590002,0.14117394,0.14117394,0.24644245,0.18601069
598,0.29319534,0.29319534,0.24590002,0.14117394,0.14117394,0.24644245,0.18601069
599,0.29319534,0.29319534,0.24590002,0.14117394,0.14117394,0.24644245,0.18601069
600,0.15981114,0.15981114,0.18652663,0.24644245,0.24644245,0.24644245,0.18601069
601,0.15981114,0.15981114,0.18652663,0.24644245,0.24644245,0.24644245,0.18601069
602,0.15981114,0.15981114,0.18652663,0.24644245,0.24644245,0.24644245,0.18601069
603,0.15981114,0.15981114,0.18652663,0.24644245,0.24644245,0.24644245,0.18601069
604,0.15981114,0.15981114,0.18652663,0.24644245,0.24644245,0.24644245,0.18601069
605,0.15981114,0.15981114,0.18652663,0.24644245,0.24644245,0.24644245,0.18601069
606,0.15981114,0.15981114,0.18652663,0.24644245,0.24644245,0.24644245,0.18601069
607,0.15981114,0.15981114,0.18652663,0.24644245,0.24644245,0.24644245,0.18601069
608,0.29319534,0.29319534,0.18652663,0.2931677,0.18601069,0.14117394,0.24644245
609,0.29319534,0.29319534,0.18652663,0.2931677,0.18601069,0.14117394,0.24644245
610,0.29319534,0.29319534,0.18652663,0.2931677,0.18601069,0.14117394,0.24644245
611,0.29319534,0.29319534,0.18652663,0.2931677,0.18601069,0.14117394,0.24644245
612,0.29319534,0.29319534,0.18652663,0.2931677,0.18601069,0.14117394,0.24644245
613,0.29319534,0.29319534,0.18652663,0.2931677,0.18601069,0.14117394,0.24644245
614,0.29319534,0.29319534,0.18652663,0.2931677,0.18601069,0.14117394,0.24644245
615,0.29319534,0.29319534,0.18652663,0.2931677,0.18601069,0.14117394,0.24644245
616,0.15981114,0.15981114,0.24590002,0.14117394,0.14117394,0.24644245,0.24644245
617,0.15981114,0.15981114,0.24590002,0.14117394,0.14117394,0.24644245,0.24644245
618,0.15981114,0.15981114,0.24590002,0.14117394,0.14117394,0.24644245,0.24644245
619,0.15981114,0.15981114,0.24590002,0.14117394,0.14117394,0.24644245,0.24644245
620,0.15981114,0.15981114,0.24590002,0.14117394,0.14117394,0.24644245,0.24644245
621,0.15981114,0.15981114,0.24590002,0.14117394,0.14117394,0.24644245,0.24644245
622,0.15981114,0.15981114,0.24590002,0.14117394,0.14117394,0.24644245,0.24644245
623,0.15981114,0.15981114,0.24590002,0.14117394,0.14117394,0.24644245,0.24644245
624,0.13239332,0.13239332,0.18652663,0.2931677,0.2931677,0.2931677,0.24644245
625,0.13239332,0.13239332,0.18652663,0.2931677,0.2931677,0.2931677,0.24644245
626,0.13239332,0.13239332,0.18652663,0.2931677,0.2931677,0.2931677,0.24644245
627,0.13239332,0.13239332,0.18652663,0.2931677,0.2931677,0.2931677,0.24644245
628,0.13239332,0.13239332,0.18652663,0.2931677,0.2931677,0.2931677,0.24644245
629,0.13239332,0.13239332,0.18652663,0.2931677,0.2931677,0.2931677,0.24644245
630,0.13239332,0.13239332,0.18652663,0.2931677,0.2931677,0.2931677,0.24644245
631,0.13239332,0.13239332,0.18652663,0.2931677,0.2931677,0.2931677,0.24644245
632,0.13239332,0.13239332,0.24590002,0.18601069,0.18601069,0.24644245,0.24644245
633,0.13239332,0.13239332,0.24590002,0.18601069,0.18601069,0.24644245,0.24644245
634,0.13239332,0.13239332,0.24590002,0.18601069,0.18601069,0.24644245,0.24644245
635,0.13239332,0.13239332,0.24590002,0.18601069,0.18601069,0.24644245,0.24644245
636,0.13239332,0.13239332,0.24590002,0.18601069,0.18601069,0.24644245,0.24644245
637,0.13239332,0.13239332,0.24590002,0.18601069,0.18601069,0.24644245,0.24644245
638,0.13239332,0.13239332,0.24590002,0.18601069,0.18601069,0.24644245,0.24644245
639,0.13239332,0.13239332,0.24590002,0.18601069,0.18601069,0.24644245,0.24644245
