,diffusion_Element_1,diffusion_Element_2,diffusion_Element_3,diffusion_Element_4,diffusion_Element_5,diffusion_Element_6,diffusion_Element_7,diffusion_ion
0,0.5222907,0.5222907,0.25366628,0.14186914,0.14186914,0.14186914,0.14186914,0.5222907
1,0.5222907,0.5222907,0.25366628,0.14186914,0.14186914,0.14186914,0.14186914,0.23828638
2,0.5222907,0.5222907,0.25366628,0.14186914,0.14186914,0.14186914,0.14186914,0.31009158
3,0.5222907,0.5222907,0.25366628,0.14186914,0.14186914,0.14186914,0.14186914,0.4540708
4,0.5222907,0.5222907,0.25366628,0.14186914,0.14186914,0.14186914,0.14186914,0.20679352
5,0.5222907,0.5222907,0.25366628,0.14186914,0.14186914,0.14186914,0.14186914,0.29773435
6,0.5222907,0.5222907,0.25366628,0.14186914,0.14186914,0.14186914,0.14186914,0.23338759
7,0.5222907,0.5222907,0.25366628,0.14186914,0.14186914,0.14186914,0.14186914,0.14186914
8,0.4540708,0.4540708,0.25366628,0.14186914,0.14186914,0.14186914,0.14186914,0.5222907
9,0.4540708,0.4540708,0.25366628,0.14186914,0.14186914,0.14186914,0.14186914,0.23828638
10,0.4540708,0.4540708,0.25366628,0.14186914,0.14186914,0.14186914,0.14186914,0.31009158
11,0.4540708,0.4540708,0.25366628,0.14186914,0.14186914,0.14186914,0.14186914,0.4540708
12,0.4540708,0.4540708,0.25366628,0.14186914,0.14186914,0.14186914,0.14186914,0.20679352
13,0.4540708,0.4540708,0.25366628,0.14186914,0.14186914,0.14186914,0.14186914,0.29773435
14,0.4540708,0.4540708,0.25366628,0.14186914,0.14186914,0.14186914,0.14186914,0.23338759
15,0.4540708,0.4540708,0.25366628,0.14186914,0.14186914,0.14186914,0.14186914,0.14186914
16,0.31009158,0.31009158,0.25366628,0.14186914,0.14186914,0.14186914,0.14186914,0.5222907
17,0.31009158,0.31009158,0.25366628,0.14186914,0.14186914,0.14186914,0.14186914,0.23828638
18,0.31009158,0.31009158,0.25366628,0.14186914,0.14186914,0.14186914,0.14186914,0.31009158
19,0.31009158,0.31009158,0.25366628,0.14186914,0.14186914,0.14186914,0.14186914,0.4540708
20,0.31009158,0.31009158,0.25366628,0.14186914,0.14186914,0.14186914,0.14186914,0.20679352
21,0.31009158,0.31009158,0.25366628,0.14186914,0.14186914,0.14186914,0.14186914,0.29773435
22,0.31009158,0.31009158,0.25366628,0.14186914,0.14186914,0.14186914,0.14186914,0.23338759
23,0.31009158,0.31009158,0.25366628,0.14186914,0.14186914,0.14186914,0.14186914,0.14186914
24,0.4022397,0.4022397,0.25366628,0.14186914,0.14186914,0.14186914,0.14186914,0.5222907
25,0.4022397,0.4022397,0.25366628,0.14186914,0.14186914,0.14186914,0.14186914,0.23828638
26,0.4022397,0.4022397,0.25366628,0.14186914,0.14186914,0.14186914,0.14186914,0.31009158
27,0.4022397,0.4022397,0.25366628,0.14186914,0.14186914,0.14186914,0.14186914,0.4540708
28,0.4022397,0.4022397,0.25366628,0.14186914,0.14186914,0.14186914,0.14186914,0.20679352
29,0.4022397,0.4022397,0.25366628,0.14186914,0.14186914,0.14186914,0.14186914,0.29773435
30,0.4022397,0.4022397,0.25366628,0.14186914,0.14186914,0.14186914,0.14186914,0.23338759
31,0.4022397,0.4022397,0.25366628,0.14186914,0.14186914,0.14186914,0.14186914,0.14186914
32,0.31287086,0.31287086,0.25366628,0.14186914,0.14186914,0.14186914,0.14186914,0.5222907
33,0.31287086,0.31287086,0.25366628,0.14186914,0.14186914,0.14186914,0.14186914,0.23828638
34,0.31287086,0.31287086,0.25366628,0.14186914,0.14186914,0.14186914,0.14186914,0.31009158
35,0.31287086,0.31287086,0.25366628,0.14186914,0.14186914,0.14186914,0.14186914,0.4540708
36,0.31287086,0.31287086,0.25366628,0.14186914,0.14186914,0.14186914,0.14186914,0.20679352
37,0.31287086,0.31287086,0.25366628,0.14186914,0.14186914,0.14186914,0.14186914,0.29773435
38,0.31287086,0.31287086,0.25366628,0.14186914,0.14186914,0.14186914,0.14186914,0.23338759
39,0.31287086,0.31287086,0.25366628,0.14186914,0.14186914,0.14186914,0.14186914,0.14186914
40,0.5222907,0.5222907,0.3068452,0.14186914,0.14186914,0.14186914,0.14186914,0.5222907
41,0.5222907,0.5222907,0.3068452,0.14186914,0.14186914,0.14186914,0.14186914,0.23828638
42,0.5222907,0.5222907,0.3068452,0.14186914,0.14186914,0.14186914,0.14186914,0.31009158
43,0.5222907,0.5222907,0.3068452,0.14186914,0.14186914,0.14186914,0.14186914,0.4540708
44,0.5222907,0.5222907,0.3068452,0.14186914,0.14186914,0.14186914,0.14186914,0.20679352
45,0.5222907,0.5222907,0.3068452,0.14186914,0.14186914,0.14186914,0.14186914,0.29773435
46,0.5222907,0.5222907,0.3068452,0.14186914,0.14186914,0.14186914,0.14186914,0.23338759
47,0.5222907,0.5222907,0.3068452,0.14186914,0.14186914,0.14186914,0.14186914,0.14186914
48,0.4540708,0.4540708,0.3068452,0.14186914,0.14186914,0.14186914,0.14186914,0.5222907
49,0.4540708,0.4540708,0.3068452,0.14186914,0.14186914,0.14186914,0.14186914,0.23828638
50,0.4540708,0.4540708,0.3068452,0.14186914,0.14186914,0.14186914,0.14186914,0.31009158
51,0.4540708,0.4540708,0.3068452,0.14186914,0.14186914,0.14186914,0.14186914,0.4540708
52,0.4540708,0.4540708,0.3068452,0.14186914,0.14186914,0.14186914,0.14186914,0.20679352
53,0.4540708,0.4540708,0.3068452,0.14186914,0.14186914,0.14186914,0.14186914,0.29773435
54,0.4540708,0.4540708,0.3068452,0.14186914,0.14186914,0.14186914,0.14186914,0.23338759
55,0.4540708,0.4540708,0.3068452,0.14186914,0.14186914,0.14186914,0.14186914,0.14186914
56,0.31009158,0.31009158,0.3068452,0.14186914,0.14186914,0.14186914,0.14186914,0.5222907
57,0.31009158,0.31009158,0.3068452,0.14186914,0.14186914,0.14186914,0.14186914,0.23828638
58,0.31009158,0.31009158,0.3068452,0.14186914,0.14186914,0.14186914,0.14186914,0.31009158
59,0.31009158,0.31009158,0.3068452,0.14186914,0.14186914,0.14186914,0.14186914,0.4540708
60,0.31009158,0.31009158,0.3068452,0.14186914,0.14186914,0.14186914,0.14186914,0.20679352
61,0.31009158,0.31009158,0.3068452,0.14186914,0.14186914,0.14186914,0.14186914,0.29773435
62,0.31009158,0.31009158,0.3068452,0.14186914,0.14186914,0.14186914,0.14186914,0.23338759
63,0.31009158,0.31009158,0.3068452,0.14186914,0.14186914,0.14186914,0.14186914,0.14186914
64,0.4022397,0.4022397,0.3068452,0.14186914,0.14186914,0.14186914,0.14186914,0.5222907
65,0.4022397,0.4022397,0.3068452,0.14186914,0.14186914,0.14186914,0.14186914,0.23828638
66,0.4022397,0.4022397,0.3068452,0.14186914,0.14186914,0.14186914,0.14186914,0.31009158
67,0.4022397,0.4022397,0.3068452,0.14186914,0.14186914,0.14186914,0.14186914,0.4540708
68,0.4022397,0.4022397,0.3068452,0.14186914,0.14186914,0.14186914,0.14186914,0.20679352
69,0.4022397,0.4022397,0.3068452,0.14186914,0.14186914,0.14186914,0.14186914,0.29773435
70,0.4022397,0.4022397,0.3068452,0.14186914,0.14186914,0.14186914,0.14186914,0.23338759
71,0.4022397,0.4022397,0.3068452,0.14186914,0.14186914,0.14186914,0.14186914,0.14186914
72,0.31287086,0.31287086,0.3068452,0.14186914,0.14186914,0.14186914,0.14186914,0.5222907
73,0.31287086,0.31287086,0.3068452,0.14186914,0.14186914,0.14186914,0.14186914,0.23828638
74,0.31287086,0.31287086,0.3068452,0.14186914,0.14186914,0.14186914,0.14186914,0.31009158
75,0.31287086,0.31287086,0.3068452,0.14186914,0.14186914,0.14186914,0.14186914,0.4540708
76,0.31287086,0.31287086,0.3068452,0.14186914,0.14186914,0.14186914,0.14186914,0.20679352
77,0.31287086,0.31287086,0.3068452,0.14186914,0.14186914,0.14186914,0.14186914,0.29773435
78,0.31287086,0.31287086,0.3068452,0.14186914,0.14186914,0.14186914,0.14186914,0.23338759
79,0.31287086,0.31287086,0.3068452,0.14186914,0.14186914,0.14186914,0.14186914,0.14186914
80,0.5222907,0.5222907,0.24760215,0.14186914,0.14186914,0.14186914,0.14186914,0.5222907
81,0.5222907,0.5222907,0.24760215,0.14186914,0.14186914,0.14186914,0.14186914,0.23828638
82,0.5222907,0.5222907,0.24760215,0.14186914,0.14186914,0.14186914,0.14186914,0.31009158
83,0.5222907,0.5222907,0.24760215,0.14186914,0.14186914,0.14186914,0.14186914,0.4540708
84,0.5222907,0.5222907,0.24760215,0.14186914,0.14186914,0.14186914,0.14186914,0.20679352
85,0.5222907,0.5222907,0.24760215,0.14186914,0.14186914,0.14186914,0.14186914,0.29773435
86,0.5222907,0.5222907,0.24760215,0.14186914,0.14186914,0.14186914,0.14186914,0.23338759
87,0.5222907,0.5222907,0.24760215,0.14186914,0.14186914,0.14186914,0.14186914,0.14186914
88,0.4540708,0.4540708,0.24760215,0.14186914,0.14186914,0.14186914,0.14186914,0.5222907
89,0.4540708,0.4540708,0.24760215,0.14186914,0.14186914,0.14186914,0.14186914,0.23828638
90,0.4540708,0.4540708,0.24760215,0.14186914,0.14186914,0.14186914,0.14186914,0.31009158
91,0.4540708,0.4540708,0.24760215,0.14186914,0.14186914,0.14186914,0.14186914,0.4540708
92,0.4540708,0.4540708,0.24760215,0.14186914,0.14186914,0.14186914,0.14186914,0.20679352
93,0.4540708,0.4540708,0.24760215,0.14186914,0.14186914,0.14186914,0.14186914,0.29773435
94,0.4540708,0.4540708,0.24760215,0.14186914,0.14186914,0.14186914,0.14186914,0.23338759
95,0.4540708,0.4540708,0.24760215,0.14186914,0.14186914,0.14186914,0.14186914,0.14186914
96,0.31009158,0.31009158,0.24760215,0.14186914,0.14186914,0.14186914,0.14186914,0.5222907
97,0.31009158,0.31009158,0.24760215,0.14186914,0.14186914,0.14186914,0.14186914,0.23828638
98,0.31009158,0.31009158,0.24760215,0.14186914,0.14186914,0.14186914,0.14186914,0.31009158
99,0.31009158,0.31009158,0.24760215,0.14186914,0.14186914,0.14186914,0.14186914,0.4540708
100,0.31009158,0.31009158,0.24760215,0.14186914,0.14186914,0.14186914,0.14186914,0.20679352
101,0.31009158,0.31009158,0.24760215,0.14186914,0.14186914,0.14186914,0.14186914,0.29773435
102,0.31009158,0.31009158,0.24760215,0.14186914,0.14186914,0.14186914,0.14186914,0.23338759
103,0.31009158,0.31009158,0.24760215,0.14186914,0.14186914,0.14186914,0.14186914,0.14186914
104,0.4022397,0.4022397,0.24760215,0.14186914,0.14186914,0.14186914,0.14186914,0.5222907
105,0.4022397,0.4022397,0.24760215,0.14186914,0.14186914,0.14186914,0.14186914,0.23828638
106,0.4022397,0.4022397,0.24760215,0.14186914,0.14186914,0.14186914,0.14186914,0.31009158
107,0.4022397,0.4022397,0.24760215,0.14186914,0.14186914,0.14186914,0.14186914,0.4540708
108,0.4022397,0.4022397,0.24760215,0.14186914,0.14186914,0.14186914,0.14186914,0.20679352
109,0.4022397,0.4022397,0.24760215,0.14186914,0.14186914,0.14186914,0.14186914,0.29773435
110,0.4022397,0.4022397,0.24760215,0.14186914,0.14186914,0.14186914,0.14186914,0.23338759
111,0.4022397,0.4022397,0.24760215,0.14186914,0.14186914,0.14186914,0.14186914,0.14186914
112,0.31287086,0.31287086,0.24760215,0.14186914,0.14186914,0.14186914,0.14186914,0.5222907
113,0.31287086,0.31287086,0.24760215,0.14186914,0.14186914,0.14186914,0.14186914,0.23828638
114,0.31287086,0.31287086,0.24760215,0.14186914,0.14186914,0.14186914,0.14186914,0.31009158
115,0.31287086,0.31287086,0.24760215,0.14186914,0.14186914,0.14186914,0.14186914,0.4540708
116,0.31287086,0.31287086,0.24760215,0.14186914,0.14186914,0.14186914,0.14186914,0.20679352
117,0.31287086,0.31287086,0.24760215,0.14186914,0.14186914,0.14186914,0.14186914,0.29773435
118,0.31287086,0.31287086,0.24760215,0.14186914,0.14186914,0.14186914,0.14186914,0.23338759
119,0.31287086,0.31287086,0.24760215,0.14186914,0.14186914,0.14186914,0.14186914,0.14186914
120,0.5222907,0.5222907,0.25366628,0.33608958,0.33608958,0.33608958,0.33608958,0.5222907
121,0.5222907,0.5222907,0.25366628,0.33608958,0.33608958,0.33608958,0.33608958,0.23828638
122,0.5222907,0.5222907,0.25366628,0.33608958,0.33608958,0.33608958,0.33608958,0.31009158
123,0.5222907,0.5222907,0.25366628,0.33608958,0.33608958,0.33608958,0.33608958,0.4540708
124,0.5222907,0.5222907,0.25366628,0.33608958,0.33608958,0.33608958,0.33608958,0.20679352
125,0.5222907,0.5222907,0.25366628,0.33608958,0.33608958,0.33608958,0.33608958,0.29773435
126,0.5222907,0.5222907,0.25366628,0.33608958,0.33608958,0.33608958,0.33608958,0.23338759
127,0.5222907,0.5222907,0.25366628,0.33608958,0.33608958,0.33608958,0.33608958,0.14186914
128,0.4540708,0.4540708,0.25366628,0.33608958,0.33608958,0.33608958,0.33608958,0.5222907
129,0.4540708,0.4540708,0.25366628,0.33608958,0.33608958,0.33608958,0.33608958,0.23828638
130,0.4540708,0.4540708,0.25366628,0.33608958,0.33608958,0.33608958,0.33608958,0.31009158
131,0.4540708,0.4540708,0.25366628,0.33608958,0.33608958,0.33608958,0.33608958,0.4540708
132,0.4540708,0.4540708,0.25366628,0.33608958,0.33608958,0.33608958,0.33608958,0.20679352
133,0.4540708,0.4540708,0.25366628,0.33608958,0.33608958,0.33608958,0.33608958,0.29773435
134,0.4540708,0.4540708,0.25366628,0.33608958,0.33608958,0.33608958,0.33608958,0.23338759
135,0.4540708,0.4540708,0.25366628,0.33608958,0.33608958,0.33608958,0.33608958,0.14186914
136,0.31009158,0.31009158,0.25366628,0.33608958,0.33608958,0.33608958,0.33608958,0.5222907
137,0.31009158,0.31009158,0.25366628,0.33608958,0.33608958,0.33608958,0.33608958,0.23828638
138,0.31009158,0.31009158,0.25366628,0.33608958,0.33608958,0.33608958,0.33608958,0.31009158
139,0.31009158,0.31009158,0.25366628,0.33608958,0.33608958,0.33608958,0.33608958,0.4540708
140,0.31009158,0.31009158,0.25366628,0.33608958,0.33608958,0.33608958,0.33608958,0.20679352
141,0.31009158,0.31009158,0.25366628,0.33608958,0.33608958,0.33608958,0.33608958,0.29773435
142,0.31009158,0.31009158,0.25366628,0.33608958,0.33608958,0.33608958,0.33608958,0.23338759
143,0.31009158,0.31009158,0.25366628,0.33608958,0.33608958,0.33608958,0.33608958,0.14186914
144,0.4022397,0.4022397,0.25366628,0.33608958,0.33608958,0.33608958,0.33608958,0.5222907
145,0.4022397,0.4022397,0.25366628,0.33608958,0.33608958,0.33608958,0.33608958,0.23828638
146,0.4022397,0.4022397,0.25366628,0.33608958,0.33608958,0.33608958,0.33608958,0.31009158
147,0.4022397,0.4022397,0.25366628,0.33608958,0.33608958,0.33608958,0.33608958,0.4540708
148,0.4022397,0.4022397,0.25366628,0.33608958,0.33608958,0.33608958,0.33608958,0.20679352
149,0.4022397,0.4022397,0.25366628,0.33608958,0.33608958,0.33608958,0.33608958,0.29773435
150,0.4022397,0.4022397,0.25366628,0.33608958,0.33608958,0.33608958,0.33608958,0.23338759
151,0.4022397,0.4022397,0.25366628,0.33608958,0.33608958,0.33608958,0.33608958,0.14186914
152,0.31287086,0.31287086,0.25366628,0.33608958,0.33608958,0.33608958,0.33608958,0.5222907
153,0.31287086,0.31287086,0.25366628,0.33608958,0.33608958,0.33608958,0.33608958,0.23828638
154,0.31287086,0.31287086,0.25366628,0.33608958,0.33608958,0.33608958,0.33608958,0.31009158
155,0.31287086,0.31287086,0.25366628,0.33608958,0.33608958,0.33608958,0.33608958,0.4540708
156,0.31287086,0.31287086,0.25366628,0.33608958,0.33608958,0.33608958,0.33608958,0.20679352
157,0.31287086,0.31287086,0.25366628,0.33608958,0.33608958,0.33608958,0.33608958,0.29773435
158,0.31287086,0.31287086,0.25366628,0.33608958,0.33608958,0.33608958,0.33608958,0.23338759
159,0.31287086,0.31287086,0.25366628,0.33608958,0.33608958,0.33608958,0.33608958,0.14186914
160,0.5222907,0.5222907,0.3068452,0.33608958,0.33608958,0.33608958,0.33608958,0.5222907
161,0.5222907,0.5222907,0.3068452,0.33608958,0.33608958,0.33608958,0.33608958,0.23828638
162,0.5222907,0.5222907,0.3068452,0.33608958,0.33608958,0.33608958,0.33608958,0.31009158
163,0.5222907,0.5222907,0.3068452,0.33608958,0.33608958,0.33608958,0.33608958,0.4540708
164,0.5222907,0.5222907,0.3068452,0.33608958,0.33608958,0.33608958,0.33608958,0.20679352
165,0.5222907,0.5222907,0.3068452,0.33608958,0.33608958,0.33608958,0.33608958,0.29773435
166,0.5222907,0.5222907,0.3068452,0.33608958,0.33608958,0.33608958,0.33608958,0.23338759
167,0.5222907,0.5222907,0.3068452,0.33608958,0.33608958,0.33608958,0.33608958,0.14186914
168,0.4540708,0.4540708,0.3068452,0.33608958,0.33608958,0.33608958,0.33608958,0.5222907
169,0.4540708,0.4540708,0.3068452,0.33608958,0.33608958,0.33608958,0.33608958,0.23828638
170,0.4540708,0.4540708,0.3068452,0.33608958,0.33608958,0.33608958,0.33608958,0.31009158
171,0.4540708,0.4540708,0.3068452,0.33608958,0.33608958,0.33608958,0.33608958,0.4540708
172,0.4540708,0.4540708,0.3068452,0.33608958,0.33608958,0.33608958,0.33608958,0.20679352
173,0.4540708,0.4540708,0.3068452,0.33608958,0.33608958,0.33608958,0.33608958,0.29773435
174,0.4540708,0.4540708,0.3068452,0.33608958,0.33608958,0.33608958,0.33608958,0.23338759
175,0.4540708,0.4540708,0.3068452,0.33608958,0.33608958,0.33608958,0.33608958,0.14186914
176,0.31009158,0.31009158,0.3068452,0.33608958,0.33608958,0.33608958,0.33608958,0.5222907
177,0.31009158,0.31009158,0.3068452,0.33608958,0.33608958,0.33608958,0.33608958,0.23828638
178,0.31009158,0.31009158,0.3068452,0.33608958,0.33608958,0.33608958,0.33608958,0.31009158
179,0.31009158,0.31009158,0.3068452,0.33608958,0.33608958,0.33608958,0.33608958,0.4540708
180,0.31009158,0.31009158,0.3068452,0.33608958,0.33608958,0.33608958,0.33608958,0.20679352
181,0.31009158,0.31009158,0.3068452,0.33608958,0.33608958,0.33608958,0.33608958,0.29773435
182,0.31009158,0.31009158,0.3068452,0.33608958,0.33608958,0.33608958,0.33608958,0.23338759
183,0.31009158,0.31009158,0.3068452,0.33608958,0.33608958,0.33608958,0.33608958,0.14186914
184,0.4022397,0.4022397,0.3068452,0.33608958,0.33608958,0.33608958,0.33608958,0.5222907
185,0.4022397,0.4022397,0.3068452,0.33608958,0.33608958,0.33608958,0.33608958,0.23828638
186,0.4022397,0.4022397,0.3068452,0.33608958,0.33608958,0.33608958,0.33608958,0.31009158
187,0.4022397,0.4022397,0.3068452,0.33608958,0.33608958,0.33608958,0.33608958,0.4540708
188,0.4022397,0.4022397,0.3068452,0.33608958,0.33608958,0.33608958,0.33608958,0.20679352
189,0.4022397,0.4022397,0.3068452,0.33608958,0.33608958,0.33608958,0.33608958,0.29773435
190,0.4022397,0.4022397,0.3068452,0.33608958,0.33608958,0.33608958,0.33608958,0.23338759
191,0.4022397,0.4022397,0.3068452,0.33608958,0.33608958,0.33608958,0.33608958,0.14186914
192,0.31287086,0.31287086,0.3068452,0.33608958,0.33608958,0.33608958,0.33608958,0.5222907
193,0.31287086,0.31287086,0.3068452,0.33608958,0.33608958,0.33608958,0.33608958,0.23828638
194,0.31287086,0.31287086,0.3068452,0.33608958,0.33608958,0.33608958,0.33608958,0.31009158
195,0.31287086,0.31287086,0.3068452,0.33608958,0.33608958,0.33608958,0.33608958,0.4540708
196,0.31287086,0.31287086,0.3068452,0.33608958,0.33608958,0.33608958,0.33608958,0.20679352
197,0.31287086,0.31287086,0.3068452,0.33608958,0.33608958,0.33608958,0.33608958,0.29773435
198,0.31287086,0.31287086,0.3068452,0.33608958,0.33608958,0.33608958,0.33608958,0.23338759
199,0.31287086,0.31287086,0.3068452,0.33608958,0.33608958,0.33608958,0.33608958,0.14186914
200,0.5222907,0.5222907,0.24760215,0.33608958,0.33608958,0.33608958,0.33608958,0.5222907
201,0.5222907,0.5222907,0.24760215,0.33608958,0.33608958,0.33608958,0.33608958,0.23828638
202,0.5222907,0.5222907,0.24760215,0.33608958,0.33608958,0.33608958,0.33608958,0.31009158
203,0.5222907,0.5222907,0.24760215,0.33608958,0.33608958,0.33608958,0.33608958,0.4540708
204,0.5222907,0.5222907,0.24760215,0.33608958,0.33608958,0.33608958,0.33608958,0.20679352
205,0.5222907,0.5222907,0.24760215,0.33608958,0.33608958,0.33608958,0.33608958,0.29773435
206,0.5222907,0.5222907,0.24760215,0.33608958,0.33608958,0.33608958,0.33608958,0.23338759
207,0.5222907,0.5222907,0.24760215,0.33608958,0.33608958,0.33608958,0.33608958,0.14186914
208,0.4540708,0.4540708,0.24760215,0.33608958,0.33608958,0.33608958,0.33608958,0.5222907
209,0.4540708,0.4540708,0.24760215,0.33608958,0.33608958,0.33608958,0.33608958,0.23828638
210,0.4540708,0.4540708,0.24760215,0.33608958,0.33608958,0.33608958,0.33608958,0.31009158
211,0.4540708,0.4540708,0.24760215,0.33608958,0.33608958,0.33608958,0.33608958,0.4540708
212,0.4540708,0.4540708,0.24760215,0.33608958,0.33608958,0.33608958,0.33608958,0.20679352
213,0.4540708,0.4540708,0.24760215,0.33608958,0.33608958,0.33608958,0.33608958,0.29773435
214,0.4540708,0.4540708,0.24760215,0.33608958,0.33608958,0.33608958,0.33608958,0.23338759
215,0.4540708,0.4540708,0.24760215,0.33608958,0.33608958,0.33608958,0.33608958,0.14186914
216,0.31009158,0.31009158,0.24760215,0.33608958,0.33608958,0.33608958,0.33608958,0.5222907
217,0.31009158,0.31009158,0.24760215,0.33608958,0.33608958,0.33608958,0.33608958,0.23828638
218,0.31009158,0.31009158,0.24760215,0.33608958,0.33608958,0.33608958,0.33608958,0.31009158
219,0.31009158,0.31009158,0.24760215,0.33608958,0.33608958,0.33608958,0.33608958,0.4540708
220,0.31009158,0.31009158,0.24760215,0.33608958,0.33608958,0.33608958,0.33608958,0.20679352
221,0.31009158,0.31009158,0.24760215,0.33608958,0.33608958,0.33608958,0.33608958,0.29773435
222,0.31009158,0.31009158,0.24760215,0.33608958,0.33608958,0.33608958,0.33608958,0.23338759
223,0.31009158,0.31009158,0.24760215,0.33608958,0.33608958,0.33608958,0.33608958,0.14186914
224,0.4022397,0.4022397,0.24760215,0.33608958,0.33608958,0.33608958,0.33608958,0.5222907
225,0.4022397,0.4022397,0.24760215,0.33608958,0.33608958,0.33608958,0.33608958,0.23828638
226,0.4022397,0.4022397,0.24760215,0.33608958,0.33608958,0.33608958,0.33608958,0.31009158
227,0.4022397,0.4022397,0.24760215,0.33608958,0.33608958,0.33608958,0.33608958,0.4540708
228,0.4022397,0.4022397,0.24760215,0.33608958,0.33608958,0.33608958,0.33608958,0.20679352
229,0.4022397,0.4022397,0.24760215,0.33608958,0.33608958,0.33608958,0.33608958,0.29773435
230,0.4022397,0.4022397,0.24760215,0.33608958,0.33608958,0.33608958,0.33608958,0.23338759
231,0.4022397,0.4022397,0.24760215,0.33608958,0.33608958,0.33608958,0.33608958,0.14186914
232,0.31287086,0.31287086,0.24760215,0.33608958,0.33608958,0.33608958,0.33608958,0.5222907
233,0.31287086,0.31287086,0.24760215,0.33608958,0.33608958,0.33608958,0.33608958,0.23828638
234,0.31287086,0.31287086,0.24760215,0.33608958,0.33608958,0.33608958,0.33608958,0.31009158
235,0.31287086,0.31287086,0.24760215,0.33608958,0.33608958,0.33608958,0.33608958,0.4540708
236,0.31287086,0.31287086,0.24760215,0.33608958,0.33608958,0.33608958,0.33608958,0.20679352
237,0.31287086,0.31287086,0.24760215,0.33608958,0.33608958,0.33608958,0.33608958,0.29773435
238,0.31287086,0.31287086,0.24760215,0.33608958,0.33608958,0.33608958,0.33608958,0.23338759
239,0.31287086,0.31287086,0.24760215,0.33608958,0.33608958,0.33608958,0.33608958,0.14186914
240,0.5222907,0.5222907,0.25366628,0.3342385,0.3342385,0.3342385,0.3342385,0.5222907
241,0.5222907,0.5222907,0.25366628,0.3342385,0.3342385,0.3342385,0.3342385,0.23828638
242,0.5222907,0.5222907,0.25366628,0.3342385,0.3342385,0.3342385,0.3342385,0.31009158
243,0.5222907,0.5222907,0.25366628,0.3342385,0.3342385,0.3342385,0.3342385,0.4540708
244,0.5222907,0.5222907,0.25366628,0.3342385,0.3342385,0.3342385,0.3342385,0.20679352
245,0.5222907,0.5222907,0.25366628,0.3342385,0.3342385,0.3342385,0.3342385,0.29773435
246,0.5222907,0.5222907,0.25366628,0.3342385,0.3342385,0.3342385,0.3342385,0.23338759
247,0.5222907,0.5222907,0.25366628,0.3342385,0.3342385,0.3342385,0.3342385,0.14186914
248,0.4540708,0.4540708,0.25366628,0.3342385,0.3342385,0.3342385,0.3342385,0.5222907
249,0.4540708,0.4540708,0.25366628,0.3342385,0.3342385,0.3342385,0.3342385,0.23828638
250,0.4540708,0.4540708,0.25366628,0.3342385,0.3342385,0.3342385,0.3342385,0.31009158
251,0.4540708,0.4540708,0.25366628,0.3342385,0.3342385,0.3342385,0.3342385,0.4540708
252,0.4540708,0.4540708,0.25366628,0.3342385,0.3342385,0.3342385,0.3342385,0.20679352
253,0.4540708,0.4540708,0.25366628,0.3342385,0.3342385,0.3342385,0.3342385,0.29773435
254,0.4540708,0.4540708,0.25366628,0.3342385,0.3342385,0.3342385,0.3342385,0.23338759
255,0.4540708,0.4540708,0.25366628,0.3342385,0.3342385,0.3342385,0.3342385,0.14186914
256,0.31009158,0.31009158,0.25366628,0.3342385,0.3342385,0.3342385,0.3342385,0.5222907
257,0.31009158,0.31009158,0.25366628,0.3342385,0.3342385,0.3342385,0.3342385,0.23828638
258,0.31009158,0.31009158,0.25366628,0.3342385,0.3342385,0.3342385,0.3342385,0.31009158
259,0.31009158,0.31009158,0.25366628,0.3342385,0.3342385,0.3342385,0.3342385,0.4540708
260,0.31009158,0.31009158,0.25366628,0.3342385,0.3342385,0.3342385,0.3342385,0.20679352
261,0.31009158,0.31009158,0.25366628,0.3342385,0.3342385,0.3342385,0.3342385,0.29773435
262,0.31009158,0.31009158,0.25366628,0.3342385,0.3342385,0.3342385,0.3342385,0.23338759
263,0.31009158,0.31009158,0.25366628,0.3342385,0.3342385,0.3342385,0.3342385,0.14186914
264,0.4022397,0.4022397,0.25366628,0.3342385,0.3342385,0.3342385,0.3342385,0.5222907
265,0.4022397,0.4022397,0.25366628,0.3342385,0.3342385,0.3342385,0.3342385,0.23828638
266,0.4022397,0.4022397,0.25366628,0.3342385,0.3342385,0.3342385,0.3342385,0.31009158
267,0.4022397,0.4022397,0.25366628,0.3342385,0.3342385,0.3342385,0.3342385,0.4540708
268,0.4022397,0.4022397,0.25366628,0.3342385,0.3342385,0.3342385,0.3342385,0.20679352
269,0.4022397,0.4022397,0.25366628,0.3342385,0.3342385,0.3342385,0.3342385,0.29773435
270,0.4022397,0.4022397,0.25366628,0.3342385,0.3342385,0.3342385,0.3342385,0.23338759
271,0.4022397,0.4022397,0.25366628,0.3342385,0.3342385,0.3342385,0.3342385,0.14186914
272,0.31287086,0.31287086,0.25366628,0.3342385,0.3342385,0.3342385,0.3342385,0.5222907
273,0.31287086,0.31287086,0.25366628,0.3342385,0.3342385,0.3342385,0.3342385,0.23828638
274,0.31287086,0.31287086,0.25366628,0.3342385,0.3342385,0.3342385,0.3342385,0.31009158
275,0.31287086,0.31287086,0.25366628,0.3342385,0.3342385,0.3342385,0.3342385,0.4540708
276,0.31287086,0.31287086,0.25366628,0.3342385,0.3342385,0.3342385,0.3342385,0.20679352
277,0.31287086,0.31287086,0.25366628,0.3342385,0.3342385,0.3342385,0.3342385,0.29773435
278,0.31287086,0.31287086,0.25366628,0.3342385,0.3342385,0.3342385,0.3342385,0.23338759
279,0.31287086,0.31287086,0.25366628,0.3342385,0.3342385,0.3342385,0.3342385,0.14186914
280,0.5222907,0.5222907,0.3068452,0.3342385,0.3342385,0.3342385,0.3342385,0.5222907
281,0.5222907,0.5222907,0.3068452,0.3342385,0.3342385,0.3342385,0.3342385,0.23828638
282,0.5222907,0.5222907,0.3068452,0.3342385,0.3342385,0.3342385,0.3342385,0.31009158
283,0.5222907,0.5222907,0.3068452,0.3342385,0.3342385,0.3342385,0.3342385,0.4540708
284,0.5222907,0.5222907,0.3068452,0.3342385,0.3342385,0.3342385,0.3342385,0.20679352
285,0.5222907,0.5222907,0.3068452,0.3342385,0.3342385,0.3342385,0.3342385,0.29773435
286,0.5222907,0.5222907,0.3068452,0.3342385,0.3342385,0.3342385,0.3342385,0.23338759
287,0.5222907,0.5222907,0.3068452,0.3342385,0.3342385,0.3342385,0.3342385,0.14186914
288,0.4540708,0.4540708,0.3068452,0.3342385,0.3342385,0.3342385,0.3342385,0.5222907
289,0.4540708,0.4540708,0.3068452,0.3342385,0.3342385,0.3342385,0.3342385,0.23828638
290,0.4540708,0.4540708,0.3068452,0.3342385,0.3342385,0.3342385,0.3342385,0.31009158
291,0.4540708,0.4540708,0.3068452,0.3342385,0.3342385,0.3342385,0.3342385,0.4540708
292,0.4540708,0.4540708,0.3068452,0.3342385,0.3342385,0.3342385,0.3342385,0.20679352
293,0.4540708,0.4540708,0.3068452,0.3342385,0.3342385,0.3342385,0.3342385,0.29773435
294,0.4540708,0.4540708,0.3068452,0.3342385,0.3342385,0.3342385,0.3342385,0.23338759
295,0.4540708,0.4540708,0.3068452,0.3342385,0.3342385,0.3342385,0.3342385,0.14186914
296,0.31009158,0.31009158,0.3068452,0.3342385,0.3342385,0.3342385,0.3342385,0.5222907
297,0.31009158,0.31009158,0.3068452,0.3342385,0.3342385,0.3342385,0.3342385,0.23828638
298,0.31009158,0.31009158,0.3068452,0.3342385,0.3342385,0.3342385,0.3342385,0.31009158
299,0.31009158,0.31009158,0.3068452,0.3342385,0.3342385,0.3342385,0.3342385,0.4540708
300,0.31009158,0.31009158,0.3068452,0.3342385,0.3342385,0.3342385,0.3342385,0.20679352
301,0.31009158,0.31009158,0.3068452,0.3342385,0.3342385,0.3342385,0.3342385,0.29773435
302,0.31009158,0.31009158,0.3068452,0.3342385,0.3342385,0.3342385,0.3342385,0.23338759
303,0.31009158,0.31009158,0.3068452,0.3342385,0.3342385,0.3342385,0.3342385,0.14186914
304,0.4022397,0.4022397,0.3068452,0.3342385,0.3342385,0.3342385,0.3342385,0.5222907
305,0.4022397,0.4022397,0.3068452,0.3342385,0.3342385,0.3342385,0.3342385,0.23828638
306,0.4022397,0.4022397,0.3068452,0.3342385,0.3342385,0.3342385,0.3342385,0.31009158
307,0.4022397,0.4022397,0.3068452,0.3342385,0.3342385,0.3342385,0.3342385,0.4540708
308,0.4022397,0.4022397,0.3068452,0.3342385,0.3342385,0.3342385,0.3342385,0.20679352
309,0.4022397,0.4022397,0.3068452,0.3342385,0.3342385,0.3342385,0.3342385,0.29773435
310,0.4022397,0.4022397,0.3068452,0.3342385,0.3342385,0.3342385,0.3342385,0.23338759
311,0.4022397,0.4022397,0.3068452,0.3342385,0.3342385,0.3342385,0.3342385,0.14186914
312,0.31287086,0.31287086,0.3068452,0.3342385,0.3342385,0.3342385,0.3342385,0.5222907
313,0.31287086,0.31287086,0.3068452,0.3342385,0.3342385,0.3342385,0.3342385,0.23828638
314,0.31287086,0.31287086,0.3068452,0.3342385,0.3342385,0.3342385,0.3342385,0.31009158
315,0.31287086,0.31287086,0.3068452,0.3342385,0.3342385,0.3342385,0.3342385,0.4540708
316,0.31287086,0.31287086,0.3068452,0.3342385,0.3342385,0.3342385,0.3342385,0.20679352
317,0.31287086,0.31287086,0.3068452,0.3342385,0.3342385,0.3342385,0.3342385,0.29773435
318,0.31287086,0.31287086,0.3068452,0.3342385,0.3342385,0.3342385,0.3342385,0.23338759
319,0.31287086,0.31287086,0.3068452,0.3342385,0.3342385,0.3342385,0.3342385,0.14186914
320,0.5222907,0.5222907,0.24760215,0.3342385,0.3342385,0.3342385,0.3342385,0.5222907
321,0.5222907,0.5222907,0.24760215,0.3342385,0.3342385,0.3342385,0.3342385,0.23828638
322,0.5222907,0.5222907,0.24760215,0.3342385,0.3342385,0.3342385,0.3342385,0.31009158
323,0.5222907,0.5222907,0.24760215,0.3342385,0.3342385,0.3342385,0.3342385,0.4540708
324,0.5222907,0.5222907,0.24760215,0.3342385,0.3342385,0.3342385,0.3342385,0.20679352
325,0.5222907,0.5222907,0.24760215,0.3342385,0.3342385,0.3342385,0.3342385,0.29773435
326,0.5222907,0.5222907,0.24760215,0.3342385,0.3342385,0.3342385,0.3342385,0.23338759
327,0.5222907,0.5222907,0.24760215,0.3342385,0.3342385,0.3342385,0.3342385,0.14186914
328,0.4540708,0.4540708,0.24760215,0.3342385,0.3342385,0.3342385,0.3342385,0.5222907
329,0.4540708,0.4540708,0.24760215,0.3342385,0.3342385,0.3342385,0.3342385,0.23828638
330,0.4540708,0.4540708,0.24760215,0.3342385,0.3342385,0.3342385,0.3342385,0.31009158
331,0.4540708,0.4540708,0.24760215,0.3342385,0.3342385,0.3342385,0.3342385,0.4540708
332,0.4540708,0.4540708,0.24760215,0.3342385,0.3342385,0.3342385,0.3342385,0.20679352
333,0.4540708,0.4540708,0.24760215,0.3342385,0.3342385,0.3342385,0.3342385,0.29773435
334,0.4540708,0.4540708,0.24760215,0.3342385,0.3342385,0.3342385,0.3342385,0.23338759
335,0.4540708,0.4540708,0.24760215,0.3342385,0.3342385,0.3342385,0.3342385,0.14186914
336,0.31009158,0.31009158,0.24760215,0.3342385,0.3342385,0.3342385,0.3342385,0.5222907
337,0.31009158,0.31009158,0.24760215,0.3342385,0.3342385,0.3342385,0.3342385,0.23828638
338,0.31009158,0.31009158,0.24760215,0.3342385,0.3342385,0.3342385,0.3342385,0.31009158
339,0.31009158,0.31009158,0.24760215,0.3342385,0.3342385,0.3342385,0.3342385,0.4540708
340,0.31009158,0.31009158,0.24760215,0.3342385,0.3342385,0.3342385,0.3342385,0.20679352
341,0.31009158,0.31009158,0.24760215,0.3342385,0.3342385,0.3342385,0.3342385,0.29773435
342,0.31009158,0.31009158,0.24760215,0.3342385,0.3342385,0.3342385,0.3342385,0.23338759
343,0.31009158,0.31009158,0.24760215,0.3342385,0.3342385,0.3342385,0.3342385,0.14186914
344,0.4022397,0.4022397,0.24760215,0.3342385,0.3342385,0.3342385,0.3342385,0.5222907
345,0.4022397,0.4022397,0.24760215,0.3342385,0.3342385,0.3342385,0.3342385,0.23828638
346,0.4022397,0.4022397,0.24760215,0.3342385,0.3342385,0.3342385,0.3342385,0.31009158
347,0.4022397,0.4022397,0.24760215,0.3342385,0.3342385,0.3342385,0.3342385,0.4540708
348,0.4022397,0.4022397,0.24760215,0.3342385,0.3342385,0.3342385,0.3342385,0.20679352
349,0.4022397,0.4022397,0.24760215,0.3342385,0.3342385,0.3342385,0.3342385,0.29773435
350,0.4022397,0.4022397,0.24760215,0.3342385,0.3342385,0.3342385,0.3342385,0.23338759
351,0.4022397,0.4022397,0.24760215,0.3342385,0.3342385,0.3342385,0.3342385,0.14186914
352,0.31287086,0.31287086,0.24760215,0.3342385,0.3342385,0.3342385,0.3342385,0.5222907
353,0.31287086,0.31287086,0.24760215,0.3342385,0.3342385,0.3342385,0.3342385,0.23828638
354,0.31287086,0.31287086,0.24760215,0.3342385,0.3342385,0.3342385,0.3342385,0.31009158
355,0.31287086,0.31287086,0.24760215,0.3342385,0.3342385,0.3342385,0.3342385,0.4540708
356,0.31287086,0.31287086,0.24760215,0.3342385,0.3342385,0.3342385,0.3342385,0.20679352
357,0.31287086,0.31287086,0.24760215,0.3342385,0.3342385,0.3342385,0.3342385,0.29773435
358,0.31287086,0.31287086,0.24760215,0.3342385,0.3342385,0.3342385,0.3342385,0.23338759
359,0.31287086,0.31287086,0.24760215,0.3342385,0.3342385,0.3342385,0.3342385,0.14186914
360,0.5222907,0.5222907,0.25366628,0.16421618,0.16421618,0.16421618,0.16421618,0.5222907
361,0.5222907,0.5222907,0.25366628,0.16421618,0.16421618,0.16421618,0.16421618,0.23828638
362,0.5222907,0.5222907,0.25366628,0.16421618,0.16421618,0.16421618,0.16421618,0.31009158
363,0.5222907,0.5222907,0.25366628,0.16421618,0.16421618,0.16421618,0.16421618,0.4540708
364,0.5222907,0.5222907,0.25366628,0.16421618,0.16421618,0.16421618,0.16421618,0.20679352
365,0.5222907,0.5222907,0.25366628,0.16421618,0.16421618,0.16421618,0.16421618,0.29773435
366,0.5222907,0.5222907,0.25366628,0.16421618,0.16421618,0.16421618,0.16421618,0.23338759
367,0.5222907,0.5222907,0.25366628,0.16421618,0.16421618,0.16421618,0.16421618,0.14186914
368,0.4540708,0.4540708,0.25366628,0.16421618,0.16421618,0.16421618,0.16421618,0.5222907
369,0.4540708,0.4540708,0.25366628,0.16421618,0.16421618,0.16421618,0.16421618,0.23828638
370,0.4540708,0.4540708,0.25366628,0.16421618,0.16421618,0.16421618,0.16421618,0.31009158
371,0.4540708,0.4540708,0.25366628,0.16421618,0.16421618,0.16421618,0.16421618,0.4540708
372,0.4540708,0.4540708,0.25366628,0.16421618,0.16421618,0.16421618,0.16421618,0.20679352
373,0.4540708,0.4540708,0.25366628,0.16421618,0.16421618,0.16421618,0.16421618,0.29773435
374,0.4540708,0.4540708,0.25366628,0.16421618,0.16421618,0.16421618,0.16421618,0.23338759
375,0.4540708,0.4540708,0.25366628,0.16421618,0.16421618,0.16421618,0.16421618,0.14186914
376,0.31009158,0.31009158,0.25366628,0.16421618,0.16421618,0.16421618,0.16421618,0.5222907
377,0.31009158,0.31009158,0.25366628,0.16421618,0.16421618,0.16421618,0.16421618,0.23828638
378,0.31009158,0.31009158,0.25366628,0.16421618,0.16421618,0.16421618,0.16421618,0.31009158
379,0.31009158,0.31009158,0.25366628,0.16421618,0.16421618,0.16421618,0.16421618,0.4540708
380,0.31009158,0.31009158,0.25366628,0.16421618,0.16421618,0.16421618,0.16421618,0.20679352
381,0.31009158,0.31009158,0.25366628,0.16421618,0.16421618,0.16421618,0.16421618,0.29773435
382,0.31009158,0.31009158,0.25366628,0.16421618,0.16421618,0.16421618,0.16421618,0.23338759
383,0.31009158,0.31009158,0.25366628,0.16421618,0.16421618,0.16421618,0.16421618,0.14186914
384,0.4022397,0.4022397,0.25366628,0.16421618,0.16421618,0.16421618,0.16421618,0.5222907
385,0.4022397,0.4022397,0.25366628,0.16421618,0.16421618,0.16421618,0.16421618,0.23828638
386,0.4022397,0.4022397,0.25366628,0.16421618,0.16421618,0.16421618,0.16421618,0.31009158
387,0.4022397,0.4022397,0.25366628,0.16421618,0.16421618,0.16421618,0.16421618,0.4540708
388,0.4022397,0.4022397,0.25366628,0.16421618,0.16421618,0.16421618,0.16421618,0.20679352
389,0.4022397,0.4022397,0.25366628,0.16421618,0.16421618,0.16421618,0.16421618,0.29773435
390,0.4022397,0.4022397,0.25366628,0.16421618,0.16421618,0.16421618,0.16421618,0.23338759
391,0.4022397,0.4022397,0.25366628,0.16421618,0.16421618,0.16421618,0.16421618,0.14186914
392,0.31287086,0.31287086,0.25366628,0.16421618,0.16421618,0.16421618,0.16421618,0.5222907
393,0.31287086,0.31287086,0.25366628,0.16421618,0.16421618,0.16421618,0.16421618,0.23828638
394,0.31287086,0.31287086,0.25366628,0.16421618,0.16421618,0.16421618,0.16421618,0.31009158
395,0.31287086,0.31287086,0.25366628,0.16421618,0.16421618,0.16421618,0.16421618,0.4540708
396,0.31287086,0.31287086,0.25366628,0.16421618,0.16421618,0.16421618,0.16421618,0.20679352
397,0.31287086,0.31287086,0.25366628,0.16421618,0.16421618,0.16421618,0.16421618,0.29773435
398,0.31287086,0.31287086,0.25366628,0.16421618,0.16421618,0.16421618,0.16421618,0.23338759
399,0.31287086,0.31287086,0.25366628,0.16421618,0.16421618,0.16421618,0.16421618,0.14186914
400,0.5222907,0.5222907,0.3068452,0.16421618,0.16421618,0.16421618,0.16421618,0.5222907
401,0.5222907,0.5222907,0.3068452,0.16421618,0.16421618,0.16421618,0.16421618,0.23828638
402,0.5222907,0.5222907,0.3068452,0.16421618,0.16421618,0.16421618,0.16421618,0.31009158
403,0.5222907,0.5222907,0.3068452,0.16421618,0.16421618,0.16421618,0.16421618,0.4540708
404,0.5222907,0.5222907,0.3068452,0.16421618,0.16421618,0.16421618,0.16421618,0.20679352
405,0.5222907,0.5222907,0.3068452,0.16421618,0.16421618,0.16421618,0.16421618,0.29773435
406,0.5222907,0.5222907,0.3068452,0.16421618,0.16421618,0.16421618,0.16421618,0.23338759
407,0.5222907,0.5222907,0.3068452,0.16421618,0.16421618,0.16421618,0.16421618,0.14186914
408,0.4540708,0.4540708,0.3068452,0.16421618,0.16421618,0.16421618,0.16421618,0.5222907
409,0.4540708,0.4540708,0.3068452,0.16421618,0.16421618,0.16421618,0.16421618,0.23828638
410,0.4540708,0.4540708,0.3068452,0.16421618,0.16421618,0.16421618,0.16421618,0.31009158
411,0.4540708,0.4540708,0.3068452,0.16421618,0.16421618,0.16421618,0.16421618,0.4540708
412,0.4540708,0.4540708,0.3068452,0.16421618,0.16421618,0.16421618,0.16421618,0.20679352
413,0.4540708,0.4540708,0.3068452,0.16421618,0.16421618,0.16421618,0.16421618,0.29773435
414,0.4540708,0.4540708,0.3068452,0.16421618,0.16421618,0.16421618,0.16421618,0.23338759
415,0.4540708,0.4540708,0.3068452,0.16421618,0.16421618,0.16421618,0.16421618,0.14186914
416,0.31009158,0.31009158,0.3068452,0.16421618,0.16421618,0.16421618,0.16421618,0.5222907
417,0.31009158,0.31009158,0.3068452,0.16421618,0.16421618,0.16421618,0.16421618,0.23828638
418,0.31009158,0.31009158,0.3068452,0.16421618,0.16421618,0.16421618,0.16421618,0.31009158
419,0.31009158,0.31009158,0.3068452,0.16421618,0.16421618,0.16421618,0.16421618,0.4540708
420,0.31009158,0.31009158,0.3068452,0.16421618,0.16421618,0.16421618,0.16421618,0.20679352
421,0.31009158,0.31009158,0.3068452,0.16421618,0.16421618,0.16421618,0.16421618,0.29773435
422,0.31009158,0.31009158,0.3068452,0.16421618,0.16421618,0.16421618,0.16421618,0.23338759
423,0.31009158,0.31009158,0.3068452,0.16421618,0.16421618,0.16421618,0.16421618,0.14186914
424,0.4022397,0.4022397,0.3068452,0.16421618,0.16421618,0.16421618,0.16421618,0.5222907
425,0.4022397,0.4022397,0.3068452,0.16421618,0.16421618,0.16421618,0.16421618,0.23828638
426,0.4022397,0.4022397,0.3068452,0.16421618,0.16421618,0.16421618,0.16421618,0.31009158
427,0.4022397,0.4022397,0.3068452,0.16421618,0.16421618,0.16421618,0.16421618,0.4540708
428,0.4022397,0.4022397,0.3068452,0.16421618,0.16421618,0.16421618,0.16421618,0.20679352
429,0.4022397,0.4022397,0.3068452,0.16421618,0.16421618,0.16421618,0.16421618,0.29773435
430,0.4022397,0.4022397,0.3068452,0.16421618,0.16421618,0.16421618,0.16421618,0.23338759
431,0.4022397,0.4022397,0.3068452,0.16421618,0.16421618,0.16421618,0.16421618,0.14186914
432,0.31287086,0.31287086,0.3068452,0.16421618,0.16421618,0.16421618,0.16421618,0.5222907
433,0.31287086,0.31287086,0.3068452,0.16421618,0.16421618,0.16421618,0.16421618,0.23828638
434,0.31287086,0.31287086,0.3068452,0.16421618,0.16421618,0.16421618,0.16421618,0.31009158
435,0.31287086,0.31287086,0.3068452,0.16421618,0.16421618,0.16421618,0.16421618,0.4540708
436,0.31287086,0.31287086,0.3068452,0.16421618,0.16421618,0.16421618,0.16421618,0.20679352
437,0.31287086,0.31287086,0.3068452,0.16421618,0.16421618,0.16421618,0.16421618,0.29773435
438,0.31287086,0.31287086,0.3068452,0.16421618,0.16421618,0.16421618,0.16421618,0.23338759
439,0.31287086,0.31287086,0.3068452,0.16421618,0.16421618,0.16421618,0.16421618,0.14186914
440,0.5222907,0.5222907,0.24760215,0.16421618,0.16421618,0.16421618,0.16421618,0.5222907
441,0.5222907,0.5222907,0.24760215,0.16421618,0.16421618,0.16421618,0.16421618,0.23828638
442,0.5222907,0.5222907,0.24760215,0.16421618,0.16421618,0.16421618,0.16421618,0.31009158
443,0.5222907,0.5222907,0.24760215,0.16421618,0.16421618,0.16421618,0.16421618,0.4540708
444,0.5222907,0.5222907,0.24760215,0.16421618,0.16421618,0.16421618,0.16421618,0.20679352
445,0.5222907,0.5222907,0.24760215,0.16421618,0.16421618,0.16421618,0.16421618,0.29773435
446,0.5222907,0.5222907,0.24760215,0.16421618,0.16421618,0.16421618,0.16421618,0.23338759
447,0.5222907,0.5222907,0.24760215,0.16421618,0.16421618,0.16421618,0.16421618,0.14186914
448,0.4540708,0.4540708,0.24760215,0.16421618,0.16421618,0.16421618,0.16421618,0.5222907
449,0.4540708,0.4540708,0.24760215,0.16421618,0.16421618,0.16421618,0.16421618,0.23828638
450,0.4540708,0.4540708,0.24760215,0.16421618,0.16421618,0.16421618,0.16421618,0.31009158
451,0.4540708,0.4540708,0.24760215,0.16421618,0.16421618,0.16421618,0.16421618,0.4540708
452,0.4540708,0.4540708,0.24760215,0.16421618,0.16421618,0.16421618,0.16421618,0.20679352
453,0.4540708,0.4540708,0.24760215,0.16421618,0.16421618,0.16421618,0.16421618,0.29773435
454,0.4540708,0.4540708,0.24760215,0.16421618,0.16421618,0.16421618,0.16421618,0.23338759
455,0.4540708,0.4540708,0.24760215,0.16421618,0.16421618,0.16421618,0.16421618,0.14186914
456,0.31009158,0.31009158,0.24760215,0.16421618,0.16421618,0.16421618,0.16421618,0.5222907
457,0.31009158,0.31009158,0.24760215,0.16421618,0.16421618,0.16421618,0.16421618,0.23828638
458,0.31009158,0.31009158,0.24760215,0.16421618,0.16421618,0.16421618,0.16421618,0.31009158
459,0.31009158,0.31009158,0.24760215,0.16421618,0.16421618,0.16421618,0.16421618,0.4540708
460,0.31009158,0.31009158,0.24760215,0.16421618,0.16421618,0.16421618,0.16421618,0.20679352
461,0.31009158,0.31009158,0.24760215,0.16421618,0.16421618,0.16421618,0.16421618,0.29773435
462,0.31009158,0.31009158,0.24760215,0.16421618,0.16421618,0.16421618,0.16421618,0.23338759
463,0.31009158,0.31009158,0.24760215,0.16421618,0.16421618,0.16421618,0.16421618,0.14186914
464,0.4022397,0.4022397,0.24760215,0.16421618,0.16421618,0.16421618,0.16421618,0.5222907
465,0.4022397,0.4022397,0.24760215,0.16421618,0.16421618,0.16421618,0.16421618,0.23828638
466,0.4022397,0.4022397,0.24760215,0.16421618,0.16421618,0.16421618,0.16421618,0.31009158
467,0.4022397,0.4022397,0.24760215,0.16421618,0.16421618,0.16421618,0.16421618,0.4540708
468,0.4022397,0.4022397,0.24760215,0.16421618,0.16421618,0.16421618,0.16421618,0.20679352
469,0.4022397,0.4022397,0.24760215,0.16421618,0.16421618,0.16421618,0.16421618,0.29773435
470,0.4022397,0.4022397,0.24760215,0.16421618,0.16421618,0.16421618,0.16421618,0.23338759
471,0.4022397,0.4022397,0.24760215,0.16421618,0.16421618,0.16421618,0.16421618,0.14186914
472,0.31287086,0.31287086,0.24760215,0.16421618,0.16421618,0.16421618,0.16421618,0.5222907
473,0.31287086,0.31287086,0.24760215,0.16421618,0.16421618,0.16421618,0.16421618,0.23828638
474,0.31287086,0.31287086,0.24760215,0.16421618,0.16421618,0.16421618,0.16421618,0.31009158
475,0.31287086,0.31287086,0.24760215,0.16421618,0.16421618,0.16421618,0.16421618,0.4540708
476,0.31287086,0.31287086,0.24760215,0.16421618,0.16421618,0.16421618,0.16421618,0.20679352
477,0.31287086,0.31287086,0.24760215,0.16421618,0.16421618,0.16421618,0.16421618,0.29773435
478,0.31287086,0.31287086,0.24760215,0.16421618,0.16421618,0.16421618,0.16421618,0.23338759
479,0.31287086,0.31287086,0.24760215,0.16421618,0.16421618,0.16421618,0.16421618,0.14186914
480,0.5222907,0.4540708,0.25366628,0.14186914,0.14186914,0.14186914,0.14186914,0.5222907
481,0.5222907,0.4540708,0.25366628,0.14186914,0.14186914,0.14186914,0.14186914,0.23828638
482,0.5222907,0.4540708,0.25366628,0.14186914,0.14186914,0.14186914,0.14186914,0.31009158
483,0.5222907,0.4540708,0.25366628,0.14186914,0.14186914,0.14186914,0.14186914,0.4540708
484,0.5222907,0.4540708,0.25366628,0.14186914,0.14186914,0.14186914,0.14186914,0.20679352
485,0.5222907,0.4540708,0.25366628,0.14186914,0.14186914,0.14186914,0.14186914,0.29773435
486,0.5222907,0.4540708,0.25366628,0.14186914,0.14186914,0.14186914,0.14186914,0.23338759
487,0.5222907,0.4540708,0.25366628,0.14186914,0.14186914,0.14186914,0.14186914,0.14186914
488,0.4540708,0.31009158,0.25366628,0.33608958,0.33608958,0.33608958,0.33608958,0.5222907
489,0.4540708,0.31009158,0.25366628,0.33608958,0.33608958,0.33608958,0.33608958,0.23828638
490,0.4540708,0.31009158,0.25366628,0.33608958,0.33608958,0.33608958,0.33608958,0.31009158
491,0.4540708,0.31009158,0.25366628,0.33608958,0.33608958,0.33608958,0.33608958,0.4540708
492,0.4540708,0.31009158,0.25366628,0.33608958,0.33608958,0.33608958,0.33608958,0.20679352
493,0.4540708,0.31009158,0.25366628,0.33608958,0.33608958,0.33608958,0.33608958,0.29773435
494,0.4540708,0.31009158,0.25366628,0.33608958,0.33608958,0.33608958,0.33608958,0.23338759
495,0.4540708,0.31009158,0.25366628,0.33608958,0.33608958,0.33608958,0.33608958,0.14186914
496,0.31009158,0.31287086,0.3068452,0.33608958,0.33608958,0.33608958,0.33608958,0.5222907
497,0.31009158,0.31287086,0.3068452,0.33608958,0.33608958,0.33608958,0.33608958,0.23828638
498,0.31009158,0.31287086,0.3068452,0.33608958,0.33608958,0.33608958,0.33608958,0.31009158
499,0.31009158,0.31287086,0.3068452,0.33608958,0.33608958,0.33608958,0.33608958,0.4540708
500,0.31009158,0.31287086,0.3068452,0.33608958,0.33608958,0.33608958,0.33608958,0.20679352
501,0.31009158,0.31287086,0.3068452,0.33608958,0.33608958,0.33608958,0.33608958,0.29773435
502,0.31009158,0.31287086,0.3068452,0.33608958,0.33608958,0.33608958,0.33608958,0.23338759
503,0.31009158,0.31287086,0.3068452,0.33608958,0.33608958,0.33608958,0.33608958,0.14186914
504,0.5222907,0.31009158,0.3068452,0.3342385,0.3342385,0.3342385,0.3342385,0.5222907
505,0.5222907,0.31009158,0.3068452,0.3342385,0.3342385,0.3342385,0.3342385,0.23828638
506,0.5222907,0.31009158,0.3068452,0.3342385,0.3342385,0.3342385,0.3342385,0.31009158
507,0.5222907,0.31009158,0.3068452,0.3342385,0.3342385,0.3342385,0.3342385,0.4540708
508,0.5222907,0.31009158,0.3068452,0.3342385,0.3342385,0.3342385,0.3342385,0.20679352
509,0.5222907,0.31009158,0.3068452,0.3342385,0.3342385,0.3342385,0.3342385,0.29773435
510,0.5222907,0.31009158,0.3068452,0.3342385,0.3342385,0.3342385,0.3342385,0.23338759
511,0.5222907,0.31009158,0.3068452,0.3342385,0.3342385,0.3342385,0.3342385,0.14186914
512,0.31009158,0.4022397,0.24760215,0.3342385,0.3342385,0.3342385,0.3342385,0.5222907
513,0.31009158,0.4022397,0.24760215,0.3342385,0.3342385,0.3342385,0.3342385,0.23828638
514,0.31009158,0.4022397,0.24760215,0.3342385,0.3342385,0.3342385,0.3342385,0.31009158
515,0.31009158,0.4022397,0.24760215,0.3342385,0.3342385,0.3342385,0.3342385,0.4540708
516,0.31009158,0.4022397,0.24760215,0.3342385,0.3342385,0.3342385,0.3342385,0.20679352
517,0.31009158,0.4022397,0.24760215,0.3342385,0.3342385,0.3342385,0.3342385,0.29773435
518,0.31009158,0.4022397,0.24760215,0.3342385,0.3342385,0.3342385,0.3342385,0.23338759
519,0.31009158,0.4022397,0.24760215,0.3342385,0.3342385,0.3342385,0.3342385,0.14186914
520,0.4022397,0.31287086,0.24760215,0.16421618,0.16421618,0.16421618,0.16421618,0.5222907
521,0.4022397,0.31287086,0.24760215,0.16421618,0.16421618,0.16421618,0.16421618,0.23828638
522,0.4022397,0.31287086,0.24760215,0.16421618,0.16421618,0.16421618,0.16421618,0.31009158
523,0.4022397,0.31287086,0.24760215,0.16421618,0.16421618,0.16421618,0.16421618,0.4540708
524,0.4022397,0.31287086,0.24760215,0.16421618,0.16421618,0.16421618,0.16421618,0.20679352
525,0.4022397,0.31287086,0.24760215,0.16421618,0.16421618,0.16421618,0.16421618,0.29773435
526,0.4022397,0.31287086,0.24760215,0.16421618,0.16421618,0.16421618,0.16421618,0.23338759
527,0.4022397,0.31287086,0.24760215,0.16421618,0.16421618,0.16421618,0.16421618,0.14186914
528,0.5222907,0.5222907,0.25366628,0.14186914,0.14186914,0.14186914,0.33608958,0.5222907
529,0.5222907,0.5222907,0.25366628,0.14186914,0.14186914,0.14186914,0.33608958,0.23828638
530,0.5222907,0.5222907,0.25366628,0.14186914,0.14186914,0.14186914,0.33608958,0.31009158
531,0.5222907,0.5222907,0.25366628,0.14186914,0.14186914,0.14186914,0.33608958,0.4540708
532,0.5222907,0.5222907,0.25366628,0.14186914,0.14186914,0.14186914,0.33608958,0.20679352
533,0.5222907,0.5222907,0.25366628,0.14186914,0.14186914,0.14186914,0.33608958,0.29773435
534,0.5222907,0.5222907,0.25366628,0.14186914,0.14186914,0.14186914,0.33608958,0.23338759
535,0.5222907,0.5222907,0.25366628,0.14186914,0.14186914,0.14186914,0.33608958,0.14186914
536,0.4540708,0.4540708,0.25366628,0.14186914,0.14186914,0.14186914,0.33608958,0.5222907
537,0.4540708,0.4540708,0.25366628,0.14186914,0.14186914,0.14186914,0.33608958,0.23828638
538,0.4540708,0.4540708,0.25366628,0.14186914,0.14186914,0.14186914,0.33608958,0.31009158
539,0.4540708,0.4540708,0.25366628,0.14186914,0.14186914,0.14186914,0.33608958,0.4540708
540,0.4540708,0.4540708,0.25366628,0.14186914,0.14186914,0.14186914,0.33608958,0.20679352
541,0.4540708,0.4540708,0.25366628,0.14186914,0.14186914,0.14186914,0.33608958,0.29773435
542,0.4540708,0.4540708,0.25366628,0.14186914,0.14186914,0.14186914,0.33608958,0.23338759
543,0.4540708,0.4540708,0.25366628,0.14186914,0.14186914,0.14186914,0.33608958,0.14186914
544,0.5222907,0.5222907,0.3068452,0.33608958,0.33608958,0.33608958,0.3342385,0.5222907
545,0.5222907,0.5222907,0.3068452,0.33608958,0.33608958,0.33608958,0.3342385,0.23828638
546,0.5222907,0.5222907,0.3068452,0.33608958,0.33608958,0.33608958,0.3342385,0.31009158
547,0.5222907,0.5222907,0.3068452,0.33608958,0.33608958,0.33608958,0.3342385,0.4540708
548,0.5222907,0.5222907,0.3068452,0.33608958,0.33608958,0.33608958,0.3342385,0.20679352
549,0.5222907,0.5222907,0.3068452,0.33608958,0.33608958,0.33608958,0.3342385,0.29773435
550,0.5222907,0.5222907,0.3068452,0.33608958,0.33608958,0.33608958,0.3342385,0.23338759
551,0.5222907,0.5222907,0.3068452,0.33608958,0.33608958,0.33608958,0.3342385,0.14186914
552,0.4540708,0.4540708,0.3068452,0.33608958,0.33608958,0.33608958,0.3342385,0.5222907
553,0.4540708,0.4540708,0.3068452,0.33608958,0.33608958,0.33608958,0.3342385,0.23828638
554,0.4540708,0.4540708,0.3068452,0.33608958,0.33608958,0.33608958,0.3342385,0.31009158
555,0.4540708,0.4540708,0.3068452,0.33608958,0.33608958,0.33608958,0.3342385,0.4540708
556,0.4540708,0.4540708,0.3068452,0.33608958,0.33608958,0.33608958,0.3342385,0.20679352
557,0.4540708,0.4540708,0.3068452,0.33608958,0.33608958,0.33608958,0.3342385,0.29773435
558,0.4540708,0.4540708,0.3068452,0.33608958,0.33608958,0.33608958,0.3342385,0.23338759
559,0.4540708,0.4540708,0.3068452,0.33608958,0.33608958,0.33608958,0.3342385,0.14186914
560,0.5222907,0.5222907,0.24760215,0.3342385,0.3342385,0.3342385,0.16421618,0.5222907
561,0.5222907,0.5222907,0.24760215,0.3342385,0.3342385,0.3342385,0.16421618,0.23828638
562,0.5222907,0.5222907,0.24760215,0.3342385,0.3342385,0.3342385,0.16421618,0.31009158
563,0.5222907,0.5222907,0.24760215,0.3342385,0.3342385,0.3342385,0.16421618,0.4540708
564,0.5222907,0.5222907,0.24760215,0.3342385,0.3342385,0.3342385,0.16421618,0.20679352
565,0.5222907,0.5222907,0.24760215,0.3342385,0.3342385,0.3342385,0.16421618,0.29773435
566,0.5222907,0.5222907,0.24760215,0.3342385,0.3342385,0.3342385,0.16421618,0.23338759
567,0.5222907,0.5222907,0.24760215,0.3342385,0.3342385,0.3342385,0.16421618,0.14186914
568,0.4540708,0.4540708,0.24760215,0.3342385,0.3342385,0.3342385,0.16421618,0.5222907
569,0.4540708,0.4540708,0.24760215,0.3342385,0.3342385,0.3342385,0.16421618,0.23828638
570,0.4540708,0.4540708,0.24760215,0.3342385,0.3342385,0.3342385,0.16421618,0.31009158
571,0.4540708,0.4540708,0.24760215,0.3342385,0.3342385,0.3342385,0.16421618,0.4540708
572,0.4540708,0.4540708,0.24760215,0.3342385,0.3342385,0.3342385,0.16421618,0.20679352
573,0.4540708,0.4540708,0.24760215,0.3342385,0.3342385,0.3342385,0.16421618,0.29773435
574,0.4540708,0.4540708,0.24760215,0.3342385,0.3342385,0.3342385,0.16421618,0.23338759
575,0.4540708,0.4540708,0.24760215,0.3342385,0.3342385,0.3342385,0.16421618,0.14186914
576,0.31009158,0.31009158,0.25366628,0.14186914,0.14186914,0.33608958,0.33608958,0.5222907
577,0.31009158,0.31009158,0.25366628,0.14186914,0.14186914,0.33608958,0.33608958,0.23828638
578,0.31009158,0.31009158,0.25366628,0.14186914,0.14186914,0.33608958,0.33608958,0.31009158
579,0.31009158,0.31009158,0.25366628,0.14186914,0.14186914,0.33608958,0.33608958,0.4540708
580,0.31009158,0.31009158,0.25366628,0.14186914,0.14186914,0.33608958,0.33608958,0.20679352
581,0.31009158,0.31009158,0.25366628,0.14186914,0.14186914,0.33608958,0.33608958,0.29773435
582,0.31009158,0.31009158,0.25366628,0.14186914,0.14186914,0.33608958,0.33608958,0.23338759
583,0.31009158,0.31009158,0.25366628,0.14186914,0.14186914,0.33608958,0.33608958,0.14186914
584,0.4022397,0.4022397,0.25366628,0.14186914,0.14186914,0.14186914,0.3342385,0.5222907
585,0.4022397,0.4022397,0.25366628,0.14186914,0.14186914,0.14186914,0.3342385,0.23828638
586,0.4022397,0.4022397,0.25366628,0.14186914,0.14186914,0.14186914,0.3342385,0.31009158
587,0.4022397,0.4022397,0.25366628,0.14186914,0.14186914,0.14186914,0.3342385,0.4540708
588,0.4022397,0.4022397,0.25366628,0.14186914,0.14186914,0.14186914,0.3342385,0.20679352
589,0.4022397,0.4022397,0.25366628,0.14186914,0.14186914,0.14186914,0.3342385,0.29773435
590,0.4022397,0.4022397,0.25366628,0.14186914,0.14186914,0.14186914,0.3342385,0.23338759
591,0.4022397,0.4022397,0.25366628,0.14186914,0.14186914,0.14186914,0.3342385,0.14186914
592,0.31009158,0.31009158,0.3068452,0.3342385,0.3342385,0.16421618,0.33608958,0.5222907
593,0.31009158,0.31009158,0.3068452,0.3342385,0.3342385,0.16421618,0.33608958,0.23828638
594,0.31009158,0.31009158,0.3068452,0.3342385,0.3342385,0.16421618,0.33608958,0.31009158
595,0.31009158,0.31009158,0.3068452,0.3342385,0.3342385,0.16421618,0.33608958,0.4540708
596,0.31009158,0.31009158,0.3068452,0.3342385,0.3342385,0.16421618,0.33608958,0.20679352
597,0.31009158,0.31009158,0.3068452,0.3342385,0.3342385,0.16421618,0.33608958,0.29773435
598,0.31009158,0.31009158,0.3068452,0.3342385,0.3342385,0.16421618,0.33608958,0.23338759
599,0.31009158,0.31009158,0.3068452,0.3342385,0.3342385,0.16421618,0.33608958,0.14186914
600,0.31287086,0.31287086,0.24760215,0.16421618,0.16421618,0.16421618,0.33608958,0.5222907
601,0.31287086,0.31287086,0.24760215,0.16421618,0.16421618,0.16421618,0.33608958,0.23828638
602,0.31287086,0.31287086,0.24760215,0.16421618,0.16421618,0.16421618,0.33608958,0.31009158
603,0.31287086,0.31287086,0.24760215,0.16421618,0.16421618,0.16421618,0.33608958,0.4540708
604,0.31287086,0.31287086,0.24760215,0.16421618,0.16421618,0.16421618,0.33608958,0.20679352
605,0.31287086,0.31287086,0.24760215,0.16421618,0.16421618,0.16421618,0.33608958,0.29773435
606,0.31287086,0.31287086,0.24760215,0.16421618,0.16421618,0.16421618,0.33608958,0.23338759
607,0.31287086,0.31287086,0.24760215,0.16421618,0.16421618,0.16421618,0.33608958,0.14186914
608,0.31009158,0.31009158,0.24760215,0.14186914,0.33608958,0.3342385,0.16421618,0.5222907
609,0.31009158,0.31009158,0.24760215,0.14186914,0.33608958,0.3342385,0.16421618,0.23828638
610,0.31009158,0.31009158,0.24760215,0.14186914,0.33608958,0.3342385,0.16421618,0.31009158
611,0.31009158,0.31009158,0.24760215,0.14186914,0.33608958,0.3342385,0.16421618,0.4540708
612,0.31009158,0.31009158,0.24760215,0.14186914,0.33608958,0.3342385,0.16421618,0.20679352
613,0.31009158,0.31009158,0.24760215,0.14186914,0.33608958,0.3342385,0.16421618,0.29773435
614,0.31009158,0.31009158,0.24760215,0.14186914,0.33608958,0.3342385,0.16421618,0.23338759
615,0.31009158,0.31009158,0.24760215,0.14186914,0.33608958,0.3342385,0.16421618,0.14186914
616,0.31287086,0.31287086,0.3068452,0.3342385,0.3342385,0.16421618,0.16421618,0.5222907
617,0.31287086,0.31287086,0.3068452,0.3342385,0.3342385,0.16421618,0.16421618,0.23828638
618,0.31287086,0.31287086,0.3068452,0.3342385,0.3342385,0.16421618,0.16421618,0.31009158
619,0.31287086,0.31287086,0.3068452,0.3342385,0.3342385,0.16421618,0.16421618,0.4540708
620,0.31287086,0.31287086,0.3068452,0.3342385,0.3342385,0.16421618,0.16421618,0.20679352
621,0.31287086,0.31287086,0.3068452,0.3342385,0.3342385,0.16421618,0.16421618,0.29773435
622,0.31287086,0.31287086,0.3068452,0.3342385,0.3342385,0.16421618,0.16421618,0.23338759
623,0.31287086,0.31287086,0.3068452,0.3342385,0.3342385,0.16421618,0.16421618,0.14186914
624,0.4022397,0.4022397,0.24760215,0.14186914,0.14186914,0.14186914,0.16421618,0.5222907
625,0.4022397,0.4022397,0.24760215,0.14186914,0.14186914,0.14186914,0.16421618,0.23828638
626,0.4022397,0.4022397,0.24760215,0.14186914,0.14186914,0.14186914,0.16421618,0.31009158
627,0.4022397,0.4022397,0.24760215,0.14186914,0.14186914,0.14186914,0.16421618,0.4540708
628,0.4022397,0.4022397,0.24760215,0.14186914,0.14186914,0.14186914,0.16421618,0.20679352
629,0.4022397,0.4022397,0.24760215,0.14186914,0.14186914,0.14186914,0.16421618,0.29773435
630,0.4022397,0.4022397,0.24760215,0.14186914,0.14186914,0.14186914,0.16421618,0.23338759
631,0.4022397,0.4022397,0.24760215,0.14186914,0.14186914,0.14186914,0.16421618,0.14186914
632,0.4022397,0.4022397,0.3068452,0.33608958,0.33608958,0.16421618,0.16421618,0.5222907
633,0.4022397,0.4022397,0.3068452,0.33608958,0.33608958,0.16421618,0.16421618,0.23828638
634,0.4022397,0.4022397,0.3068452,0.33608958,0.33608958,0.16421618,0.16421618,0.31009158
635,0.4022397,0.4022397,0.3068452,0.33608958,0.33608958,0.16421618,0.16421618,0.4540708
636,0.4022397,0.4022397,0.3068452,0.33608958,0.33608958,0.16421618,0.16421618,0.20679352
637,0.4022397,0.4022397,0.3068452,0.33608958,0.33608958,0.16421618,0.16421618,0.29773435
638,0.4022397,0.4022397,0.3068452,0.33608958,0.33608958,0.16421618,0.16421618,0.23338759
639,0.4022397,0.4022397,0.3068452,0.33608958,0.33608958,0.16421618,0.16421618,0.14186914
