,rechargeable_Element_1,rechargeable_Element_2,rechargeable_Element_3,rechargeable_Element_4,rechargeable_Element_5,rechargeable_Element_6,rechargeable_Element_7,rechargeable_ion
0,0.57163334,0.57163334,0.26438892,0.22771172,0.22771172,0.22771172,0.22771172,0.57163334
1,0.57163334,0.57163334,0.26438892,0.22771172,0.22771172,0.22771172,0.22771172,0.62785465
2,0.57163334,0.57163334,0.26438892,0.22771172,0.22771172,0.22771172,0.22771172,0.2053389
3,0.57163334,0.57163334,0.26438892,0.22771172,0.22771172,0.22771172,0.22771172,0.51970124
4,0.57163334,0.57163334,0.26438892,0.22771172,0.22771172,0.22771172,0.22771172,0.39565858
5,0.57163334,0.57163334,0.26438892,0.22771172,0.22771172,0.22771172,0.22771172,0.31084493
6,0.57163334,0.57163334,0.26438892,0.22771172,0.22771172,0.22771172,0.22771172,0.4031976
7,0.57163334,0.57163334,0.26438892,0.22771172,0.22771172,0.22771172,0.22771172,0.22771172
8,0.51970124,0.51970124,0.26438892,0.22771172,0.22771172,0.22771172,0.22771172,0.57163334
9,0.51970124,0.51970124,0.26438892,0.22771172,0.22771172,0.22771172,0.22771172,0.62785465
10,0.51970124,0.51970124,0.26438892,0.22771172,0.22771172,0.22771172,0.22771172,0.2053389
11,0.51970124,0.51970124,0.26438892,0.22771172,0.22771172,0.22771172,0.22771172,0.51970124
12,0.51970124,0.51970124,0.26438892,0.22771172,0.22771172,0.22771172,0.22771172,0.39565858
13,0.51970124,0.51970124,0.26438892,0.22771172,0.22771172,0.22771172,0.22771172,0.31084493
14,0.51970124,0.51970124,0.26438892,0.22771172,0.22771172,0.22771172,0.22771172,0.4031976
15,0.51970124,0.51970124,0.26438892,0.22771172,0.22771172,0.22771172,0.22771172,0.22771172
16,0.2053389,0.2053389,0.26438892,0.22771172,0.22771172,0.22771172,0.22771172,0.57163334
17,0.2053389,0.2053389,0.26438892,0.22771172,0.22771172,0.22771172,0.22771172,0.62785465
18,0.2053389,0.2053389,0.26438892,0.22771172,0.22771172,0.22771172,0.22771172,0.2053389
19,0.2053389,0.2053389,0.26438892,0.22771172,0.22771172,0.22771172,0.22771172,0.51970124
20,0.2053389,0.2053389,0.26438892,0.22771172,0.22771172,0.22771172,0.22771172,0.39565858
21,0.2053389,0.2053389,0.26438892,0.22771172,0.22771172,0.22771172,0.22771172,0.31084493
22,0.2053389,0.2053389,0.26438892,0.22771172,0.22771172,0.22771172,0.22771172,0.4031976
23,0.2053389,0.2053389,0.26438892,0.22771172,0.22771172,0.22771172,0.22771172,0.22771172
24,0.3491499,0.3491499,0.26438892,0.22771172,0.22771172,0.22771172,0.22771172,0.57163334
25,0.3491499,0.3491499,0.26438892,0.22771172,0.22771172,0.22771172,0.22771172,0.62785465
26,0.3491499,0.3491499,0.26438892,0.22771172,0.22771172,0.22771172,0.22771172,0.2053389
27,0.3491499,0.3491499,0.26438892,0.22771172,0.22771172,0.22771172,0.22771172,0.51970124
28,0.3491499,0.3491499,0.26438892,0.22771172,0.22771172,0.22771172,0.22771172,0.39565858
29,0.3491499,0.3491499,0.26438892,0.22771172,0.22771172,0.22771172,0.22771172,0.31084493
30,0.3491499,0.3491499,0.26438892,0.22771172,0.22771172,0.22771172,0.22771172,0.4031976
31,0.3491499,0.3491499,0.26438892,0.22771172,0.22771172,0.22771172,0.22771172,0.22771172
32,0.47297877,0.47297877,0.26438892,0.22771172,0.22771172,0.22771172,0.22771172,0.57163334
33,0.47297877,0.47297877,0.26438892,0.22771172,0.22771172,0.22771172,0.22771172,0.62785465
34,0.47297877,0.47297877,0.26438892,0.22771172,0.22771172,0.22771172,0.22771172,0.2053389
35,0.47297877,0.47297877,0.26438892,0.22771172,0.22771172,0.22771172,0.22771172,0.51970124
36,0.47297877,0.47297877,0.26438892,0.22771172,0.22771172,0.22771172,0.22771172,0.39565858
37,0.47297877,0.47297877,0.26438892,0.22771172,0.22771172,0.22771172,0.22771172,0.31084493
38,0.47297877,0.47297877,0.26438892,0.22771172,0.22771172,0.22771172,0.22771172,0.4031976
39,0.47297877,0.47297877,0.26438892,0.22771172,0.22771172,0.22771172,0.22771172,0.22771172
40,0.57163334,0.57163334,0.36311576,0.22771172,0.22771172,0.22771172,0.22771172,0.57163334
41,0.57163334,0.57163334,0.36311576,0.22771172,0.22771172,0.22771172,0.22771172,0.62785465
42,0.57163334,0.57163334,0.36311576,0.22771172,0.22771172,0.22771172,0.22771172,0.2053389
43,0.57163334,0.57163334,0.36311576,0.22771172,0.22771172,0.22771172,0.22771172,0.51970124
44,0.57163334,0.57163334,0.36311576,0.22771172,0.22771172,0.22771172,0.22771172,0.39565858
45,0.57163334,0.57163334,0.36311576,0.22771172,0.22771172,0.22771172,0.22771172,0.31084493
46,0.57163334,0.57163334,0.36311576,0.22771172,0.22771172,0.22771172,0.22771172,0.4031976
47,0.57163334,0.57163334,0.36311576,0.22771172,0.22771172,0.22771172,0.22771172,0.22771172
48,0.51970124,0.51970124,0.36311576,0.22771172,0.22771172,0.22771172,0.22771172,0.57163334
49,0.51970124,0.51970124,0.36311576,0.22771172,0.22771172,0.22771172,0.22771172,0.62785465
50,0.51970124,0.51970124,0.36311576,0.22771172,0.22771172,0.22771172,0.22771172,0.2053389
51,0.51970124,0.51970124,0.36311576,0.22771172,0.22771172,0.22771172,0.22771172,0.51970124
52,0.51970124,0.51970124,0.36311576,0.22771172,0.22771172,0.22771172,0.22771172,0.39565858
53,0.51970124,0.51970124,0.36311576,0.22771172,0.22771172,0.22771172,0.22771172,0.31084493
54,0.51970124,0.51970124,0.36311576,0.22771172,0.22771172,0.22771172,0.22771172,0.4031976
55,0.51970124,0.51970124,0.36311576,0.22771172,0.22771172,0.22771172,0.22771172,0.22771172
56,0.2053389,0.2053389,0.36311576,0.22771172,0.22771172,0.22771172,0.22771172,0.57163334
57,0.2053389,0.2053389,0.36311576,0.22771172,0.22771172,0.22771172,0.22771172,0.62785465
58,0.2053389,0.2053389,0.36311576,0.22771172,0.22771172,0.22771172,0.22771172,0.2053389
59,0.2053389,0.2053389,0.36311576,0.22771172,0.22771172,0.22771172,0.22771172,0.51970124
60,0.2053389,0.2053389,0.36311576,0.22771172,0.22771172,0.22771172,0.22771172,0.39565858
61,0.2053389,0.2053389,0.36311576,0.22771172,0.22771172,0.22771172,0.22771172,0.31084493
62,0.2053389,0.2053389,0.36311576,0.22771172,0.22771172,0.22771172,0.22771172,0.4031976
63,0.2053389,0.2053389,0.36311576,0.22771172,0.22771172,0.22771172,0.22771172,0.22771172
64,0.3491499,0.3491499,0.36311576,0.22771172,0.22771172,0.22771172,0.22771172,0.57163334
65,0.3491499,0.3491499,0.36311576,0.22771172,0.22771172,0.22771172,0.22771172,0.62785465
66,0.3491499,0.3491499,0.36311576,0.22771172,0.22771172,0.22771172,0.22771172,0.2053389
67,0.3491499,0.3491499,0.36311576,0.22771172,0.22771172,0.22771172,0.22771172,0.51970124
68,0.3491499,0.3491499,0.36311576,0.22771172,0.22771172,0.22771172,0.22771172,0.39565858
69,0.3491499,0.3491499,0.36311576,0.22771172,0.22771172,0.22771172,0.22771172,0.31084493
70,0.3491499,0.3491499,0.36311576,0.22771172,0.22771172,0.22771172,0.22771172,0.4031976
71,0.3491499,0.3491499,0.36311576,0.22771172,0.22771172,0.22771172,0.22771172,0.22771172
72,0.47297877,0.47297877,0.36311576,0.22771172,0.22771172,0.22771172,0.22771172,0.57163334
73,0.47297877,0.47297877,0.36311576,0.22771172,0.22771172,0.22771172,0.22771172,0.62785465
74,0.47297877,0.47297877,0.36311576,0.22771172,0.22771172,0.22771172,0.22771172,0.2053389
75,0.47297877,0.47297877,0.36311576,0.22771172,0.22771172,0.22771172,0.22771172,0.51970124
76,0.47297877,0.47297877,0.36311576,0.22771172,0.22771172,0.22771172,0.22771172,0.39565858
77,0.47297877,0.47297877,0.36311576,0.22771172,0.22771172,0.22771172,0.22771172,0.31084493
78,0.47297877,0.47297877,0.36311576,0.22771172,0.22771172,0.22771172,0.22771172,0.4031976
79,0.47297877,0.47297877,0.36311576,0.22771172,0.22771172,0.22771172,0.22771172,0.22771172
80,0.57163334,0.57163334,0.44348866,0.22771172,0.22771172,0.22771172,0.22771172,0.57163334
81,0.57163334,0.57163334,0.44348866,0.22771172,0.22771172,0.22771172,0.22771172,0.62785465
82,0.57163334,0.57163334,0.44348866,0.22771172,0.22771172,0.22771172,0.22771172,0.2053389
83,0.57163334,0.57163334,0.44348866,0.22771172,0.22771172,0.22771172,0.22771172,0.51970124
84,0.57163334,0.57163334,0.44348866,0.22771172,0.22771172,0.22771172,0.22771172,0.39565858
85,0.57163334,0.57163334,0.44348866,0.22771172,0.22771172,0.22771172,0.22771172,0.31084493
86,0.57163334,0.57163334,0.44348866,0.22771172,0.22771172,0.22771172,0.22771172,0.4031976
87,0.57163334,0.57163334,0.44348866,0.22771172,0.22771172,0.22771172,0.22771172,0.22771172
88,0.51970124,0.51970124,0.44348866,0.22771172,0.22771172,0.22771172,0.22771172,0.57163334
89,0.51970124,0.51970124,0.44348866,0.22771172,0.22771172,0.22771172,0.22771172,0.62785465
90,0.51970124,0.51970124,0.44348866,0.22771172,0.22771172,0.22771172,0.22771172,0.2053389
91,0.51970124,0.51970124,0.44348866,0.22771172,0.22771172,0.22771172,0.22771172,0.51970124
92,0.51970124,0.51970124,0.44348866,0.22771172,0.22771172,0.22771172,0.22771172,0.39565858
93,0.51970124,0.51970124,0.44348866,0.22771172,0.22771172,0.22771172,0.22771172,0.31084493
94,0.51970124,0.51970124,0.44348866,0.22771172,0.22771172,0.22771172,0.22771172,0.4031976
95,0.51970124,0.51970124,0.44348866,0.22771172,0.22771172,0.22771172,0.22771172,0.22771172
96,0.2053389,0.2053389,0.44348866,0.22771172,0.22771172,0.22771172,0.22771172,0.57163334
97,0.2053389,0.2053389,0.44348866,0.22771172,0.22771172,0.22771172,0.22771172,0.62785465
98,0.2053389,0.2053389,0.44348866,0.22771172,0.22771172,0.22771172,0.22771172,0.2053389
99,0.2053389,0.2053389,0.44348866,0.22771172,0.22771172,0.22771172,0.22771172,0.51970124
100,0.2053389,0.2053389,0.44348866,0.22771172,0.22771172,0.22771172,0.22771172,0.39565858
101,0.2053389,0.2053389,0.44348866,0.22771172,0.22771172,0.22771172,0.22771172,0.31084493
102,0.2053389,0.2053389,0.44348866,0.22771172,0.22771172,0.22771172,0.22771172,0.4031976
103,0.2053389,0.2053389,0.44348866,0.22771172,0.22771172,0.22771172,0.22771172,0.22771172
104,0.3491499,0.3491499,0.44348866,0.22771172,0.22771172,0.22771172,0.22771172,0.57163334
105,0.3491499,0.3491499,0.44348866,0.22771172,0.22771172,0.22771172,0.22771172,0.62785465
106,0.3491499,0.3491499,0.44348866,0.22771172,0.22771172,0.22771172,0.22771172,0.2053389
107,0.3491499,0.3491499,0.44348866,0.22771172,0.22771172,0.22771172,0.22771172,0.51970124
108,0.3491499,0.3491499,0.44348866,0.22771172,0.22771172,0.22771172,0.22771172,0.39565858
109,0.3491499,0.3491499,0.44348866,0.22771172,0.22771172,0.22771172,0.22771172,0.31084493
110,0.3491499,0.3491499,0.44348866,0.22771172,0.22771172,0.22771172,0.22771172,0.4031976
111,0.3491499,0.3491499,0.44348866,0.22771172,0.22771172,0.22771172,0.22771172,0.22771172
112,0.47297877,0.47297877,0.44348866,0.22771172,0.22771172,0.22771172,0.22771172,0.57163334
113,0.47297877,0.47297877,0.44348866,0.22771172,0.22771172,0.22771172,0.22771172,0.62785465
114,0.47297877,0.47297877,0.44348866,0.22771172,0.22771172,0.22771172,0.22771172,0.2053389
115,0.47297877,0.47297877,0.44348866,0.22771172,0.22771172,0.22771172,0.22771172,0.51970124
116,0.47297877,0.47297877,0.44348866,0.22771172,0.22771172,0.22771172,0.22771172,0.39565858
117,0.47297877,0.47297877,0.44348866,0.22771172,0.22771172,0.22771172,0.22771172,0.31084493
118,0.47297877,0.47297877,0.44348866,0.22771172,0.22771172,0.22771172,0.22771172,0.4031976
119,0.47297877,0.47297877,0.44348866,0.22771172,0.22771172,0.22771172,0.22771172,0.22771172
120,0.57163334,0.57163334,0.26438892,0.23458146,0.23458146,0.23458146,0.23458146,0.57163334
121,0.57163334,0.57163334,0.26438892,0.23458146,0.23458146,0.23458146,0.23458146,0.62785465
122,0.57163334,0.57163334,0.26438892,0.23458146,0.23458146,0.23458146,0.23458146,0.2053389
123,0.57163334,0.57163334,0.26438892,0.23458146,0.23458146,0.23458146,0.23458146,0.51970124
124,0.57163334,0.57163334,0.26438892,0.23458146,0.23458146,0.23458146,0.23458146,0.39565858
125,0.57163334,0.57163334,0.26438892,0.23458146,0.23458146,0.23458146,0.23458146,0.31084493
126,0.57163334,0.57163334,0.26438892,0.23458146,0.23458146,0.23458146,0.23458146,0.4031976
127,0.57163334,0.57163334,0.26438892,0.23458146,0.23458146,0.23458146,0.23458146,0.22771172
128,0.51970124,0.51970124,0.26438892,0.23458146,0.23458146,0.23458146,0.23458146,0.57163334
129,0.51970124,0.51970124,0.26438892,0.23458146,0.23458146,0.23458146,0.23458146,0.62785465
130,0.51970124,0.51970124,0.26438892,0.23458146,0.23458146,0.23458146,0.23458146,0.2053389
131,0.51970124,0.51970124,0.26438892,0.23458146,0.23458146,0.23458146,0.23458146,0.51970124
132,0.51970124,0.51970124,0.26438892,0.23458146,0.23458146,0.23458146,0.23458146,0.39565858
133,0.51970124,0.51970124,0.26438892,0.23458146,0.23458146,0.23458146,0.23458146,0.31084493
134,0.51970124,0.51970124,0.26438892,0.23458146,0.23458146,0.23458146,0.23458146,0.4031976
135,0.51970124,0.51970124,0.26438892,0.23458146,0.23458146,0.23458146,0.23458146,0.22771172
136,0.2053389,0.2053389,0.26438892,0.23458146,0.23458146,0.23458146,0.23458146,0.57163334
137,0.2053389,0.2053389,0.26438892,0.23458146,0.23458146,0.23458146,0.23458146,0.62785465
138,0.2053389,0.2053389,0.26438892,0.23458146,0.23458146,0.23458146,0.23458146,0.2053389
139,0.2053389,0.2053389,0.26438892,0.23458146,0.23458146,0.23458146,0.23458146,0.51970124
140,0.2053389,0.2053389,0.26438892,0.23458146,0.23458146,0.23458146,0.23458146,0.39565858
141,0.2053389,0.2053389,0.26438892,0.23458146,0.23458146,0.23458146,0.23458146,0.31084493
142,0.2053389,0.2053389,0.26438892,0.23458146,0.23458146,0.23458146,0.23458146,0.4031976
143,0.2053389,0.2053389,0.26438892,0.23458146,0.23458146,0.23458146,0.23458146,0.22771172
144,0.3491499,0.3491499,0.26438892,0.23458146,0.23458146,0.23458146,0.23458146,0.57163334
145,0.3491499,0.3491499,0.26438892,0.23458146,0.23458146,0.23458146,0.23458146,0.62785465
146,0.3491499,0.3491499,0.26438892,0.23458146,0.23458146,0.23458146,0.23458146,0.2053389
147,0.3491499,0.3491499,0.26438892,0.23458146,0.23458146,0.23458146,0.23458146,0.51970124
148,0.3491499,0.3491499,0.26438892,0.23458146,0.23458146,0.23458146,0.23458146,0.39565858
149,0.3491499,0.3491499,0.26438892,0.23458146,0.23458146,0.23458146,0.23458146,0.31084493
150,0.3491499,0.3491499,0.26438892,0.23458146,0.23458146,0.23458146,0.23458146,0.4031976
151,0.3491499,0.3491499,0.26438892,0.23458146,0.23458146,0.23458146,0.23458146,0.22771172
152,0.47297877,0.47297877,0.26438892,0.23458146,0.23458146,0.23458146,0.23458146,0.57163334
153,0.47297877,0.47297877,0.26438892,0.23458146,0.23458146,0.23458146,0.23458146,0.62785465
154,0.47297877,0.47297877,0.26438892,0.23458146,0.23458146,0.23458146,0.23458146,0.2053389
155,0.47297877,0.47297877,0.26438892,0.23458146,0.23458146,0.23458146,0.23458146,0.51970124
156,0.47297877,0.47297877,0.26438892,0.23458146,0.23458146,0.23458146,0.23458146,0.39565858
157,0.47297877,0.47297877,0.26438892,0.23458146,0.23458146,0.23458146,0.23458146,0.31084493
158,0.47297877,0.47297877,0.26438892,0.23458146,0.23458146,0.23458146,0.23458146,0.4031976
159,0.47297877,0.47297877,0.26438892,0.23458146,0.23458146,0.23458146,0.23458146,0.22771172
160,0.57163334,0.57163334,0.36311576,0.23458146,0.23458146,0.23458146,0.23458146,0.57163334
161,0.57163334,0.57163334,0.36311576,0.23458146,0.23458146,0.23458146,0.23458146,0.62785465
162,0.57163334,0.57163334,0.36311576,0.23458146,0.23458146,0.23458146,0.23458146,0.2053389
163,0.57163334,0.57163334,0.36311576,0.23458146,0.23458146,0.23458146,0.23458146,0.51970124
164,0.57163334,0.57163334,0.36311576,0.23458146,0.23458146,0.23458146,0.23458146,0.39565858
165,0.57163334,0.57163334,0.36311576,0.23458146,0.23458146,0.23458146,0.23458146,0.31084493
166,0.57163334,0.57163334,0.36311576,0.23458146,0.23458146,0.23458146,0.23458146,0.4031976
167,0.57163334,0.57163334,0.36311576,0.23458146,0.23458146,0.23458146,0.23458146,0.22771172
168,0.51970124,0.51970124,0.36311576,0.23458146,0.23458146,0.23458146,0.23458146,0.57163334
169,0.51970124,0.51970124,0.36311576,0.23458146,0.23458146,0.23458146,0.23458146,0.62785465
170,0.51970124,0.51970124,0.36311576,0.23458146,0.23458146,0.23458146,0.23458146,0.2053389
171,0.51970124,0.51970124,0.36311576,0.23458146,0.23458146,0.23458146,0.23458146,0.51970124
172,0.51970124,0.51970124,0.36311576,0.23458146,0.23458146,0.23458146,0.23458146,0.39565858
173,0.51970124,0.51970124,0.36311576,0.23458146,0.23458146,0.23458146,0.23458146,0.31084493
174,0.51970124,0.51970124,0.36311576,0.23458146,0.23458146,0.23458146,0.23458146,0.4031976
175,0.51970124,0.51970124,0.36311576,0.23458146,0.23458146,0.23458146,0.23458146,0.22771172
176,0.2053389,0.2053389,0.36311576,0.23458146,0.23458146,0.23458146,0.23458146,0.57163334
177,0.2053389,0.2053389,0.36311576,0.23458146,0.23458146,0.23458146,0.23458146,0.62785465
178,0.2053389,0.2053389,0.36311576,0.23458146,0.23458146,0.23458146,0.23458146,0.2053389
179,0.2053389,0.2053389,0.36311576,0.23458146,0.23458146,0.23458146,0.23458146,0.51970124
180,0.2053389,0.2053389,0.36311576,0.23458146,0.23458146,0.23458146,0.23458146,0.39565858
181,0.2053389,0.2053389,0.36311576,0.23458146,0.23458146,0.23458146,0.23458146,0.31084493
182,0.2053389,0.2053389,0.36311576,0.23458146,0.23458146,0.23458146,0.23458146,0.4031976
183,0.2053389,0.2053389,0.36311576,0.23458146,0.23458146,0.23458146,0.23458146,0.22771172
184,0.3491499,0.3491499,0.36311576,0.23458146,0.23458146,0.23458146,0.23458146,0.57163334
185,0.3491499,0.3491499,0.36311576,0.23458146,0.23458146,0.23458146,0.23458146,0.62785465
186,0.3491499,0.3491499,0.36311576,0.23458146,0.23458146,0.23458146,0.23458146,0.2053389
187,0.3491499,0.3491499,0.36311576,0.23458146,0.23458146,0.23458146,0.23458146,0.51970124
188,0.3491499,0.3491499,0.36311576,0.23458146,0.23458146,0.23458146,0.23458146,0.39565858
189,0.3491499,0.3491499,0.36311576,0.23458146,0.23458146,0.23458146,0.23458146,0.31084493
190,0.3491499,0.3491499,0.36311576,0.23458146,0.23458146,0.23458146,0.23458146,0.4031976
191,0.3491499,0.3491499,0.36311576,0.23458146,0.23458146,0.23458146,0.23458146,0.22771172
192,0.47297877,0.47297877,0.36311576,0.23458146,0.23458146,0.23458146,0.23458146,0.57163334
193,0.47297877,0.47297877,0.36311576,0.23458146,0.23458146,0.23458146,0.23458146,0.62785465
194,0.47297877,0.47297877,0.36311576,0.23458146,0.23458146,0.23458146,0.23458146,0.2053389
195,0.47297877,0.47297877,0.36311576,0.23458146,0.23458146,0.23458146,0.23458146,0.51970124
196,0.47297877,0.47297877,0.36311576,0.23458146,0.23458146,0.23458146,0.23458146,0.39565858
197,0.47297877,0.47297877,0.36311576,0.23458146,0.23458146,0.23458146,0.23458146,0.31084493
198,0.47297877,0.47297877,0.36311576,0.23458146,0.23458146,0.23458146,0.23458146,0.4031976
199,0.47297877,0.47297877,0.36311576,0.23458146,0.23458146,0.23458146,0.23458146,0.22771172
200,0.57163334,0.57163334,0.44348866,0.23458146,0.23458146,0.23458146,0.23458146,0.57163334
201,0.57163334,0.57163334,0.44348866,0.23458146,0.23458146,0.23458146,0.23458146,0.62785465
202,0.57163334,0.57163334,0.44348866,0.23458146,0.23458146,0.23458146,0.23458146,0.2053389
203,0.57163334,0.57163334,0.44348866,0.23458146,0.23458146,0.23458146,0.23458146,0.51970124
204,0.57163334,0.57163334,0.44348866,0.23458146,0.23458146,0.23458146,0.23458146,0.39565858
205,0.57163334,0.57163334,0.44348866,0.23458146,0.23458146,0.23458146,0.23458146,0.31084493
206,0.57163334,0.57163334,0.44348866,0.23458146,0.23458146,0.23458146,0.23458146,0.4031976
207,0.57163334,0.57163334,0.44348866,0.23458146,0.23458146,0.23458146,0.23458146,0.22771172
208,0.51970124,0.51970124,0.44348866,0.23458146,0.23458146,0.23458146,0.23458146,0.57163334
209,0.51970124,0.51970124,0.44348866,0.23458146,0.23458146,0.23458146,0.23458146,0.62785465
210,0.51970124,0.51970124,0.44348866,0.23458146,0.23458146,0.23458146,0.23458146,0.2053389
211,0.51970124,0.51970124,0.44348866,0.23458146,0.23458146,0.23458146,0.23458146,0.51970124
212,0.51970124,0.51970124,0.44348866,0.23458146,0.23458146,0.23458146,0.23458146,0.39565858
213,0.51970124,0.51970124,0.44348866,0.23458146,0.23458146,0.23458146,0.23458146,0.31084493
214,0.51970124,0.51970124,0.44348866,0.23458146,0.23458146,0.23458146,0.23458146,0.4031976
215,0.51970124,0.51970124,0.44348866,0.23458146,0.23458146,0.23458146,0.23458146,0.22771172
216,0.2053389,0.2053389,0.44348866,0.23458146,0.23458146,0.23458146,0.23458146,0.57163334
217,0.2053389,0.2053389,0.44348866,0.23458146,0.23458146,0.23458146,0.23458146,0.62785465
218,0.2053389,0.2053389,0.44348866,0.23458146,0.23458146,0.23458146,0.23458146,0.2053389
219,0.2053389,0.2053389,0.44348866,0.23458146,0.23458146,0.23458146,0.23458146,0.51970124
220,0.2053389,0.2053389,0.44348866,0.23458146,0.23458146,0.23458146,0.23458146,0.39565858
221,0.2053389,0.2053389,0.44348866,0.23458146,0.23458146,0.23458146,0.23458146,0.31084493
222,0.2053389,0.2053389,0.44348866,0.23458146,0.23458146,0.23458146,0.23458146,0.4031976
223,0.2053389,0.2053389,0.44348866,0.23458146,0.23458146,0.23458146,0.23458146,0.22771172
224,0.3491499,0.3491499,0.44348866,0.23458146,0.23458146,0.23458146,0.23458146,0.57163334
225,0.3491499,0.3491499,0.44348866,0.23458146,0.23458146,0.23458146,0.23458146,0.62785465
226,0.3491499,0.3491499,0.44348866,0.23458146,0.23458146,0.23458146,0.23458146,0.2053389
227,0.3491499,0.3491499,0.44348866,0.23458146,0.23458146,0.23458146,0.23458146,0.51970124
228,0.3491499,0.3491499,0.44348866,0.23458146,0.23458146,0.23458146,0.23458146,0.39565858
229,0.3491499,0.3491499,0.44348866,0.23458146,0.23458146,0.23458146,0.23458146,0.31084493
230,0.3491499,0.3491499,0.44348866,0.23458146,0.23458146,0.23458146,0.23458146,0.4031976
231,0.3491499,0.3491499,0.44348866,0.23458146,0.23458146,0.23458146,0.23458146,0.22771172
232,0.47297877,0.47297877,0.44348866,0.23458146,0.23458146,0.23458146,0.23458146,0.57163334
233,0.47297877,0.47297877,0.44348866,0.23458146,0.23458146,0.23458146,0.23458146,0.62785465
234,0.47297877,0.47297877,0.44348866,0.23458146,0.23458146,0.23458146,0.23458146,0.2053389
235,0.47297877,0.47297877,0.44348866,0.23458146,0.23458146,0.23458146,0.23458146,0.51970124
236,0.47297877,0.47297877,0.44348866,0.23458146,0.23458146,0.23458146,0.23458146,0.39565858
237,0.47297877,0.47297877,0.44348866,0.23458146,0.23458146,0.23458146,0.23458146,0.31084493
238,0.47297877,0.47297877,0.44348866,0.23458146,0.23458146,0.23458146,0.23458146,0.4031976
239,0.47297877,0.47297877,0.44348866,0.23458146,0.23458146,0.23458146,0.23458146,0.22771172
240,0.57163334,0.57163334,0.26438892,0.39386368,0.39386368,0.39386368,0.39386368,0.57163334
241,0.57163334,0.57163334,0.26438892,0.39386368,0.39386368,0.39386368,0.39386368,0.62785465
242,0.57163334,0.57163334,0.26438892,0.39386368,0.39386368,0.39386368,0.39386368,0.2053389
243,0.57163334,0.57163334,0.26438892,0.39386368,0.39386368,0.39386368,0.39386368,0.51970124
244,0.57163334,0.57163334,0.26438892,0.39386368,0.39386368,0.39386368,0.39386368,0.39565858
245,0.57163334,0.57163334,0.26438892,0.39386368,0.39386368,0.39386368,0.39386368,0.31084493
246,0.57163334,0.57163334,0.26438892,0.39386368,0.39386368,0.39386368,0.39386368,0.4031976
247,0.57163334,0.57163334,0.26438892,0.39386368,0.39386368,0.39386368,0.39386368,0.22771172
248,0.51970124,0.51970124,0.26438892,0.39386368,0.39386368,0.39386368,0.39386368,0.57163334
249,0.51970124,0.51970124,0.26438892,0.39386368,0.39386368,0.39386368,0.39386368,0.62785465
250,0.51970124,0.51970124,0.26438892,0.39386368,0.39386368,0.39386368,0.39386368,0.2053389
251,0.51970124,0.51970124,0.26438892,0.39386368,0.39386368,0.39386368,0.39386368,0.51970124
252,0.51970124,0.51970124,0.26438892,0.39386368,0.39386368,0.39386368,0.39386368,0.39565858
253,0.51970124,0.51970124,0.26438892,0.39386368,0.39386368,0.39386368,0.39386368,0.31084493
254,0.51970124,0.51970124,0.26438892,0.39386368,0.39386368,0.39386368,0.39386368,0.4031976
255,0.51970124,0.51970124,0.26438892,0.39386368,0.39386368,0.39386368,0.39386368,0.22771172
256,0.2053389,0.2053389,0.26438892,0.39386368,0.39386368,0.39386368,0.39386368,0.57163334
257,0.2053389,0.2053389,0.26438892,0.39386368,0.39386368,0.39386368,0.39386368,0.62785465
258,0.2053389,0.2053389,0.26438892,0.39386368,0.39386368,0.39386368,0.39386368,0.2053389
259,0.2053389,0.2053389,0.26438892,0.39386368,0.39386368,0.39386368,0.39386368,0.51970124
260,0.2053389,0.2053389,0.26438892,0.39386368,0.39386368,0.39386368,0.39386368,0.39565858
261,0.2053389,0.2053389,0.26438892,0.39386368,0.39386368,0.39386368,0.39386368,0.31084493
262,0.2053389,0.2053389,0.26438892,0.39386368,0.39386368,0.39386368,0.39386368,0.4031976
263,0.2053389,0.2053389,0.26438892,0.39386368,0.39386368,0.39386368,0.39386368,0.22771172
264,0.3491499,0.3491499,0.26438892,0.39386368,0.39386368,0.39386368,0.39386368,0.57163334
265,0.3491499,0.3491499,0.26438892,0.39386368,0.39386368,0.39386368,0.39386368,0.62785465
266,0.3491499,0.3491499,0.26438892,0.39386368,0.39386368,0.39386368,0.39386368,0.2053389
267,0.3491499,0.3491499,0.26438892,0.39386368,0.39386368,0.39386368,0.39386368,0.51970124
268,0.3491499,0.3491499,0.26438892,0.39386368,0.39386368,0.39386368,0.39386368,0.39565858
269,0.3491499,0.3491499,0.26438892,0.39386368,0.39386368,0.39386368,0.39386368,0.31084493
270,0.3491499,0.3491499,0.26438892,0.39386368,0.39386368,0.39386368,0.39386368,0.4031976
271,0.3491499,0.3491499,0.26438892,0.39386368,0.39386368,0.39386368,0.39386368,0.22771172
272,0.47297877,0.47297877,0.26438892,0.39386368,0.39386368,0.39386368,0.39386368,0.57163334
273,0.47297877,0.47297877,0.26438892,0.39386368,0.39386368,0.39386368,0.39386368,0.62785465
274,0.47297877,0.47297877,0.26438892,0.39386368,0.39386368,0.39386368,0.39386368,0.2053389
275,0.47297877,0.47297877,0.26438892,0.39386368,0.39386368,0.39386368,0.39386368,0.51970124
276,0.47297877,0.47297877,0.26438892,0.39386368,0.39386368,0.39386368,0.39386368,0.39565858
277,0.47297877,0.47297877,0.26438892,0.39386368,0.39386368,0.39386368,0.39386368,0.31084493
278,0.47297877,0.47297877,0.26438892,0.39386368,0.39386368,0.39386368,0.39386368,0.4031976
279,0.47297877,0.47297877,0.26438892,0.39386368,0.39386368,0.39386368,0.39386368,0.22771172
280,0.57163334,0.57163334,0.36311576,0.39386368,0.39386368,0.39386368,0.39386368,0.57163334
281,0.57163334,0.57163334,0.36311576,0.39386368,0.39386368,0.39386368,0.39386368,0.62785465
282,0.57163334,0.57163334,0.36311576,0.39386368,0.39386368,0.39386368,0.39386368,0.2053389
283,0.57163334,0.57163334,0.36311576,0.39386368,0.39386368,0.39386368,0.39386368,0.51970124
284,0.57163334,0.57163334,0.36311576,0.39386368,0.39386368,0.39386368,0.39386368,0.39565858
285,0.57163334,0.57163334,0.36311576,0.39386368,0.39386368,0.39386368,0.39386368,0.31084493
286,0.57163334,0.57163334,0.36311576,0.39386368,0.39386368,0.39386368,0.39386368,0.4031976
287,0.57163334,0.57163334,0.36311576,0.39386368,0.39386368,0.39386368,0.39386368,0.22771172
288,0.51970124,0.51970124,0.36311576,0.39386368,0.39386368,0.39386368,0.39386368,0.57163334
289,0.51970124,0.51970124,0.36311576,0.39386368,0.39386368,0.39386368,0.39386368,0.62785465
290,0.51970124,0.51970124,0.36311576,0.39386368,0.39386368,0.39386368,0.39386368,0.2053389
291,0.51970124,0.51970124,0.36311576,0.39386368,0.39386368,0.39386368,0.39386368,0.51970124
292,0.51970124,0.51970124,0.36311576,0.39386368,0.39386368,0.39386368,0.39386368,0.39565858
293,0.51970124,0.51970124,0.36311576,0.39386368,0.39386368,0.39386368,0.39386368,0.31084493
294,0.51970124,0.51970124,0.36311576,0.39386368,0.39386368,0.39386368,0.39386368,0.4031976
295,0.51970124,0.51970124,0.36311576,0.39386368,0.39386368,0.39386368,0.39386368,0.22771172
296,0.2053389,0.2053389,0.36311576,0.39386368,0.39386368,0.39386368,0.39386368,0.57163334
297,0.2053389,0.2053389,0.36311576,0.39386368,0.39386368,0.39386368,0.39386368,0.62785465
298,0.2053389,0.2053389,0.36311576,0.39386368,0.39386368,0.39386368,0.39386368,0.2053389
299,0.2053389,0.2053389,0.36311576,0.39386368,0.39386368,0.39386368,0.39386368,0.51970124
300,0.2053389,0.2053389,0.36311576,0.39386368,0.39386368,0.39386368,0.39386368,0.39565858
301,0.2053389,0.2053389,0.36311576,0.39386368,0.39386368,0.39386368,0.39386368,0.31084493
302,0.2053389,0.2053389,0.36311576,0.39386368,0.39386368,0.39386368,0.39386368,0.4031976
303,0.2053389,0.2053389,0.36311576,0.39386368,0.39386368,0.39386368,0.39386368,0.22771172
304,0.3491499,0.3491499,0.36311576,0.39386368,0.39386368,0.39386368,0.39386368,0.57163334
305,0.3491499,0.3491499,0.36311576,0.39386368,0.39386368,0.39386368,0.39386368,0.62785465
306,0.3491499,0.3491499,0.36311576,0.39386368,0.39386368,0.39386368,0.39386368,0.2053389
307,0.3491499,0.3491499,0.36311576,0.39386368,0.39386368,0.39386368,0.39386368,0.51970124
308,0.3491499,0.3491499,0.36311576,0.39386368,0.39386368,0.39386368,0.39386368,0.39565858
309,0.3491499,0.3491499,0.36311576,0.39386368,0.39386368,0.39386368,0.39386368,0.31084493
310,0.3491499,0.3491499,0.36311576,0.39386368,0.39386368,0.39386368,0.39386368,0.4031976
311,0.3491499,0.3491499,0.36311576,0.39386368,0.39386368,0.39386368,0.39386368,0.22771172
312,0.47297877,0.47297877,0.36311576,0.39386368,0.39386368,0.39386368,0.39386368,0.57163334
313,0.47297877,0.47297877,0.36311576,0.39386368,0.39386368,0.39386368,0.39386368,0.62785465
314,0.47297877,0.47297877,0.36311576,0.39386368,0.39386368,0.39386368,0.39386368,0.2053389
315,0.47297877,0.47297877,0.36311576,0.39386368,0.39386368,0.39386368,0.39386368,0.51970124
316,0.47297877,0.47297877,0.36311576,0.39386368,0.39386368,0.39386368,0.39386368,0.39565858
317,0.47297877,0.47297877,0.36311576,0.39386368,0.39386368,0.39386368,0.39386368,0.31084493
318,0.47297877,0.47297877,0.36311576,0.39386368,0.39386368,0.39386368,0.39386368,0.4031976
319,0.47297877,0.47297877,0.36311576,0.39386368,0.39386368,0.39386368,0.39386368,0.22771172
320,0.57163334,0.57163334,0.44348866,0.39386368,0.39386368,0.39386368,0.39386368,0.57163334
321,0.57163334,0.57163334,0.44348866,0.39386368,0.39386368,0.39386368,0.39386368,0.62785465
322,0.57163334,0.57163334,0.44348866,0.39386368,0.39386368,0.39386368,0.39386368,0.2053389
323,0.57163334,0.57163334,0.44348866,0.39386368,0.39386368,0.39386368,0.39386368,0.51970124
324,0.57163334,0.57163334,0.44348866,0.39386368,0.39386368,0.39386368,0.39386368,0.39565858
325,0.57163334,0.57163334,0.44348866,0.39386368,0.39386368,0.39386368,0.39386368,0.31084493
326,0.57163334,0.57163334,0.44348866,0.39386368,0.39386368,0.39386368,0.39386368,0.4031976
327,0.57163334,0.57163334,0.44348866,0.39386368,0.39386368,0.39386368,0.39386368,0.22771172
328,0.51970124,0.51970124,0.44348866,0.39386368,0.39386368,0.39386368,0.39386368,0.57163334
329,0.51970124,0.51970124,0.44348866,0.39386368,0.39386368,0.39386368,0.39386368,0.62785465
330,0.51970124,0.51970124,0.44348866,0.39386368,0.39386368,0.39386368,0.39386368,0.2053389
331,0.51970124,0.51970124,0.44348866,0.39386368,0.39386368,0.39386368,0.39386368,0.51970124
332,0.51970124,0.51970124,0.44348866,0.39386368,0.39386368,0.39386368,0.39386368,0.39565858
333,0.51970124,0.51970124,0.44348866,0.39386368,0.39386368,0.39386368,0.39386368,0.31084493
334,0.51970124,0.51970124,0.44348866,0.39386368,0.39386368,0.39386368,0.39386368,0.4031976
335,0.51970124,0.51970124,0.44348866,0.39386368,0.39386368,0.39386368,0.39386368,0.22771172
336,0.2053389,0.2053389,0.44348866,0.39386368,0.39386368,0.39386368,0.39386368,0.57163334
337,0.2053389,0.2053389,0.44348866,0.39386368,0.39386368,0.39386368,0.39386368,0.62785465
338,0.2053389,0.2053389,0.44348866,0.39386368,0.39386368,0.39386368,0.39386368,0.2053389
339,0.2053389,0.2053389,0.44348866,0.39386368,0.39386368,0.39386368,0.39386368,0.51970124
340,0.2053389,0.2053389,0.44348866,0.39386368,0.39386368,0.39386368,0.39386368,0.39565858
341,0.2053389,0.2053389,0.44348866,0.39386368,0.39386368,0.39386368,0.39386368,0.31084493
342,0.2053389,0.2053389,0.44348866,0.39386368,0.39386368,0.39386368,0.39386368,0.4031976
343,0.2053389,0.2053389,0.44348866,0.39386368,0.39386368,0.39386368,0.39386368,0.22771172
344,0.3491499,0.3491499,0.44348866,0.39386368,0.39386368,0.39386368,0.39386368,0.57163334
345,0.3491499,0.3491499,0.44348866,0.39386368,0.39386368,0.39386368,0.39386368,0.62785465
346,0.3491499,0.3491499,0.44348866,0.39386368,0.39386368,0.39386368,0.39386368,0.2053389
347,0.3491499,0.3491499,0.44348866,0.39386368,0.39386368,0.39386368,0.39386368,0.51970124
348,0.3491499,0.3491499,0.44348866,0.39386368,0.39386368,0.39386368,0.39386368,0.39565858
349,0.3491499,0.3491499,0.44348866,0.39386368,0.39386368,0.39386368,0.39386368,0.31084493
350,0.3491499,0.3491499,0.44348866,0.39386368,0.39386368,0.39386368,0.39386368,0.4031976
351,0.3491499,0.3491499,0.44348866,0.39386368,0.39386368,0.39386368,0.39386368,0.22771172
352,0.47297877,0.47297877,0.44348866,0.39386368,0.39386368,0.39386368,0.39386368,0.57163334
353,0.47297877,0.47297877,0.44348866,0.39386368,0.39386368,0.39386368,0.39386368,0.62785465
354,0.47297877,0.47297877,0.44348866,0.39386368,0.39386368,0.39386368,0.39386368,0.2053389
355,0.47297877,0.47297877,0.44348866,0.39386368,0.39386368,0.39386368,0.39386368,0.51970124
356,0.47297877,0.47297877,0.44348866,0.39386368,0.39386368,0.39386368,0.39386368,0.39565858
357,0.47297877,0.47297877,0.44348866,0.39386368,0.39386368,0.39386368,0.39386368,0.31084493
358,0.47297877,0.47297877,0.44348866,0.39386368,0.39386368,0.39386368,0.39386368,0.4031976
359,0.47297877,0.47297877,0.44348866,0.39386368,0.39386368,0.39386368,0.39386368,0.22771172
360,0.57163334,0.57163334,0.26438892,0.18645182,0.18645182,0.18645182,0.18645182,0.57163334
361,0.57163334,0.57163334,0.26438892,0.18645182,0.18645182,0.18645182,0.18645182,0.62785465
362,0.57163334,0.57163334,0.26438892,0.18645182,0.18645182,0.18645182,0.18645182,0.2053389
363,0.57163334,0.57163334,0.26438892,0.18645182,0.18645182,0.18645182,0.18645182,0.51970124
364,0.57163334,0.57163334,0.26438892,0.18645182,0.18645182,0.18645182,0.18645182,0.39565858
365,0.57163334,0.57163334,0.26438892,0.18645182,0.18645182,0.18645182,0.18645182,0.31084493
366,0.57163334,0.57163334,0.26438892,0.18645182,0.18645182,0.18645182,0.18645182,0.4031976
367,0.57163334,0.57163334,0.26438892,0.18645182,0.18645182,0.18645182,0.18645182,0.22771172
368,0.51970124,0.51970124,0.26438892,0.18645182,0.18645182,0.18645182,0.18645182,0.57163334
369,0.51970124,0.51970124,0.26438892,0.18645182,0.18645182,0.18645182,0.18645182,0.62785465
370,0.51970124,0.51970124,0.26438892,0.18645182,0.18645182,0.18645182,0.18645182,0.2053389
371,0.51970124,0.51970124,0.26438892,0.18645182,0.18645182,0.18645182,0.18645182,0.51970124
372,0.51970124,0.51970124,0.26438892,0.18645182,0.18645182,0.18645182,0.18645182,0.39565858
373,0.51970124,0.51970124,0.26438892,0.18645182,0.18645182,0.18645182,0.18645182,0.31084493
374,0.51970124,0.51970124,0.26438892,0.18645182,0.18645182,0.18645182,0.18645182,0.4031976
375,0.51970124,0.51970124,0.26438892,0.18645182,0.18645182,0.18645182,0.18645182,0.22771172
376,0.2053389,0.2053389,0.26438892,0.18645182,0.18645182,0.18645182,0.18645182,0.57163334
377,0.2053389,0.2053389,0.26438892,0.18645182,0.18645182,0.18645182,0.18645182,0.62785465
378,0.2053389,0.2053389,0.26438892,0.18645182,0.18645182,0.18645182,0.18645182,0.2053389
379,0.2053389,0.2053389,0.26438892,0.18645182,0.18645182,0.18645182,0.18645182,0.51970124
380,0.2053389,0.2053389,0.26438892,0.18645182,0.18645182,0.18645182,0.18645182,0.39565858
381,0.2053389,0.2053389,0.26438892,0.18645182,0.18645182,0.18645182,0.18645182,0.31084493
382,0.2053389,0.2053389,0.26438892,0.18645182,0.18645182,0.18645182,0.18645182,0.4031976
383,0.2053389,0.2053389,0.26438892,0.18645182,0.18645182,0.18645182,0.18645182,0.22771172
384,0.3491499,0.3491499,0.26438892,0.18645182,0.18645182,0.18645182,0.18645182,0.57163334
385,0.3491499,0.3491499,0.26438892,0.18645182,0.18645182,0.18645182,0.18645182,0.62785465
386,0.3491499,0.3491499,0.26438892,0.18645182,0.18645182,0.18645182,0.18645182,0.2053389
387,0.3491499,0.3491499,0.26438892,0.18645182,0.18645182,0.18645182,0.18645182,0.51970124
388,0.3491499,0.3491499,0.26438892,0.18645182,0.18645182,0.18645182,0.18645182,0.39565858
389,0.3491499,0.3491499,0.26438892,0.18645182,0.18645182,0.18645182,0.18645182,0.31084493
390,0.3491499,0.3491499,0.26438892,0.18645182,0.18645182,0.18645182,0.18645182,0.4031976
391,0.3491499,0.3491499,0.26438892,0.18645182,0.18645182,0.18645182,0.18645182,0.22771172
392,0.47297877,0.47297877,0.26438892,0.18645182,0.18645182,0.18645182,0.18645182,0.57163334
393,0.47297877,0.47297877,0.26438892,0.18645182,0.18645182,0.18645182,0.18645182,0.62785465
394,0.47297877,0.47297877,0.26438892,0.18645182,0.18645182,0.18645182,0.18645182,0.2053389
395,0.47297877,0.47297877,0.26438892,0.18645182,0.18645182,0.18645182,0.18645182,0.51970124
396,0.47297877,0.47297877,0.26438892,0.18645182,0.18645182,0.18645182,0.18645182,0.39565858
397,0.47297877,0.47297877,0.26438892,0.18645182,0.18645182,0.18645182,0.18645182,0.31084493
398,0.47297877,0.47297877,0.26438892,0.18645182,0.18645182,0.18645182,0.18645182,0.4031976
399,0.47297877,0.47297877,0.26438892,0.18645182,0.18645182,0.18645182,0.18645182,0.22771172
400,0.57163334,0.57163334,0.36311576,0.18645182,0.18645182,0.18645182,0.18645182,0.57163334
401,0.57163334,0.57163334,0.36311576,0.18645182,0.18645182,0.18645182,0.18645182,0.62785465
402,0.57163334,0.57163334,0.36311576,0.18645182,0.18645182,0.18645182,0.18645182,0.2053389
403,0.57163334,0.57163334,0.36311576,0.18645182,0.18645182,0.18645182,0.18645182,0.51970124
404,0.57163334,0.57163334,0.36311576,0.18645182,0.18645182,0.18645182,0.18645182,0.39565858
405,0.57163334,0.57163334,0.36311576,0.18645182,0.18645182,0.18645182,0.18645182,0.31084493
406,0.57163334,0.57163334,0.36311576,0.18645182,0.18645182,0.18645182,0.18645182,0.4031976
407,0.57163334,0.57163334,0.36311576,0.18645182,0.18645182,0.18645182,0.18645182,0.22771172
408,0.51970124,0.51970124,0.36311576,0.18645182,0.18645182,0.18645182,0.18645182,0.57163334
409,0.51970124,0.51970124,0.36311576,0.18645182,0.18645182,0.18645182,0.18645182,0.62785465
410,0.51970124,0.51970124,0.36311576,0.18645182,0.18645182,0.18645182,0.18645182,0.2053389
411,0.51970124,0.51970124,0.36311576,0.18645182,0.18645182,0.18645182,0.18645182,0.51970124
412,0.51970124,0.51970124,0.36311576,0.18645182,0.18645182,0.18645182,0.18645182,0.39565858
413,0.51970124,0.51970124,0.36311576,0.18645182,0.18645182,0.18645182,0.18645182,0.31084493
414,0.51970124,0.51970124,0.36311576,0.18645182,0.18645182,0.18645182,0.18645182,0.4031976
415,0.51970124,0.51970124,0.36311576,0.18645182,0.18645182,0.18645182,0.18645182,0.22771172
416,0.2053389,0.2053389,0.36311576,0.18645182,0.18645182,0.18645182,0.18645182,0.57163334
417,0.2053389,0.2053389,0.36311576,0.18645182,0.18645182,0.18645182,0.18645182,0.62785465
418,0.2053389,0.2053389,0.36311576,0.18645182,0.18645182,0.18645182,0.18645182,0.2053389
419,0.2053389,0.2053389,0.36311576,0.18645182,0.18645182,0.18645182,0.18645182,0.51970124
420,0.2053389,0.2053389,0.36311576,0.18645182,0.18645182,0.18645182,0.18645182,0.39565858
421,0.2053389,0.2053389,0.36311576,0.18645182,0.18645182,0.18645182,0.18645182,0.31084493
422,0.2053389,0.2053389,0.36311576,0.18645182,0.18645182,0.18645182,0.18645182,0.4031976
423,0.2053389,0.2053389,0.36311576,0.18645182,0.18645182,0.18645182,0.18645182,0.22771172
424,0.3491499,0.3491499,0.36311576,0.18645182,0.18645182,0.18645182,0.18645182,0.57163334
425,0.3491499,0.3491499,0.36311576,0.18645182,0.18645182,0.18645182,0.18645182,0.62785465
426,0.3491499,0.3491499,0.36311576,0.18645182,0.18645182,0.18645182,0.18645182,0.2053389
427,0.3491499,0.3491499,0.36311576,0.18645182,0.18645182,0.18645182,0.18645182,0.51970124
428,0.3491499,0.3491499,0.36311576,0.18645182,0.18645182,0.18645182,0.18645182,0.39565858
429,0.3491499,0.3491499,0.36311576,0.18645182,0.18645182,0.18645182,0.18645182,0.31084493
430,0.3491499,0.3491499,0.36311576,0.18645182,0.18645182,0.18645182,0.18645182,0.4031976
431,0.3491499,0.3491499,0.36311576,0.18645182,0.18645182,0.18645182,0.18645182,0.22771172
432,0.47297877,0.47297877,0.36311576,0.18645182,0.18645182,0.18645182,0.18645182,0.57163334
433,0.47297877,0.47297877,0.36311576,0.18645182,0.18645182,0.18645182,0.18645182,0.62785465
434,0.47297877,0.47297877,0.36311576,0.18645182,0.18645182,0.18645182,0.18645182,0.2053389
435,0.47297877,0.47297877,0.36311576,0.18645182,0.18645182,0.18645182,0.18645182,0.51970124
436,0.47297877,0.47297877,0.36311576,0.18645182,0.18645182,0.18645182,0.18645182,0.39565858
437,0.47297877,0.47297877,0.36311576,0.18645182,0.18645182,0.18645182,0.18645182,0.31084493
438,0.47297877,0.47297877,0.36311576,0.18645182,0.18645182,0.18645182,0.18645182,0.4031976
439,0.47297877,0.47297877,0.36311576,0.18645182,0.18645182,0.18645182,0.18645182,0.22771172
440,0.57163334,0.57163334,0.44348866,0.18645182,0.18645182,0.18645182,0.18645182,0.57163334
441,0.57163334,0.57163334,0.44348866,0.18645182,0.18645182,0.18645182,0.18645182,0.62785465
442,0.57163334,0.57163334,0.44348866,0.18645182,0.18645182,0.18645182,0.18645182,0.2053389
443,0.57163334,0.57163334,0.44348866,0.18645182,0.18645182,0.18645182,0.18645182,0.51970124
444,0.57163334,0.57163334,0.44348866,0.18645182,0.18645182,0.18645182,0.18645182,0.39565858
445,0.57163334,0.57163334,0.44348866,0.18645182,0.18645182,0.18645182,0.18645182,0.31084493
446,0.57163334,0.57163334,0.44348866,0.18645182,0.18645182,0.18645182,0.18645182,0.4031976
447,0.57163334,0.57163334,0.44348866,0.18645182,0.18645182,0.18645182,0.18645182,0.22771172
448,0.51970124,0.51970124,0.44348866,0.18645182,0.18645182,0.18645182,0.18645182,0.57163334
449,0.51970124,0.51970124,0.44348866,0.18645182,0.18645182,0.18645182,0.18645182,0.62785465
450,0.51970124,0.51970124,0.44348866,0.18645182,0.18645182,0.18645182,0.18645182,0.2053389
451,0.51970124,0.51970124,0.44348866,0.18645182,0.18645182,0.18645182,0.18645182,0.51970124
452,0.51970124,0.51970124,0.44348866,0.18645182,0.18645182,0.18645182,0.18645182,0.39565858
453,0.51970124,0.51970124,0.44348866,0.18645182,0.18645182,0.18645182,0.18645182,0.31084493
454,0.51970124,0.51970124,0.44348866,0.18645182,0.18645182,0.18645182,0.18645182,0.4031976
455,0.51970124,0.51970124,0.44348866,0.18645182,0.18645182,0.18645182,0.18645182,0.22771172
456,0.2053389,0.2053389,0.44348866,0.18645182,0.18645182,0.18645182,0.18645182,0.57163334
457,0.2053389,0.2053389,0.44348866,0.18645182,0.18645182,0.18645182,0.18645182,0.62785465
458,0.2053389,0.2053389,0.44348866,0.18645182,0.18645182,0.18645182,0.18645182,0.2053389
459,0.2053389,0.2053389,0.44348866,0.18645182,0.18645182,0.18645182,0.18645182,0.51970124
460,0.2053389,0.2053389,0.44348866,0.18645182,0.18645182,0.18645182,0.18645182,0.39565858
461,0.2053389,0.2053389,0.44348866,0.18645182,0.18645182,0.18645182,0.18645182,0.31084493
462,0.2053389,0.2053389,0.44348866,0.18645182,0.18645182,0.18645182,0.18645182,0.4031976
463,0.2053389,0.2053389,0.44348866,0.18645182,0.18645182,0.18645182,0.18645182,0.22771172
464,0.3491499,0.3491499,0.44348866,0.18645182,0.18645182,0.18645182,0.18645182,0.57163334
465,0.3491499,0.3491499,0.44348866,0.18645182,0.18645182,0.18645182,0.18645182,0.62785465
466,0.3491499,0.3491499,0.44348866,0.18645182,0.18645182,0.18645182,0.18645182,0.2053389
467,0.3491499,0.3491499,0.44348866,0.18645182,0.18645182,0.18645182,0.18645182,0.51970124
468,0.3491499,0.3491499,0.44348866,0.18645182,0.18645182,0.18645182,0.18645182,0.39565858
469,0.3491499,0.3491499,0.44348866,0.18645182,0.18645182,0.18645182,0.18645182,0.31084493
470,0.3491499,0.3491499,0.44348866,0.18645182,0.18645182,0.18645182,0.18645182,0.4031976
471,0.3491499,0.3491499,0.44348866,0.18645182,0.18645182,0.18645182,0.18645182,0.22771172
472,0.47297877,0.47297877,0.44348866,0.18645182,0.18645182,0.18645182,0.18645182,0.57163334
473,0.47297877,0.47297877,0.44348866,0.18645182,0.18645182,0.18645182,0.18645182,0.62785465
474,0.47297877,0.47297877,0.44348866,0.18645182,0.18645182,0.18645182,0.18645182,0.2053389
475,0.47297877,0.47297877,0.44348866,0.18645182,0.18645182,0.18645182,0.18645182,0.51970124
476,0.47297877,0.47297877,0.44348866,0.18645182,0.18645182,0.18645182,0.18645182,0.39565858
477,0.47297877,0.47297877,0.44348866,0.18645182,0.18645182,0.18645182,0.18645182,0.31084493
478,0.47297877,0.47297877,0.44348866,0.18645182,0.18645182,0.18645182,0.18645182,0.4031976
479,0.47297877,0.47297877,0.44348866,0.18645182,0.18645182,0.18645182,0.18645182,0.22771172
480,0.57163334,0.51970124,0.26438892,0.22771172,0.22771172,0.22771172,0.22771172,0.57163334
481,0.57163334,0.51970124,0.26438892,0.22771172,0.22771172,0.22771172,0.22771172,0.62785465
482,0.57163334,0.51970124,0.26438892,0.22771172,0.22771172,0.22771172,0.22771172,0.2053389
483,0.57163334,0.51970124,0.26438892,0.22771172,0.22771172,0.22771172,0.22771172,0.51970124
484,0.57163334,0.51970124,0.26438892,0.22771172,0.22771172,0.22771172,0.22771172,0.39565858
485,0.57163334,0.51970124,0.26438892,0.22771172,0.22771172,0.22771172,0.22771172,0.31084493
486,0.57163334,0.51970124,0.26438892,0.22771172,0.22771172,0.22771172,0.22771172,0.4031976
487,0.57163334,0.51970124,0.26438892,0.22771172,0.22771172,0.22771172,0.22771172,0.22771172
488,0.51970124,0.2053389,0.26438892,0.23458146,0.23458146,0.23458146,0.23458146,0.57163334
489,0.51970124,0.2053389,0.26438892,0.23458146,0.23458146,0.23458146,0.23458146,0.62785465
490,0.51970124,0.2053389,0.26438892,0.23458146,0.23458146,0.23458146,0.23458146,0.2053389
491,0.51970124,0.2053389,0.26438892,0.23458146,0.23458146,0.23458146,0.23458146,0.51970124
492,0.51970124,0.2053389,0.26438892,0.23458146,0.23458146,0.23458146,0.23458146,0.39565858
493,0.51970124,0.2053389,0.26438892,0.23458146,0.23458146,0.23458146,0.23458146,0.31084493
494,0.51970124,0.2053389,0.26438892,0.23458146,0.23458146,0.23458146,0.23458146,0.4031976
495,0.51970124,0.2053389,0.26438892,0.23458146,0.23458146,0.23458146,0.23458146,0.22771172
496,0.2053389,0.47297877,0.36311576,0.23458146,0.23458146,0.23458146,0.23458146,0.57163334
497,0.2053389,0.47297877,0.36311576,0.23458146,0.23458146,0.23458146,0.23458146,0.62785465
498,0.2053389,0.47297877,0.36311576,0.23458146,0.23458146,0.23458146,0.23458146,0.2053389
499,0.2053389,0.47297877,0.36311576,0.23458146,0.23458146,0.23458146,0.23458146,0.51970124
500,0.2053389,0.47297877,0.36311576,0.23458146,0.23458146,0.23458146,0.23458146,0.39565858
501,0.2053389,0.47297877,0.36311576,0.23458146,0.23458146,0.23458146,0.23458146,0.31084493
502,0.2053389,0.47297877,0.36311576,0.23458146,0.23458146,0.23458146,0.23458146,0.4031976
503,0.2053389,0.47297877,0.36311576,0.23458146,0.23458146,0.23458146,0.23458146,0.22771172
504,0.57163334,0.2053389,0.36311576,0.39386368,0.39386368,0.39386368,0.39386368,0.57163334
505,0.57163334,0.2053389,0.36311576,0.39386368,0.39386368,0.39386368,0.39386368,0.62785465
506,0.57163334,0.2053389,0.36311576,0.39386368,0.39386368,0.39386368,0.39386368,0.2053389
507,0.57163334,0.2053389,0.36311576,0.39386368,0.39386368,0.39386368,0.39386368,0.51970124
508,0.57163334,0.2053389,0.36311576,0.39386368,0.39386368,0.39386368,0.39386368,0.39565858
509,0.57163334,0.2053389,0.36311576,0.39386368,0.39386368,0.39386368,0.39386368,0.31084493
510,0.57163334,0.2053389,0.36311576,0.39386368,0.39386368,0.39386368,0.39386368,0.4031976
511,0.57163334,0.2053389,0.36311576,0.39386368,0.39386368,0.39386368,0.39386368,0.22771172
512,0.2053389,0.3491499,0.44348866,0.39386368,0.39386368,0.39386368,0.39386368,0.57163334
513,0.2053389,0.3491499,0.44348866,0.39386368,0.39386368,0.39386368,0.39386368,0.62785465
514,0.2053389,0.3491499,0.44348866,0.39386368,0.39386368,0.39386368,0.39386368,0.2053389
515,0.2053389,0.3491499,0.44348866,0.39386368,0.39386368,0.39386368,0.39386368,0.51970124
516,0.2053389,0.3491499,0.44348866,0.39386368,0.39386368,0.39386368,0.39386368,0.39565858
517,0.2053389,0.3491499,0.44348866,0.39386368,0.39386368,0.39386368,0.39386368,0.31084493
518,0.2053389,0.3491499,0.44348866,0.39386368,0.39386368,0.39386368,0.39386368,0.4031976
519,0.2053389,0.3491499,0.44348866,0.39386368,0.39386368,0.39386368,0.39386368,0.22771172
520,0.3491499,0.47297877,0.44348866,0.18645182,0.18645182,0.18645182,0.18645182,0.57163334
521,0.3491499,0.47297877,0.44348866,0.18645182,0.18645182,0.18645182,0.18645182,0.62785465
522,0.3491499,0.47297877,0.44348866,0.18645182,0.18645182,0.18645182,0.18645182,0.2053389
523,0.3491499,0.47297877,0.44348866,0.18645182,0.18645182,0.18645182,0.18645182,0.51970124
524,0.3491499,0.47297877,0.44348866,0.18645182,0.18645182,0.18645182,0.18645182,0.39565858
525,0.3491499,0.47297877,0.44348866,0.18645182,0.18645182,0.18645182,0.18645182,0.31084493
526,0.3491499,0.47297877,0.44348866,0.18645182,0.18645182,0.18645182,0.18645182,0.4031976
527,0.3491499,0.47297877,0.44348866,0.18645182,0.18645182,0.18645182,0.18645182,0.22771172
528,0.57163334,0.57163334,0.26438892,0.22771172,0.22771172,0.22771172,0.23458146,0.57163334
529,0.57163334,0.57163334,0.26438892,0.22771172,0.22771172,0.22771172,0.23458146,0.62785465
530,0.57163334,0.57163334,0.26438892,0.22771172,0.22771172,0.22771172,0.23458146,0.2053389
531,0.57163334,0.57163334,0.26438892,0.22771172,0.22771172,0.22771172,0.23458146,0.51970124
532,0.57163334,0.57163334,0.26438892,0.22771172,0.22771172,0.22771172,0.23458146,0.39565858
533,0.57163334,0.57163334,0.26438892,0.22771172,0.22771172,0.22771172,0.23458146,0.31084493
534,0.57163334,0.57163334,0.26438892,0.22771172,0.22771172,0.22771172,0.23458146,0.4031976
535,0.57163334,0.57163334,0.26438892,0.22771172,0.22771172,0.22771172,0.23458146,0.22771172
536,0.51970124,0.51970124,0.26438892,0.22771172,0.22771172,0.22771172,0.23458146,0.57163334
537,0.51970124,0.51970124,0.26438892,0.22771172,0.22771172,0.22771172,0.23458146,0.62785465
538,0.51970124,0.51970124,0.26438892,0.22771172,0.22771172,0.22771172,0.23458146,0.2053389
539,0.51970124,0.51970124,0.26438892,0.22771172,0.22771172,0.22771172,0.23458146,0.51970124
540,0.51970124,0.51970124,0.26438892,0.22771172,0.22771172,0.22771172,0.23458146,0.39565858
541,0.51970124,0.51970124,0.26438892,0.22771172,0.22771172,0.22771172,0.23458146,0.31084493
542,0.51970124,0.51970124,0.26438892,0.22771172,0.22771172,0.22771172,0.23458146,0.4031976
543,0.51970124,0.51970124,0.26438892,0.22771172,0.22771172,0.22771172,0.23458146,0.22771172
544,0.57163334,0.57163334,0.36311576,0.23458146,0.23458146,0.23458146,0.39386368,0.57163334
545,0.57163334,0.57163334,0.36311576,0.23458146,0.23458146,0.23458146,0.39386368,0.62785465
546,0.57163334,0.57163334,0.36311576,0.23458146,0.23458146,0.23458146,0.39386368,0.2053389
547,0.57163334,0.57163334,0.36311576,0.23458146,0.23458146,0.23458146,0.39386368,0.51970124
548,0.57163334,0.57163334,0.36311576,0.23458146,0.23458146,0.23458146,0.39386368,0.39565858
549,0.57163334,0.57163334,0.36311576,0.23458146,0.23458146,0.23458146,0.39386368,0.31084493
550,0.57163334,0.57163334,0.36311576,0.23458146,0.23458146,0.23458146,0.39386368,0.4031976
551,0.57163334,0.57163334,0.36311576,0.23458146,0.23458146,0.23458146,0.39386368,0.22771172
552,0.51970124,0.51970124,0.36311576,0.23458146,0.23458146,0.23458146,0.39386368,0.57163334
553,0.51970124,0.51970124,0.36311576,0.23458146,0.23458146,0.23458146,0.39386368,0.62785465
554,0.51970124,0.51970124,0.36311576,0.23458146,0.23458146,0.23458146,0.39386368,0.2053389
555,0.51970124,0.51970124,0.36311576,0.23458146,0.23458146,0.23458146,0.39386368,0.51970124
556,0.51970124,0.51970124,0.36311576,0.23458146,0.23458146,0.23458146,0.39386368,0.39565858
557,0.51970124,0.51970124,0.36311576,0.23458146,0.23458146,0.23458146,0.39386368,0.31084493
558,0.51970124,0.51970124,0.36311576,0.23458146,0.23458146,0.23458146,0.39386368,0.4031976
559,0.51970124,0.51970124,0.36311576,0.23458146,0.23458146,0.23458146,0.39386368,0.22771172
560,0.57163334,0.57163334,0.44348866,0.39386368,0.39386368,0.39386368,0.18645182,0.57163334
561,0.57163334,0.57163334,0.44348866,0.39386368,0.39386368,0.39386368,0.18645182,0.62785465
562,0.57163334,0.57163334,0.44348866,0.39386368,0.39386368,0.39386368,0.18645182,0.2053389
563,0.57163334,0.57163334,0.44348866,0.39386368,0.39386368,0.39386368,0.18645182,0.51970124
564,0.57163334,0.57163334,0.44348866,0.39386368,0.39386368,0.39386368,0.18645182,0.39565858
565,0.57163334,0.57163334,0.44348866,0.39386368,0.39386368,0.39386368,0.18645182,0.31084493
566,0.57163334,0.57163334,0.44348866,0.39386368,0.39386368,0.39386368,0.18645182,0.4031976
567,0.57163334,0.57163334,0.44348866,0.39386368,0.39386368,0.39386368,0.18645182,0.22771172
568,0.51970124,0.51970124,0.44348866,0.39386368,0.39386368,0.39386368,0.18645182,0.57163334
569,0.51970124,0.51970124,0.44348866,0.39386368,0.39386368,0.39386368,0.18645182,0.62785465
570,0.51970124,0.51970124,0.44348866,0.39386368,0.39386368,0.39386368,0.18645182,0.2053389
571,0.51970124,0.51970124,0.44348866,0.39386368,0.39386368,0.39386368,0.18645182,0.51970124
572,0.51970124,0.51970124,0.44348866,0.39386368,0.39386368,0.39386368,0.18645182,0.39565858
573,0.51970124,0.51970124,0.44348866,0.39386368,0.39386368,0.39386368,0.18645182,0.31084493
574,0.51970124,0.51970124,0.44348866,0.39386368,0.39386368,0.39386368,0.18645182,0.4031976
575,0.51970124,0.51970124,0.44348866,0.39386368,0.39386368,0.39386368,0.18645182,0.22771172
576,0.2053389,0.2053389,0.26438892,0.22771172,0.22771172,0.23458146,0.23458146,0.57163334
577,0.2053389,0.2053389,0.26438892,0.22771172,0.22771172,0.23458146,0.23458146,0.62785465
578,0.2053389,0.2053389,0.26438892,0.22771172,0.22771172,0.23458146,0.23458146,0.2053389
579,0.2053389,0.2053389,0.26438892,0.22771172,0.22771172,0.23458146,0.23458146,0.51970124
580,0.2053389,0.2053389,0.26438892,0.22771172,0.22771172,0.23458146,0.23458146,0.39565858
581,0.2053389,0.2053389,0.26438892,0.22771172,0.22771172,0.23458146,0.23458146,0.31084493
582,0.2053389,0.2053389,0.26438892,0.22771172,0.22771172,0.23458146,0.23458146,0.4031976
583,0.2053389,0.2053389,0.26438892,0.22771172,0.22771172,0.23458146,0.23458146,0.22771172
584,0.3491499,0.3491499,0.26438892,0.22771172,0.22771172,0.22771172,0.39386368,0.57163334
585,0.3491499,0.3491499,0.26438892,0.22771172,0.22771172,0.22771172,0.39386368,0.62785465
586,0.3491499,0.3491499,0.26438892,0.22771172,0.22771172,0.22771172,0.39386368,0.2053389
587,0.3491499,0.3491499,0.26438892,0.22771172,0.22771172,0.22771172,0.39386368,0.51970124
588,0.3491499,0.3491499,0.26438892,0.22771172,0.22771172,0.22771172,0.39386368,0.39565858
589,0.3491499,0.3491499,0.26438892,0.22771172,0.22771172,0.22771172,0.39386368,0.31084493
590,0.3491499,0.3491499,0.26438892,0.22771172,0.22771172,0.22771172,0.39386368,0.4031976
591,0.3491499,0.3491499,0.26438892,0.22771172,0.22771172,0.22771172,0.39386368,0.22771172
592,0.2053389,0.2053389,0.36311576,0.39386368,0.39386368,0.18645182,0.23458146,0.57163334
593,0.2053389,0.2053389,0.36311576,0.39386368,0.39386368,0.18645182,0.23458146,0.62785465
594,0.2053389,0.2053389,0.36311576,0.39386368,0.39386368,0.18645182,0.23458146,0.2053389
595,0.2053389,0.2053389,0.36311576,0.39386368,0.39386368,0.18645182,0.23458146,0.51970124
596,0.2053389,0.2053389,0.36311576,0.39386368,0.39386368,0.18645182,0.23458146,0.39565858
597,0.2053389,0.2053389,0.36311576,0.39386368,0.39386368,0.18645182,0.23458146,0.31084493
598,0.2053389,0.2053389,0.36311576,0.39386368,0.39386368,0.18645182,0.23458146,0.4031976
599,0.2053389,0.2053389,0.36311576,0.39386368,0.39386368,0.18645182,0.23458146,0.22771172
600,0.47297877,0.47297877,0.44348866,0.18645182,0.18645182,0.18645182,0.23458146,0.57163334
601,0.47297877,0.47297877,0.44348866,0.18645182,0.18645182,0.18645182,0.23458146,0.62785465
602,0.47297877,0.47297877,0.44348866,0.18645182,0.18645182,0.18645182,0.23458146,0.2053389
603,0.47297877,0.47297877,0.44348866,0.18645182,0.18645182,0.18645182,0.23458146,0.51970124
604,0.47297877,0.47297877,0.44348866,0.18645182,0.18645182,0.18645182,0.23458146,0.39565858
605,0.47297877,0.47297877,0.44348866,0.18645182,0.18645182,0.18645182,0.23458146,0.31084493
606,0.47297877,0.47297877,0.44348866,0.18645182,0.18645182,0.18645182,0.23458146,0.4031976
607,0.47297877,0.47297877,0.44348866,0.18645182,0.18645182,0.18645182,0.23458146,0.22771172
608,0.2053389,0.2053389,0.44348866,0.22771172,0.23458146,0.39386368,0.18645182,0.57163334
609,0.2053389,0.2053389,0.44348866,0.22771172,0.23458146,0.39386368,0.18645182,0.62785465
610,0.2053389,0.2053389,0.44348866,0.22771172,0.23458146,0.39386368,0.18645182,0.2053389
611,0.2053389,0.2053389,0.44348866,0.22771172,0.23458146,0.39386368,0.18645182,0.51970124
612,0.2053389,0.2053389,0.44348866,0.22771172,0.23458146,0.39386368,0.18645182,0.39565858
613,0.2053389,0.2053389,0.44348866,0.22771172,0.23458146,0.39386368,0.18645182,0.31084493
614,0.2053389,0.2053389,0.44348866,0.22771172,0.23458146,0.39386368,0.18645182,0.4031976
615,0.2053389,0.2053389,0.44348866,0.22771172,0.23458146,0.39386368,0.18645182,0.22771172
616,0.47297877,0.47297877,0.36311576,0.39386368,0.39386368,0.18645182,0.18645182,0.57163334
617,0.47297877,0.47297877,0.36311576,0.39386368,0.39386368,0.18645182,0.18645182,0.62785465
618,0.47297877,0.47297877,0.36311576,0.39386368,0.39386368,0.18645182,0.18645182,0.2053389
619,0.47297877,0.47297877,0.36311576,0.39386368,0.39386368,0.18645182,0.18645182,0.51970124
620,0.47297877,0.47297877,0.36311576,0.39386368,0.39386368,0.18645182,0.18645182,0.39565858
621,0.47297877,0.47297877,0.36311576,0.39386368,0.39386368,0.18645182,0.18645182,0.31084493
622,0.47297877,0.47297877,0.36311576,0.39386368,0.39386368,0.18645182,0.18645182,0.4031976
623,0.47297877,0.47297877,0.36311576,0.39386368,0.39386368,0.18645182,0.18645182,0.22771172
624,0.3491499,0.3491499,0.44348866,0.22771172,0.22771172,0.22771172,0.18645182,0.57163334
625,0.3491499,0.3491499,0.44348866,0.22771172,0.22771172,0.22771172,0.18645182,0.62785465
626,0.3491499,0.3491499,0.44348866,0.22771172,0.22771172,0.22771172,0.18645182,0.2053389
627,0.3491499,0.3491499,0.44348866,0.22771172,0.22771172,0.22771172,0.18645182,0.51970124
628,0.3491499,0.3491499,0.44348866,0.22771172,0.22771172,0.22771172,0.18645182,0.39565858
629,0.3491499,0.3491499,0.44348866,0.22771172,0.22771172,0.22771172,0.18645182,0.31084493
630,0.3491499,0.3491499,0.44348866,0.22771172,0.22771172,0.22771172,0.18645182,0.4031976
631,0.3491499,0.3491499,0.44348866,0.22771172,0.22771172,0.22771172,0.18645182,0.22771172
632,0.3491499,0.3491499,0.36311576,0.23458146,0.23458146,0.18645182,0.18645182,0.57163334
633,0.3491499,0.3491499,0.36311576,0.23458146,0.23458146,0.18645182,0.18645182,0.62785465
634,0.3491499,0.3491499,0.36311576,0.23458146,0.23458146,0.18645182,0.18645182,0.2053389
635,0.3491499,0.3491499,0.36311576,0.23458146,0.23458146,0.18645182,0.18645182,0.51970124
636,0.3491499,0.3491499,0.36311576,0.23458146,0.23458146,0.18645182,0.18645182,0.39565858
637,0.3491499,0.3491499,0.36311576,0.23458146,0.23458146,0.18645182,0.18645182,0.31084493
638,0.3491499,0.3491499,0.36311576,0.23458146,0.23458146,0.18645182,0.18645182,0.4031976
639,0.3491499,0.3491499,0.36311576,0.23458146,0.23458146,0.18645182,0.18645182,0.22771172
