,photo_A1,photo_A2,photo_B,photo_X1,photo_X2,photo_X3,photo_X4
0,0.21369803,0.21369803,0.2188383,0.2255989,0.2255989,0.2255989,0.2255989
1,0.21369803,0.21369803,0.2188383,0.2255989,0.2255989,0.2255989,0.2255989
2,0.21369803,0.21369803,0.2188383,0.2255989,0.2255989,0.2255989,0.2255989
3,0.21369803,0.21369803,0.2188383,0.2255989,0.2255989,0.2255989,0.2255989
4,0.21369803,0.21369803,0.2188383,0.2255989,0.2255989,0.2255989,0.2255989
5,0.21369803,0.21369803,0.2188383,0.2255989,0.2255989,0.2255989,0.2255989
6,0.21369803,0.21369803,0.2188383,0.2255989,0.2255989,0.2255989,0.2255989
7,0.21369803,0.21369803,0.2188383,0.2255989,0.2255989,0.2255989,0.2255989
8,0.24808288,0.24808288,0.2188383,0.2255989,0.2255989,0.2255989,0.2255989
9,0.24808288,0.24808288,0.2188383,0.2255989,0.2255989,0.2255989,0.2255989
10,0.24808288,0.24808288,0.2188383,0.2255989,0.2255989,0.2255989,0.2255989
11,0.24808288,0.24808288,0.2188383,0.2255989,0.2255989,0.2255989,0.2255989
12,0.24808288,0.24808288,0.2188383,0.2255989,0.2255989,0.2255989,0.2255989
13,0.24808288,0.24808288,0.2188383,0.2255989,0.2255989,0.2255989,0.2255989
14,0.24808288,0.24808288,0.2188383,0.2255989,0.2255989,0.2255989,0.2255989
15,0.24808288,0.24808288,0.2188383,0.2255989,0.2255989,0.2255989,0.2255989
16,0.24078286,0.24078286,0.2188383,0.2255989,0.2255989,0.2255989,0.2255989
17,0.24078286,0.24078286,0.2188383,0.2255989,0.2255989,0.2255989,0.2255989
18,0.24078286,0.24078286,0.2188383,0.2255989,0.2255989,0.2255989,0.2255989
19,0.24078286,0.24078286,0.2188383,0.2255989,0.2255989,0.2255989,0.2255989
20,0.24078286,0.24078286,0.2188383,0.2255989,0.2255989,0.2255989,0.2255989
21,0.24078286,0.24078286,0.2188383,0.2255989,0.2255989,0.2255989,0.2255989
22,0.24078286,0.24078286,0.2188383,0.2255989,0.2255989,0.2255989,0.2255989
23,0.24078286,0.24078286,0.2188383,0.2255989,0.2255989,0.2255989,0.2255989
24,0.30728492,0.30728492,0.2188383,0.2255989,0.2255989,0.2255989,0.2255989
25,0.30728492,0.30728492,0.2188383,0.2255989,0.2255989,0.2255989,0.2255989
26,0.30728492,0.30728492,0.2188383,0.2255989,0.2255989,0.2255989,0.2255989
27,0.30728492,0.30728492,0.2188383,0.2255989,0.2255989,0.2255989,0.2255989
28,0.30728492,0.30728492,0.2188383,0.2255989,0.2255989,0.2255989,0.2255989
29,0.30728492,0.30728492,0.2188383,0.2255989,0.2255989,0.2255989,0.2255989
30,0.30728492,0.30728492,0.2188383,0.2255989,0.2255989,0.2255989,0.2255989
31,0.30728492,0.30728492,0.2188383,0.2255989,0.2255989,0.2255989,0.2255989
32,0.32346746,0.32346746,0.2188383,0.2255989,0.2255989,0.2255989,0.2255989
33,0.32346746,0.32346746,0.2188383,0.2255989,0.2255989,0.2255989,0.2255989
34,0.32346746,0.32346746,0.2188383,0.2255989,0.2255989,0.2255989,0.2255989
35,0.32346746,0.32346746,0.2188383,0.2255989,0.2255989,0.2255989,0.2255989
36,0.32346746,0.32346746,0.2188383,0.2255989,0.2255989,0.2255989,0.2255989
37,0.32346746,0.32346746,0.2188383,0.2255989,0.2255989,0.2255989,0.2255989
38,0.32346746,0.32346746,0.2188383,0.2255989,0.2255989,0.2255989,0.2255989
39,0.32346746,0.32346746,0.2188383,0.2255989,0.2255989,0.2255989,0.2255989
40,0.21369803,0.21369803,0.15193579,0.2255989,0.2255989,0.2255989,0.2255989
41,0.21369803,0.21369803,0.15193579,0.2255989,0.2255989,0.2255989,0.2255989
42,0.21369803,0.21369803,0.15193579,0.2255989,0.2255989,0.2255989,0.2255989
43,0.21369803,0.21369803,0.15193579,0.2255989,0.2255989,0.2255989,0.2255989
44,0.21369803,0.21369803,0.15193579,0.2255989,0.2255989,0.2255989,0.2255989
45,0.21369803,0.21369803,0.15193579,0.2255989,0.2255989,0.2255989,0.2255989
46,0.21369803,0.21369803,0.15193579,0.2255989,0.2255989,0.2255989,0.2255989
47,0.21369803,0.21369803,0.15193579,0.2255989,0.2255989,0.2255989,0.2255989
48,0.24808288,0.24808288,0.15193579,0.2255989,0.2255989,0.2255989,0.2255989
49,0.24808288,0.24808288,0.15193579,0.2255989,0.2255989,0.2255989,0.2255989
50,0.24808288,0.24808288,0.15193579,0.2255989,0.2255989,0.2255989,0.2255989
51,0.24808288,0.24808288,0.15193579,0.2255989,0.2255989,0.2255989,0.2255989
52,0.24808288,0.24808288,0.15193579,0.2255989,0.2255989,0.2255989,0.2255989
53,0.24808288,0.24808288,0.15193579,0.2255989,0.2255989,0.2255989,0.2255989
54,0.24808288,0.24808288,0.15193579,0.2255989,0.2255989,0.2255989,0.2255989
55,0.24808288,0.24808288,0.15193579,0.2255989,0.2255989,0.2255989,0.2255989
56,0.24078286,0.24078286,0.15193579,0.2255989,0.2255989,0.2255989,0.2255989
57,0.24078286,0.24078286,0.15193579,0.2255989,0.2255989,0.2255989,0.2255989
58,0.24078286,0.24078286,0.15193579,0.2255989,0.2255989,0.2255989,0.2255989
59,0.24078286,0.24078286,0.15193579,0.2255989,0.2255989,0.2255989,0.2255989
60,0.24078286,0.24078286,0.15193579,0.2255989,0.2255989,0.2255989,0.2255989
61,0.24078286,0.24078286,0.15193579,0.2255989,0.2255989,0.2255989,0.2255989
62,0.24078286,0.24078286,0.15193579,0.2255989,0.2255989,0.2255989,0.2255989
63,0.24078286,0.24078286,0.15193579,0.2255989,0.2255989,0.2255989,0.2255989
64,0.30728492,0.30728492,0.15193579,0.2255989,0.2255989,0.2255989,0.2255989
65,0.30728492,0.30728492,0.15193579,0.2255989,0.2255989,0.2255989,0.2255989
66,0.30728492,0.30728492,0.15193579,0.2255989,0.2255989,0.2255989,0.2255989
67,0.30728492,0.30728492,0.15193579,0.2255989,0.2255989,0.2255989,0.2255989
68,0.30728492,0.30728492,0.15193579,0.2255989,0.2255989,0.2255989,0.2255989
69,0.30728492,0.30728492,0.15193579,0.2255989,0.2255989,0.2255989,0.2255989
70,0.30728492,0.30728492,0.15193579,0.2255989,0.2255989,0.2255989,0.2255989
71,0.30728492,0.30728492,0.15193579,0.2255989,0.2255989,0.2255989,0.2255989
72,0.32346746,0.32346746,0.15193579,0.2255989,0.2255989,0.2255989,0.2255989
73,0.32346746,0.32346746,0.15193579,0.2255989,0.2255989,0.2255989,0.2255989
74,0.32346746,0.32346746,0.15193579,0.2255989,0.2255989,0.2255989,0.2255989
75,0.32346746,0.32346746,0.15193579,0.2255989,0.2255989,0.2255989,0.2255989
76,0.32346746,0.32346746,0.15193579,0.2255989,0.2255989,0.2255989,0.2255989
77,0.32346746,0.32346746,0.15193579,0.2255989,0.2255989,0.2255989,0.2255989
78,0.32346746,0.32346746,0.15193579,0.2255989,0.2255989,0.2255989,0.2255989
79,0.32346746,0.32346746,0.15193579,0.2255989,0.2255989,0.2255989,0.2255989
80,0.21369803,0.21369803,0.14878257,0.2255989,0.2255989,0.2255989,0.2255989
81,0.21369803,0.21369803,0.14878257,0.2255989,0.2255989,0.2255989,0.2255989
82,0.21369803,0.21369803,0.14878257,0.2255989,0.2255989,0.2255989,0.2255989
83,0.21369803,0.21369803,0.14878257,0.2255989,0.2255989,0.2255989,0.2255989
84,0.21369803,0.21369803,0.14878257,0.2255989,0.2255989,0.2255989,0.2255989
85,0.21369803,0.21369803,0.14878257,0.2255989,0.2255989,0.2255989,0.2255989
86,0.21369803,0.21369803,0.14878257,0.2255989,0.2255989,0.2255989,0.2255989
87,0.21369803,0.21369803,0.14878257,0.2255989,0.2255989,0.2255989,0.2255989
88,0.24808288,0.24808288,0.14878257,0.2255989,0.2255989,0.2255989,0.2255989
89,0.24808288,0.24808288,0.14878257,0.2255989,0.2255989,0.2255989,0.2255989
90,0.24808288,0.24808288,0.14878257,0.2255989,0.2255989,0.2255989,0.2255989
91,0.24808288,0.24808288,0.14878257,0.2255989,0.2255989,0.2255989,0.2255989
92,0.24808288,0.24808288,0.14878257,0.2255989,0.2255989,0.2255989,0.2255989
93,0.24808288,0.24808288,0.14878257,0.2255989,0.2255989,0.2255989,0.2255989
94,0.24808288,0.24808288,0.14878257,0.2255989,0.2255989,0.2255989,0.2255989
95,0.24808288,0.24808288,0.14878257,0.2255989,0.2255989,0.2255989,0.2255989
96,0.24078286,0.24078286,0.14878257,0.2255989,0.2255989,0.2255989,0.2255989
97,0.24078286,0.24078286,0.14878257,0.2255989,0.2255989,0.2255989,0.2255989
98,0.24078286,0.24078286,0.14878257,0.2255989,0.2255989,0.2255989,0.2255989
99,0.24078286,0.24078286,0.14878257,0.2255989,0.2255989,0.2255989,0.2255989
100,0.24078286,0.24078286,0.14878257,0.2255989,0.2255989,0.2255989,0.2255989
101,0.24078286,0.24078286,0.14878257,0.2255989,0.2255989,0.2255989,0.2255989
102,0.24078286,0.24078286,0.14878257,0.2255989,0.2255989,0.2255989,0.2255989
103,0.24078286,0.24078286,0.14878257,0.2255989,0.2255989,0.2255989,0.2255989
104,0.30728492,0.30728492,0.14878257,0.2255989,0.2255989,0.2255989,0.2255989
105,0.30728492,0.30728492,0.14878257,0.2255989,0.2255989,0.2255989,0.2255989
106,0.30728492,0.30728492,0.14878257,0.2255989,0.2255989,0.2255989,0.2255989
107,0.30728492,0.30728492,0.14878257,0.2255989,0.2255989,0.2255989,0.2255989
108,0.30728492,0.30728492,0.14878257,0.2255989,0.2255989,0.2255989,0.2255989
109,0.30728492,0.30728492,0.14878257,0.2255989,0.2255989,0.2255989,0.2255989
110,0.30728492,0.30728492,0.14878257,0.2255989,0.2255989,0.2255989,0.2255989
111,0.30728492,0.30728492,0.14878257,0.2255989,0.2255989,0.2255989,0.2255989
112,0.32346746,0.32346746,0.14878257,0.2255989,0.2255989,0.2255989,0.2255989
113,0.32346746,0.32346746,0.14878257,0.2255989,0.2255989,0.2255989,0.2255989
114,0.32346746,0.32346746,0.14878257,0.2255989,0.2255989,0.2255989,0.2255989
115,0.32346746,0.32346746,0.14878257,0.2255989,0.2255989,0.2255989,0.2255989
116,0.32346746,0.32346746,0.14878257,0.2255989,0.2255989,0.2255989,0.2255989
117,0.32346746,0.32346746,0.14878257,0.2255989,0.2255989,0.2255989,0.2255989
118,0.32346746,0.32346746,0.14878257,0.2255989,0.2255989,0.2255989,0.2255989
119,0.32346746,0.32346746,0.14878257,0.2255989,0.2255989,0.2255989,0.2255989
120,0.21369803,0.21369803,0.2188383,0.14601703,0.14601703,0.14601703,0.14601703
121,0.21369803,0.21369803,0.2188383,0.14601703,0.14601703,0.14601703,0.14601703
122,0.21369803,0.21369803,0.2188383,0.14601703,0.14601703,0.14601703,0.14601703
123,0.21369803,0.21369803,0.2188383,0.14601703,0.14601703,0.14601703,0.14601703
124,0.21369803,0.21369803,0.2188383,0.14601703,0.14601703,0.14601703,0.14601703
125,0.21369803,0.21369803,0.2188383,0.14601703,0.14601703,0.14601703,0.14601703
126,0.21369803,0.21369803,0.2188383,0.14601703,0.14601703,0.14601703,0.14601703
127,0.21369803,0.21369803,0.2188383,0.14601703,0.14601703,0.14601703,0.14601703
128,0.24808288,0.24808288,0.2188383,0.14601703,0.14601703,0.14601703,0.14601703
129,0.24808288,0.24808288,0.2188383,0.14601703,0.14601703,0.14601703,0.14601703
130,0.24808288,0.24808288,0.2188383,0.14601703,0.14601703,0.14601703,0.14601703
131,0.24808288,0.24808288,0.2188383,0.14601703,0.14601703,0.14601703,0.14601703
132,0.24808288,0.24808288,0.2188383,0.14601703,0.14601703,0.14601703,0.14601703
133,0.24808288,0.24808288,0.2188383,0.14601703,0.14601703,0.14601703,0.14601703
134,0.24808288,0.24808288,0.2188383,0.14601703,0.14601703,0.14601703,0.14601703
135,0.24808288,0.24808288,0.2188383,0.14601703,0.14601703,0.14601703,0.14601703
136,0.24078286,0.24078286,0.2188383,0.14601703,0.14601703,0.14601703,0.14601703
137,0.24078286,0.24078286,0.2188383,0.14601703,0.14601703,0.14601703,0.14601703
138,0.24078286,0.24078286,0.2188383,0.14601703,0.14601703,0.14601703,0.14601703
139,0.24078286,0.24078286,0.2188383,0.14601703,0.14601703,0.14601703,0.14601703
140,0.24078286,0.24078286,0.2188383,0.14601703,0.14601703,0.14601703,0.14601703
141,0.24078286,0.24078286,0.2188383,0.14601703,0.14601703,0.14601703,0.14601703
142,0.24078286,0.24078286,0.2188383,0.14601703,0.14601703,0.14601703,0.14601703
143,0.24078286,0.24078286,0.2188383,0.14601703,0.14601703,0.14601703,0.14601703
144,0.30728492,0.30728492,0.2188383,0.14601703,0.14601703,0.14601703,0.14601703
145,0.30728492,0.30728492,0.2188383,0.14601703,0.14601703,0.14601703,0.14601703
146,0.30728492,0.30728492,0.2188383,0.14601703,0.14601703,0.14601703,0.14601703
147,0.30728492,0.30728492,0.2188383,0.14601703,0.14601703,0.14601703,0.14601703
148,0.30728492,0.30728492,0.2188383,0.14601703,0.14601703,0.14601703,0.14601703
149,0.30728492,0.30728492,0.2188383,0.14601703,0.14601703,0.14601703,0.14601703
150,0.30728492,0.30728492,0.2188383,0.14601703,0.14601703,0.14601703,0.14601703
151,0.30728492,0.30728492,0.2188383,0.14601703,0.14601703,0.14601703,0.14601703
152,0.32346746,0.32346746,0.2188383,0.14601703,0.14601703,0.14601703,0.14601703
153,0.32346746,0.32346746,0.2188383,0.14601703,0.14601703,0.14601703,0.14601703
154,0.32346746,0.32346746,0.2188383,0.14601703,0.14601703,0.14601703,0.14601703
155,0.32346746,0.32346746,0.2188383,0.14601703,0.14601703,0.14601703,0.14601703
156,0.32346746,0.32346746,0.2188383,0.14601703,0.14601703,0.14601703,0.14601703
157,0.32346746,0.32346746,0.2188383,0.14601703,0.14601703,0.14601703,0.14601703
158,0.32346746,0.32346746,0.2188383,0.14601703,0.14601703,0.14601703,0.14601703
159,0.32346746,0.32346746,0.2188383,0.14601703,0.14601703,0.14601703,0.14601703
160,0.21369803,0.21369803,0.15193579,0.14601703,0.14601703,0.14601703,0.14601703
161,0.21369803,0.21369803,0.15193579,0.14601703,0.14601703,0.14601703,0.14601703
162,0.21369803,0.21369803,0.15193579,0.14601703,0.14601703,0.14601703,0.14601703
163,0.21369803,0.21369803,0.15193579,0.14601703,0.14601703,0.14601703,0.14601703
164,0.21369803,0.21369803,0.15193579,0.14601703,0.14601703,0.14601703,0.14601703
165,0.21369803,0.21369803,0.15193579,0.14601703,0.14601703,0.14601703,0.14601703
166,0.21369803,0.21369803,0.15193579,0.14601703,0.14601703,0.14601703,0.14601703
167,0.21369803,0.21369803,0.15193579,0.14601703,0.14601703,0.14601703,0.14601703
168,0.24808288,0.24808288,0.15193579,0.14601703,0.14601703,0.14601703,0.14601703
169,0.24808288,0.24808288,0.15193579,0.14601703,0.14601703,0.14601703,0.14601703
170,0.24808288,0.24808288,0.15193579,0.14601703,0.14601703,0.14601703,0.14601703
171,0.24808288,0.24808288,0.15193579,0.14601703,0.14601703,0.14601703,0.14601703
172,0.24808288,0.24808288,0.15193579,0.14601703,0.14601703,0.14601703,0.14601703
173,0.24808288,0.24808288,0.15193579,0.14601703,0.14601703,0.14601703,0.14601703
174,0.24808288,0.24808288,0.15193579,0.14601703,0.14601703,0.14601703,0.14601703
175,0.24808288,0.24808288,0.15193579,0.14601703,0.14601703,0.14601703,0.14601703
176,0.24078286,0.24078286,0.15193579,0.14601703,0.14601703,0.14601703,0.14601703
177,0.24078286,0.24078286,0.15193579,0.14601703,0.14601703,0.14601703,0.14601703
178,0.24078286,0.24078286,0.15193579,0.14601703,0.14601703,0.14601703,0.14601703
179,0.24078286,0.24078286,0.15193579,0.14601703,0.14601703,0.14601703,0.14601703
180,0.24078286,0.24078286,0.15193579,0.14601703,0.14601703,0.14601703,0.14601703
181,0.24078286,0.24078286,0.15193579,0.14601703,0.14601703,0.14601703,0.14601703
182,0.24078286,0.24078286,0.15193579,0.14601703,0.14601703,0.14601703,0.14601703
183,0.24078286,0.24078286,0.15193579,0.14601703,0.14601703,0.14601703,0.14601703
184,0.30728492,0.30728492,0.15193579,0.14601703,0.14601703,0.14601703,0.14601703
185,0.30728492,0.30728492,0.15193579,0.14601703,0.14601703,0.14601703,0.14601703
186,0.30728492,0.30728492,0.15193579,0.14601703,0.14601703,0.14601703,0.14601703
187,0.30728492,0.30728492,0.15193579,0.14601703,0.14601703,0.14601703,0.14601703
188,0.30728492,0.30728492,0.15193579,0.14601703,0.14601703,0.14601703,0.14601703
189,0.30728492,0.30728492,0.15193579,0.14601703,0.14601703,0.14601703,0.14601703
190,0.30728492,0.30728492,0.15193579,0.14601703,0.14601703,0.14601703,0.14601703
191,0.30728492,0.30728492,0.15193579,0.14601703,0.14601703,0.14601703,0.14601703
192,0.32346746,0.32346746,0.15193579,0.14601703,0.14601703,0.14601703,0.14601703
193,0.32346746,0.32346746,0.15193579,0.14601703,0.14601703,0.14601703,0.14601703
194,0.32346746,0.32346746,0.15193579,0.14601703,0.14601703,0.14601703,0.14601703
195,0.32346746,0.32346746,0.15193579,0.14601703,0.14601703,0.14601703,0.14601703
196,0.32346746,0.32346746,0.15193579,0.14601703,0.14601703,0.14601703,0.14601703
197,0.32346746,0.32346746,0.15193579,0.14601703,0.14601703,0.14601703,0.14601703
198,0.32346746,0.32346746,0.15193579,0.14601703,0.14601703,0.14601703,0.14601703
199,0.32346746,0.32346746,0.15193579,0.14601703,0.14601703,0.14601703,0.14601703
200,0.21369803,0.21369803,0.14878257,0.14601703,0.14601703,0.14601703,0.14601703
201,0.21369803,0.21369803,0.14878257,0.14601703,0.14601703,0.14601703,0.14601703
202,0.21369803,0.21369803,0.14878257,0.14601703,0.14601703,0.14601703,0.14601703
203,0.21369803,0.21369803,0.14878257,0.14601703,0.14601703,0.14601703,0.14601703
204,0.21369803,0.21369803,0.14878257,0.14601703,0.14601703,0.14601703,0.14601703
205,0.21369803,0.21369803,0.14878257,0.14601703,0.14601703,0.14601703,0.14601703
206,0.21369803,0.21369803,0.14878257,0.14601703,0.14601703,0.14601703,0.14601703
207,0.21369803,0.21369803,0.14878257,0.14601703,0.14601703,0.14601703,0.14601703
208,0.24808288,0.24808288,0.14878257,0.14601703,0.14601703,0.14601703,0.14601703
209,0.24808288,0.24808288,0.14878257,0.14601703,0.14601703,0.14601703,0.14601703
210,0.24808288,0.24808288,0.14878257,0.14601703,0.14601703,0.14601703,0.14601703
211,0.24808288,0.24808288,0.14878257,0.14601703,0.14601703,0.14601703,0.14601703
212,0.24808288,0.24808288,0.14878257,0.14601703,0.14601703,0.14601703,0.14601703
213,0.24808288,0.24808288,0.14878257,0.14601703,0.14601703,0.14601703,0.14601703
214,0.24808288,0.24808288,0.14878257,0.14601703,0.14601703,0.14601703,0.14601703
215,0.24808288,0.24808288,0.14878257,0.14601703,0.14601703,0.14601703,0.14601703
216,0.24078286,0.24078286,0.14878257,0.14601703,0.14601703,0.14601703,0.14601703
217,0.24078286,0.24078286,0.14878257,0.14601703,0.14601703,0.14601703,0.14601703
218,0.24078286,0.24078286,0.14878257,0.14601703,0.14601703,0.14601703,0.14601703
219,0.24078286,0.24078286,0.14878257,0.14601703,0.14601703,0.14601703,0.14601703
220,0.24078286,0.24078286,0.14878257,0.14601703,0.14601703,0.14601703,0.14601703
221,0.24078286,0.24078286,0.14878257,0.14601703,0.14601703,0.14601703,0.14601703
222,0.24078286,0.24078286,0.14878257,0.14601703,0.14601703,0.14601703,0.14601703
223,0.24078286,0.24078286,0.14878257,0.14601703,0.14601703,0.14601703,0.14601703
224,0.30728492,0.30728492,0.14878257,0.14601703,0.14601703,0.14601703,0.14601703
225,0.30728492,0.30728492,0.14878257,0.14601703,0.14601703,0.14601703,0.14601703
226,0.30728492,0.30728492,0.14878257,0.14601703,0.14601703,0.14601703,0.14601703
227,0.30728492,0.30728492,0.14878257,0.14601703,0.14601703,0.14601703,0.14601703
228,0.30728492,0.30728492,0.14878257,0.14601703,0.14601703,0.14601703,0.14601703
229,0.30728492,0.30728492,0.14878257,0.14601703,0.14601703,0.14601703,0.14601703
230,0.30728492,0.30728492,0.14878257,0.14601703,0.14601703,0.14601703,0.14601703
231,0.30728492,0.30728492,0.14878257,0.14601703,0.14601703,0.14601703,0.14601703
232,0.32346746,0.32346746,0.14878257,0.14601703,0.14601703,0.14601703,0.14601703
233,0.32346746,0.32346746,0.14878257,0.14601703,0.14601703,0.14601703,0.14601703
234,0.32346746,0.32346746,0.14878257,0.14601703,0.14601703,0.14601703,0.14601703
235,0.32346746,0.32346746,0.14878257,0.14601703,0.14601703,0.14601703,0.14601703
236,0.32346746,0.32346746,0.14878257,0.14601703,0.14601703,0.14601703,0.14601703
237,0.32346746,0.32346746,0.14878257,0.14601703,0.14601703,0.14601703,0.14601703
238,0.32346746,0.32346746,0.14878257,0.14601703,0.14601703,0.14601703,0.14601703
239,0.32346746,0.32346746,0.14878257,0.14601703,0.14601703,0.14601703,0.14601703
240,0.21369803,0.21369803,0.2188383,0.1841114,0.1841114,0.1841114,0.1841114
241,0.21369803,0.21369803,0.2188383,0.1841114,0.1841114,0.1841114,0.1841114
242,0.21369803,0.21369803,0.2188383,0.1841114,0.1841114,0.1841114,0.1841114
243,0.21369803,0.21369803,0.2188383,0.1841114,0.1841114,0.1841114,0.1841114
244,0.21369803,0.21369803,0.2188383,0.1841114,0.1841114,0.1841114,0.1841114
245,0.21369803,0.21369803,0.2188383,0.1841114,0.1841114,0.1841114,0.1841114
246,0.21369803,0.21369803,0.2188383,0.1841114,0.1841114,0.1841114,0.1841114
247,0.21369803,0.21369803,0.2188383,0.1841114,0.1841114,0.1841114,0.1841114
248,0.24808288,0.24808288,0.2188383,0.1841114,0.1841114,0.1841114,0.1841114
249,0.24808288,0.24808288,0.2188383,0.1841114,0.1841114,0.1841114,0.1841114
250,0.24808288,0.24808288,0.2188383,0.1841114,0.1841114,0.1841114,0.1841114
251,0.24808288,0.24808288,0.2188383,0.1841114,0.1841114,0.1841114,0.1841114
252,0.24808288,0.24808288,0.2188383,0.1841114,0.1841114,0.1841114,0.1841114
253,0.24808288,0.24808288,0.2188383,0.1841114,0.1841114,0.1841114,0.1841114
254,0.24808288,0.24808288,0.2188383,0.1841114,0.1841114,0.1841114,0.1841114
255,0.24808288,0.24808288,0.2188383,0.1841114,0.1841114,0.1841114,0.1841114
256,0.24078286,0.24078286,0.2188383,0.1841114,0.1841114,0.1841114,0.1841114
257,0.24078286,0.24078286,0.2188383,0.1841114,0.1841114,0.1841114,0.1841114
258,0.24078286,0.24078286,0.2188383,0.1841114,0.1841114,0.1841114,0.1841114
259,0.24078286,0.24078286,0.2188383,0.1841114,0.1841114,0.1841114,0.1841114
260,0.24078286,0.24078286,0.2188383,0.1841114,0.1841114,0.1841114,0.1841114
261,0.24078286,0.24078286,0.2188383,0.1841114,0.1841114,0.1841114,0.1841114
262,0.24078286,0.24078286,0.2188383,0.1841114,0.1841114,0.1841114,0.1841114
263,0.24078286,0.24078286,0.2188383,0.1841114,0.1841114,0.1841114,0.1841114
264,0.30728492,0.30728492,0.2188383,0.1841114,0.1841114,0.1841114,0.1841114
265,0.30728492,0.30728492,0.2188383,0.1841114,0.1841114,0.1841114,0.1841114
266,0.30728492,0.30728492,0.2188383,0.1841114,0.1841114,0.1841114,0.1841114
267,0.30728492,0.30728492,0.2188383,0.1841114,0.1841114,0.1841114,0.1841114
268,0.30728492,0.30728492,0.2188383,0.1841114,0.1841114,0.1841114,0.1841114
269,0.30728492,0.30728492,0.2188383,0.1841114,0.1841114,0.1841114,0.1841114
270,0.30728492,0.30728492,0.2188383,0.1841114,0.1841114,0.1841114,0.1841114
271,0.30728492,0.30728492,0.2188383,0.1841114,0.1841114,0.1841114,0.1841114
272,0.32346746,0.32346746,0.2188383,0.1841114,0.1841114,0.1841114,0.1841114
273,0.32346746,0.32346746,0.2188383,0.1841114,0.1841114,0.1841114,0.1841114
274,0.32346746,0.32346746,0.2188383,0.1841114,0.1841114,0.1841114,0.1841114
275,0.32346746,0.32346746,0.2188383,0.1841114,0.1841114,0.1841114,0.1841114
276,0.32346746,0.32346746,0.2188383,0.1841114,0.1841114,0.1841114,0.1841114
277,0.32346746,0.32346746,0.2188383,0.1841114,0.1841114,0.1841114,0.1841114
278,0.32346746,0.32346746,0.2188383,0.1841114,0.1841114,0.1841114,0.1841114
279,0.32346746,0.32346746,0.2188383,0.1841114,0.1841114,0.1841114,0.1841114
280,0.21369803,0.21369803,0.15193579,0.1841114,0.1841114,0.1841114,0.1841114
281,0.21369803,0.21369803,0.15193579,0.1841114,0.1841114,0.1841114,0.1841114
282,0.21369803,0.21369803,0.15193579,0.1841114,0.1841114,0.1841114,0.1841114
283,0.21369803,0.21369803,0.15193579,0.1841114,0.1841114,0.1841114,0.1841114
284,0.21369803,0.21369803,0.15193579,0.1841114,0.1841114,0.1841114,0.1841114
285,0.21369803,0.21369803,0.15193579,0.1841114,0.1841114,0.1841114,0.1841114
286,0.21369803,0.21369803,0.15193579,0.1841114,0.1841114,0.1841114,0.1841114
287,0.21369803,0.21369803,0.15193579,0.1841114,0.1841114,0.1841114,0.1841114
288,0.24808288,0.24808288,0.15193579,0.1841114,0.1841114,0.1841114,0.1841114
289,0.24808288,0.24808288,0.15193579,0.1841114,0.1841114,0.1841114,0.1841114
290,0.24808288,0.24808288,0.15193579,0.1841114,0.1841114,0.1841114,0.1841114
291,0.24808288,0.24808288,0.15193579,0.1841114,0.1841114,0.1841114,0.1841114
292,0.24808288,0.24808288,0.15193579,0.1841114,0.1841114,0.1841114,0.1841114
293,0.24808288,0.24808288,0.15193579,0.1841114,0.1841114,0.1841114,0.1841114
294,0.24808288,0.24808288,0.15193579,0.1841114,0.1841114,0.1841114,0.1841114
295,0.24808288,0.24808288,0.15193579,0.1841114,0.1841114,0.1841114,0.1841114
296,0.24078286,0.24078286,0.15193579,0.1841114,0.1841114,0.1841114,0.1841114
297,0.24078286,0.24078286,0.15193579,0.1841114,0.1841114,0.1841114,0.1841114
298,0.24078286,0.24078286,0.15193579,0.1841114,0.1841114,0.1841114,0.1841114
299,0.24078286,0.24078286,0.15193579,0.1841114,0.1841114,0.1841114,0.1841114
300,0.24078286,0.24078286,0.15193579,0.1841114,0.1841114,0.1841114,0.1841114
301,0.24078286,0.24078286,0.15193579,0.1841114,0.1841114,0.1841114,0.1841114
302,0.24078286,0.24078286,0.15193579,0.1841114,0.1841114,0.1841114,0.1841114
303,0.24078286,0.24078286,0.15193579,0.1841114,0.1841114,0.1841114,0.1841114
304,0.30728492,0.30728492,0.15193579,0.1841114,0.1841114,0.1841114,0.1841114
305,0.30728492,0.30728492,0.15193579,0.1841114,0.1841114,0.1841114,0.1841114
306,0.30728492,0.30728492,0.15193579,0.1841114,0.1841114,0.1841114,0.1841114
307,0.30728492,0.30728492,0.15193579,0.1841114,0.1841114,0.1841114,0.1841114
308,0.30728492,0.30728492,0.15193579,0.1841114,0.1841114,0.1841114,0.1841114
309,0.30728492,0.30728492,0.15193579,0.1841114,0.1841114,0.1841114,0.1841114
310,0.30728492,0.30728492,0.15193579,0.1841114,0.1841114,0.1841114,0.1841114
311,0.30728492,0.30728492,0.15193579,0.1841114,0.1841114,0.1841114,0.1841114
312,0.32346746,0.32346746,0.15193579,0.1841114,0.1841114,0.1841114,0.1841114
313,0.32346746,0.32346746,0.15193579,0.1841114,0.1841114,0.1841114,0.1841114
314,0.32346746,0.32346746,0.15193579,0.1841114,0.1841114,0.1841114,0.1841114
315,0.32346746,0.32346746,0.15193579,0.1841114,0.1841114,0.1841114,0.1841114
316,0.32346746,0.32346746,0.15193579,0.1841114,0.1841114,0.1841114,0.1841114
317,0.32346746,0.32346746,0.15193579,0.1841114,0.1841114,0.1841114,0.1841114
318,0.32346746,0.32346746,0.15193579,0.1841114,0.1841114,0.1841114,0.1841114
319,0.32346746,0.32346746,0.15193579,0.1841114,0.1841114,0.1841114,0.1841114
320,0.21369803,0.21369803,0.14878257,0.1841114,0.1841114,0.1841114,0.1841114
321,0.21369803,0.21369803,0.14878257,0.1841114,0.1841114,0.1841114,0.1841114
322,0.21369803,0.21369803,0.14878257,0.1841114,0.1841114,0.1841114,0.1841114
323,0.21369803,0.21369803,0.14878257,0.1841114,0.1841114,0.1841114,0.1841114
324,0.21369803,0.21369803,0.14878257,0.1841114,0.1841114,0.1841114,0.1841114
325,0.21369803,0.21369803,0.14878257,0.1841114,0.1841114,0.1841114,0.1841114
326,0.21369803,0.21369803,0.14878257,0.1841114,0.1841114,0.1841114,0.1841114
327,0.21369803,0.21369803,0.14878257,0.1841114,0.1841114,0.1841114,0.1841114
328,0.24808288,0.24808288,0.14878257,0.1841114,0.1841114,0.1841114,0.1841114
329,0.24808288,0.24808288,0.14878257,0.1841114,0.1841114,0.1841114,0.1841114
330,0.24808288,0.24808288,0.14878257,0.1841114,0.1841114,0.1841114,0.1841114
331,0.24808288,0.24808288,0.14878257,0.1841114,0.1841114,0.1841114,0.1841114
332,0.24808288,0.24808288,0.14878257,0.1841114,0.1841114,0.1841114,0.1841114
333,0.24808288,0.24808288,0.14878257,0.1841114,0.1841114,0.1841114,0.1841114
334,0.24808288,0.24808288,0.14878257,0.1841114,0.1841114,0.1841114,0.1841114
335,0.24808288,0.24808288,0.14878257,0.1841114,0.1841114,0.1841114,0.1841114
336,0.24078286,0.24078286,0.14878257,0.1841114,0.1841114,0.1841114,0.1841114
337,0.24078286,0.24078286,0.14878257,0.1841114,0.1841114,0.1841114,0.1841114
338,0.24078286,0.24078286,0.14878257,0.1841114,0.1841114,0.1841114,0.1841114
339,0.24078286,0.24078286,0.14878257,0.1841114,0.1841114,0.1841114,0.1841114
340,0.24078286,0.24078286,0.14878257,0.1841114,0.1841114,0.1841114,0.1841114
341,0.24078286,0.24078286,0.14878257,0.1841114,0.1841114,0.1841114,0.1841114
342,0.24078286,0.24078286,0.14878257,0.1841114,0.1841114,0.1841114,0.1841114
343,0.24078286,0.24078286,0.14878257,0.1841114,0.1841114,0.1841114,0.1841114
344,0.30728492,0.30728492,0.14878257,0.1841114,0.1841114,0.1841114,0.1841114
345,0.30728492,0.30728492,0.14878257,0.1841114,0.1841114,0.1841114,0.1841114
346,0.30728492,0.30728492,0.14878257,0.1841114,0.1841114,0.1841114,0.1841114
347,0.30728492,0.30728492,0.14878257,0.1841114,0.1841114,0.1841114,0.1841114
348,0.30728492,0.30728492,0.14878257,0.1841114,0.1841114,0.1841114,0.1841114
349,0.30728492,0.30728492,0.14878257,0.1841114,0.1841114,0.1841114,0.1841114
350,0.30728492,0.30728492,0.14878257,0.1841114,0.1841114,0.1841114,0.1841114
351,0.30728492,0.30728492,0.14878257,0.1841114,0.1841114,0.1841114,0.1841114
352,0.32346746,0.32346746,0.14878257,0.1841114,0.1841114,0.1841114,0.1841114
353,0.32346746,0.32346746,0.14878257,0.1841114,0.1841114,0.1841114,0.1841114
354,0.32346746,0.32346746,0.14878257,0.1841114,0.1841114,0.1841114,0.1841114
355,0.32346746,0.32346746,0.14878257,0.1841114,0.1841114,0.1841114,0.1841114
356,0.32346746,0.32346746,0.14878257,0.1841114,0.1841114,0.1841114,0.1841114
357,0.32346746,0.32346746,0.14878257,0.1841114,0.1841114,0.1841114,0.1841114
358,0.32346746,0.32346746,0.14878257,0.1841114,0.1841114,0.1841114,0.1841114
359,0.32346746,0.32346746,0.14878257,0.1841114,0.1841114,0.1841114,0.1841114
360,0.21369803,0.21369803,0.2188383,0.2112751,0.2112751,0.2112751,0.2112751
361,0.21369803,0.21369803,0.2188383,0.2112751,0.2112751,0.2112751,0.2112751
362,0.21369803,0.21369803,0.2188383,0.2112751,0.2112751,0.2112751,0.2112751
363,0.21369803,0.21369803,0.2188383,0.2112751,0.2112751,0.2112751,0.2112751
364,0.21369803,0.21369803,0.2188383,0.2112751,0.2112751,0.2112751,0.2112751
365,0.21369803,0.21369803,0.2188383,0.2112751,0.2112751,0.2112751,0.2112751
366,0.21369803,0.21369803,0.2188383,0.2112751,0.2112751,0.2112751,0.2112751
367,0.21369803,0.21369803,0.2188383,0.2112751,0.2112751,0.2112751,0.2112751
368,0.24808288,0.24808288,0.2188383,0.2112751,0.2112751,0.2112751,0.2112751
369,0.24808288,0.24808288,0.2188383,0.2112751,0.2112751,0.2112751,0.2112751
370,0.24808288,0.24808288,0.2188383,0.2112751,0.2112751,0.2112751,0.2112751
371,0.24808288,0.24808288,0.2188383,0.2112751,0.2112751,0.2112751,0.2112751
372,0.24808288,0.24808288,0.2188383,0.2112751,0.2112751,0.2112751,0.2112751
373,0.24808288,0.24808288,0.2188383,0.2112751,0.2112751,0.2112751,0.2112751
374,0.24808288,0.24808288,0.2188383,0.2112751,0.2112751,0.2112751,0.2112751
375,0.24808288,0.24808288,0.2188383,0.2112751,0.2112751,0.2112751,0.2112751
376,0.24078286,0.24078286,0.2188383,0.2112751,0.2112751,0.2112751,0.2112751
377,0.24078286,0.24078286,0.2188383,0.2112751,0.2112751,0.2112751,0.2112751
378,0.24078286,0.24078286,0.2188383,0.2112751,0.2112751,0.2112751,0.2112751
379,0.24078286,0.24078286,0.2188383,0.2112751,0.2112751,0.2112751,0.2112751
380,0.24078286,0.24078286,0.2188383,0.2112751,0.2112751,0.2112751,0.2112751
381,0.24078286,0.24078286,0.2188383,0.2112751,0.2112751,0.2112751,0.2112751
382,0.24078286,0.24078286,0.2188383,0.2112751,0.2112751,0.2112751,0.2112751
383,0.24078286,0.24078286,0.2188383,0.2112751,0.2112751,0.2112751,0.2112751
384,0.30728492,0.30728492,0.2188383,0.2112751,0.2112751,0.2112751,0.2112751
385,0.30728492,0.30728492,0.2188383,0.2112751,0.2112751,0.2112751,0.2112751
386,0.30728492,0.30728492,0.2188383,0.2112751,0.2112751,0.2112751,0.2112751
387,0.30728492,0.30728492,0.2188383,0.2112751,0.2112751,0.2112751,0.2112751
388,0.30728492,0.30728492,0.2188383,0.2112751,0.2112751,0.2112751,0.2112751
389,0.30728492,0.30728492,0.2188383,0.2112751,0.2112751,0.2112751,0.2112751
390,0.30728492,0.30728492,0.2188383,0.2112751,0.2112751,0.2112751,0.2112751
391,0.30728492,0.30728492,0.2188383,0.2112751,0.2112751,0.2112751,0.2112751
392,0.32346746,0.32346746,0.2188383,0.2112751,0.2112751,0.2112751,0.2112751
393,0.32346746,0.32346746,0.2188383,0.2112751,0.2112751,0.2112751,0.2112751
394,0.32346746,0.32346746,0.2188383,0.2112751,0.2112751,0.2112751,0.2112751
395,0.32346746,0.32346746,0.2188383,0.2112751,0.2112751,0.2112751,0.2112751
396,0.32346746,0.32346746,0.2188383,0.2112751,0.2112751,0.2112751,0.2112751
397,0.32346746,0.32346746,0.2188383,0.2112751,0.2112751,0.2112751,0.2112751
398,0.32346746,0.32346746,0.2188383,0.2112751,0.2112751,0.2112751,0.2112751
399,0.32346746,0.32346746,0.2188383,0.2112751,0.2112751,0.2112751,0.2112751
400,0.21369803,0.21369803,0.15193579,0.2112751,0.2112751,0.2112751,0.2112751
401,0.21369803,0.21369803,0.15193579,0.2112751,0.2112751,0.2112751,0.2112751
402,0.21369803,0.21369803,0.15193579,0.2112751,0.2112751,0.2112751,0.2112751
403,0.21369803,0.21369803,0.15193579,0.2112751,0.2112751,0.2112751,0.2112751
404,0.21369803,0.21369803,0.15193579,0.2112751,0.2112751,0.2112751,0.2112751
405,0.21369803,0.21369803,0.15193579,0.2112751,0.2112751,0.2112751,0.2112751
406,0.21369803,0.21369803,0.15193579,0.2112751,0.2112751,0.2112751,0.2112751
407,0.21369803,0.21369803,0.15193579,0.2112751,0.2112751,0.2112751,0.2112751
408,0.24808288,0.24808288,0.15193579,0.2112751,0.2112751,0.2112751,0.2112751
409,0.24808288,0.24808288,0.15193579,0.2112751,0.2112751,0.2112751,0.2112751
410,0.24808288,0.24808288,0.15193579,0.2112751,0.2112751,0.2112751,0.2112751
411,0.24808288,0.24808288,0.15193579,0.2112751,0.2112751,0.2112751,0.2112751
412,0.24808288,0.24808288,0.15193579,0.2112751,0.2112751,0.2112751,0.2112751
413,0.24808288,0.24808288,0.15193579,0.2112751,0.2112751,0.2112751,0.2112751
414,0.24808288,0.24808288,0.15193579,0.2112751,0.2112751,0.2112751,0.2112751
415,0.24808288,0.24808288,0.15193579,0.2112751,0.2112751,0.2112751,0.2112751
416,0.24078286,0.24078286,0.15193579,0.2112751,0.2112751,0.2112751,0.2112751
417,0.24078286,0.24078286,0.15193579,0.2112751,0.2112751,0.2112751,0.2112751
418,0.24078286,0.24078286,0.15193579,0.2112751,0.2112751,0.2112751,0.2112751
419,0.24078286,0.24078286,0.15193579,0.2112751,0.2112751,0.2112751,0.2112751
420,0.24078286,0.24078286,0.15193579,0.2112751,0.2112751,0.2112751,0.2112751
421,0.24078286,0.24078286,0.15193579,0.2112751,0.2112751,0.2112751,0.2112751
422,0.24078286,0.24078286,0.15193579,0.2112751,0.2112751,0.2112751,0.2112751
423,0.24078286,0.24078286,0.15193579,0.2112751,0.2112751,0.2112751,0.2112751
424,0.30728492,0.30728492,0.15193579,0.2112751,0.2112751,0.2112751,0.2112751
425,0.30728492,0.30728492,0.15193579,0.2112751,0.2112751,0.2112751,0.2112751
426,0.30728492,0.30728492,0.15193579,0.2112751,0.2112751,0.2112751,0.2112751
427,0.30728492,0.30728492,0.15193579,0.2112751,0.2112751,0.2112751,0.2112751
428,0.30728492,0.30728492,0.15193579,0.2112751,0.2112751,0.2112751,0.2112751
429,0.30728492,0.30728492,0.15193579,0.2112751,0.2112751,0.2112751,0.2112751
430,0.30728492,0.30728492,0.15193579,0.2112751,0.2112751,0.2112751,0.2112751
431,0.30728492,0.30728492,0.15193579,0.2112751,0.2112751,0.2112751,0.2112751
432,0.32346746,0.32346746,0.15193579,0.2112751,0.2112751,0.2112751,0.2112751
433,0.32346746,0.32346746,0.15193579,0.2112751,0.2112751,0.2112751,0.2112751
434,0.32346746,0.32346746,0.15193579,0.2112751,0.2112751,0.2112751,0.2112751
435,0.32346746,0.32346746,0.15193579,0.2112751,0.2112751,0.2112751,0.2112751
436,0.32346746,0.32346746,0.15193579,0.2112751,0.2112751,0.2112751,0.2112751
437,0.32346746,0.32346746,0.15193579,0.2112751,0.2112751,0.2112751,0.2112751
438,0.32346746,0.32346746,0.15193579,0.2112751,0.2112751,0.2112751,0.2112751
439,0.32346746,0.32346746,0.15193579,0.2112751,0.2112751,0.2112751,0.2112751
440,0.21369803,0.21369803,0.14878257,0.2112751,0.2112751,0.2112751,0.2112751
441,0.21369803,0.21369803,0.14878257,0.2112751,0.2112751,0.2112751,0.2112751
442,0.21369803,0.21369803,0.14878257,0.2112751,0.2112751,0.2112751,0.2112751
443,0.21369803,0.21369803,0.14878257,0.2112751,0.2112751,0.2112751,0.2112751
444,0.21369803,0.21369803,0.14878257,0.2112751,0.2112751,0.2112751,0.2112751
445,0.21369803,0.21369803,0.14878257,0.2112751,0.2112751,0.2112751,0.2112751
446,0.21369803,0.21369803,0.14878257,0.2112751,0.2112751,0.2112751,0.2112751
447,0.21369803,0.21369803,0.14878257,0.2112751,0.2112751,0.2112751,0.2112751
448,0.24808288,0.24808288,0.14878257,0.2112751,0.2112751,0.2112751,0.2112751
449,0.24808288,0.24808288,0.14878257,0.2112751,0.2112751,0.2112751,0.2112751
450,0.24808288,0.24808288,0.14878257,0.2112751,0.2112751,0.2112751,0.2112751
451,0.24808288,0.24808288,0.14878257,0.2112751,0.2112751,0.2112751,0.2112751
452,0.24808288,0.24808288,0.14878257,0.2112751,0.2112751,0.2112751,0.2112751
453,0.24808288,0.24808288,0.14878257,0.2112751,0.2112751,0.2112751,0.2112751
454,0.24808288,0.24808288,0.14878257,0.2112751,0.2112751,0.2112751,0.2112751
455,0.24808288,0.24808288,0.14878257,0.2112751,0.2112751,0.2112751,0.2112751
456,0.24078286,0.24078286,0.14878257,0.2112751,0.2112751,0.2112751,0.2112751
457,0.24078286,0.24078286,0.14878257,0.2112751,0.2112751,0.2112751,0.2112751
458,0.24078286,0.24078286,0.14878257,0.2112751,0.2112751,0.2112751,0.2112751
459,0.24078286,0.24078286,0.14878257,0.2112751,0.2112751,0.2112751,0.2112751
460,0.24078286,0.24078286,0.14878257,0.2112751,0.2112751,0.2112751,0.2112751
461,0.24078286,0.24078286,0.14878257,0.2112751,0.2112751,0.2112751,0.2112751
462,0.24078286,0.24078286,0.14878257,0.2112751,0.2112751,0.2112751,0.2112751
463,0.24078286,0.24078286,0.14878257,0.2112751,0.2112751,0.2112751,0.2112751
464,0.30728492,0.30728492,0.14878257,0.2112751,0.2112751,0.2112751,0.2112751
465,0.30728492,0.30728492,0.14878257,0.2112751,0.2112751,0.2112751,0.2112751
466,0.30728492,0.30728492,0.14878257,0.2112751,0.2112751,0.2112751,0.2112751
467,0.30728492,0.30728492,0.14878257,0.2112751,0.2112751,0.2112751,0.2112751
468,0.30728492,0.30728492,0.14878257,0.2112751,0.2112751,0.2112751,0.2112751
469,0.30728492,0.30728492,0.14878257,0.2112751,0.2112751,0.2112751,0.2112751
470,0.30728492,0.30728492,0.14878257,0.2112751,0.2112751,0.2112751,0.2112751
471,0.30728492,0.30728492,0.14878257,0.2112751,0.2112751,0.2112751,0.2112751
472,0.32346746,0.32346746,0.14878257,0.2112751,0.2112751,0.2112751,0.2112751
473,0.32346746,0.32346746,0.14878257,0.2112751,0.2112751,0.2112751,0.2112751
474,0.32346746,0.32346746,0.14878257,0.2112751,0.2112751,0.2112751,0.2112751
475,0.32346746,0.32346746,0.14878257,0.2112751,0.2112751,0.2112751,0.2112751
476,0.32346746,0.32346746,0.14878257,0.2112751,0.2112751,0.2112751,0.2112751
477,0.32346746,0.32346746,0.14878257,0.2112751,0.2112751,0.2112751,0.2112751
478,0.32346746,0.32346746,0.14878257,0.2112751,0.2112751,0.2112751,0.2112751
479,0.32346746,0.32346746,0.14878257,0.2112751,0.2112751,0.2112751,0.2112751
480,0.21369803,0.24808288,0.2188383,0.2255989,0.2255989,0.2255989,0.2255989
481,0.21369803,0.24808288,0.2188383,0.2255989,0.2255989,0.2255989,0.2255989
482,0.21369803,0.24808288,0.2188383,0.2255989,0.2255989,0.2255989,0.2255989
483,0.21369803,0.24808288,0.2188383,0.2255989,0.2255989,0.2255989,0.2255989
484,0.21369803,0.24808288,0.2188383,0.2255989,0.2255989,0.2255989,0.2255989
485,0.21369803,0.24808288,0.2188383,0.2255989,0.2255989,0.2255989,0.2255989
486,0.21369803,0.24808288,0.2188383,0.2255989,0.2255989,0.2255989,0.2255989
487,0.21369803,0.24808288,0.2188383,0.2255989,0.2255989,0.2255989,0.2255989
488,0.24808288,0.24078286,0.2188383,0.14601703,0.14601703,0.14601703,0.14601703
489,0.24808288,0.24078286,0.2188383,0.14601703,0.14601703,0.14601703,0.14601703
490,0.24808288,0.24078286,0.2188383,0.14601703,0.14601703,0.14601703,0.14601703
491,0.24808288,0.24078286,0.2188383,0.14601703,0.14601703,0.14601703,0.14601703
492,0.24808288,0.24078286,0.2188383,0.14601703,0.14601703,0.14601703,0.14601703
493,0.24808288,0.24078286,0.2188383,0.14601703,0.14601703,0.14601703,0.14601703
494,0.24808288,0.24078286,0.2188383,0.14601703,0.14601703,0.14601703,0.14601703
495,0.24808288,0.24078286,0.2188383,0.14601703,0.14601703,0.14601703,0.14601703
496,0.24078286,0.32346746,0.15193579,0.14601703,0.14601703,0.14601703,0.14601703
497,0.24078286,0.32346746,0.15193579,0.14601703,0.14601703,0.14601703,0.14601703
498,0.24078286,0.32346746,0.15193579,0.14601703,0.14601703,0.14601703,0.14601703
499,0.24078286,0.32346746,0.15193579,0.14601703,0.14601703,0.14601703,0.14601703
500,0.24078286,0.32346746,0.15193579,0.14601703,0.14601703,0.14601703,0.14601703
501,0.24078286,0.32346746,0.15193579,0.14601703,0.14601703,0.14601703,0.14601703
502,0.24078286,0.32346746,0.15193579,0.14601703,0.14601703,0.14601703,0.14601703
503,0.24078286,0.32346746,0.15193579,0.14601703,0.14601703,0.14601703,0.14601703
504,0.21369803,0.24078286,0.15193579,0.1841114,0.1841114,0.1841114,0.1841114
505,0.21369803,0.24078286,0.15193579,0.1841114,0.1841114,0.1841114,0.1841114
506,0.21369803,0.24078286,0.15193579,0.1841114,0.1841114,0.1841114,0.1841114
507,0.21369803,0.24078286,0.15193579,0.1841114,0.1841114,0.1841114,0.1841114
508,0.21369803,0.24078286,0.15193579,0.1841114,0.1841114,0.1841114,0.1841114
509,0.21369803,0.24078286,0.15193579,0.1841114,0.1841114,0.1841114,0.1841114
510,0.21369803,0.24078286,0.15193579,0.1841114,0.1841114,0.1841114,0.1841114
511,0.21369803,0.24078286,0.15193579,0.1841114,0.1841114,0.1841114,0.1841114
512,0.24078286,0.30728492,0.14878257,0.1841114,0.1841114,0.1841114,0.1841114
513,0.24078286,0.30728492,0.14878257,0.1841114,0.1841114,0.1841114,0.1841114
514,0.24078286,0.30728492,0.14878257,0.1841114,0.1841114,0.1841114,0.1841114
515,0.24078286,0.30728492,0.14878257,0.1841114,0.1841114,0.1841114,0.1841114
516,0.24078286,0.30728492,0.14878257,0.1841114,0.1841114,0.1841114,0.1841114
517,0.24078286,0.30728492,0.14878257,0.1841114,0.1841114,0.1841114,0.1841114
518,0.24078286,0.30728492,0.14878257,0.1841114,0.1841114,0.1841114,0.1841114
519,0.24078286,0.30728492,0.14878257,0.1841114,0.1841114,0.1841114,0.1841114
520,0.30728492,0.32346746,0.14878257,0.2112751,0.2112751,0.2112751,0.2112751
521,0.30728492,0.32346746,0.14878257,0.2112751,0.2112751,0.2112751,0.2112751
522,0.30728492,0.32346746,0.14878257,0.2112751,0.2112751,0.2112751,0.2112751
523,0.30728492,0.32346746,0.14878257,0.2112751,0.2112751,0.2112751,0.2112751
524,0.30728492,0.32346746,0.14878257,0.2112751,0.2112751,0.2112751,0.2112751
525,0.30728492,0.32346746,0.14878257,0.2112751,0.2112751,0.2112751,0.2112751
526,0.30728492,0.32346746,0.14878257,0.2112751,0.2112751,0.2112751,0.2112751
527,0.30728492,0.32346746,0.14878257,0.2112751,0.2112751,0.2112751,0.2112751
528,0.21369803,0.21369803,0.2188383,0.2255989,0.2255989,0.2255989,0.14601703
529,0.21369803,0.21369803,0.2188383,0.2255989,0.2255989,0.2255989,0.14601703
530,0.21369803,0.21369803,0.2188383,0.2255989,0.2255989,0.2255989,0.14601703
531,0.21369803,0.21369803,0.2188383,0.2255989,0.2255989,0.2255989,0.14601703
532,0.21369803,0.21369803,0.2188383,0.2255989,0.2255989,0.2255989,0.14601703
533,0.21369803,0.21369803,0.2188383,0.2255989,0.2255989,0.2255989,0.14601703
534,0.21369803,0.21369803,0.2188383,0.2255989,0.2255989,0.2255989,0.14601703
535,0.21369803,0.21369803,0.2188383,0.2255989,0.2255989,0.2255989,0.14601703
536,0.24808288,0.24808288,0.2188383,0.2255989,0.2255989,0.2255989,0.14601703
537,0.24808288,0.24808288,0.2188383,0.2255989,0.2255989,0.2255989,0.14601703
538,0.24808288,0.24808288,0.2188383,0.2255989,0.2255989,0.2255989,0.14601703
539,0.24808288,0.24808288,0.2188383,0.2255989,0.2255989,0.2255989,0.14601703
540,0.24808288,0.24808288,0.2188383,0.2255989,0.2255989,0.2255989,0.14601703
541,0.24808288,0.24808288,0.2188383,0.2255989,0.2255989,0.2255989,0.14601703
542,0.24808288,0.24808288,0.2188383,0.2255989,0.2255989,0.2255989,0.14601703
543,0.24808288,0.24808288,0.2188383,0.2255989,0.2255989,0.2255989,0.14601703
544,0.21369803,0.21369803,0.15193579,0.14601703,0.14601703,0.14601703,0.1841114
545,0.21369803,0.21369803,0.15193579,0.14601703,0.14601703,0.14601703,0.1841114
546,0.21369803,0.21369803,0.15193579,0.14601703,0.14601703,0.14601703,0.1841114
547,0.21369803,0.21369803,0.15193579,0.14601703,0.14601703,0.14601703,0.1841114
548,0.21369803,0.21369803,0.15193579,0.14601703,0.14601703,0.14601703,0.1841114
549,0.21369803,0.21369803,0.15193579,0.14601703,0.14601703,0.14601703,0.1841114
550,0.21369803,0.21369803,0.15193579,0.14601703,0.14601703,0.14601703,0.1841114
551,0.21369803,0.21369803,0.15193579,0.14601703,0.14601703,0.14601703,0.1841114
552,0.24808288,0.24808288,0.15193579,0.14601703,0.14601703,0.14601703,0.1841114
553,0.24808288,0.24808288,0.15193579,0.14601703,0.14601703,0.14601703,0.1841114
554,0.24808288,0.24808288,0.15193579,0.14601703,0.14601703,0.14601703,0.1841114
555,0.24808288,0.24808288,0.15193579,0.14601703,0.14601703,0.14601703,0.1841114
556,0.24808288,0.24808288,0.15193579,0.14601703,0.14601703,0.14601703,0.1841114
557,0.24808288,0.24808288,0.15193579,0.14601703,0.14601703,0.14601703,0.1841114
558,0.24808288,0.24808288,0.15193579,0.14601703,0.14601703,0.14601703,0.1841114
559,0.24808288,0.24808288,0.15193579,0.14601703,0.14601703,0.14601703,0.1841114
560,0.21369803,0.21369803,0.14878257,0.1841114,0.1841114,0.1841114,0.2112751
561,0.21369803,0.21369803,0.14878257,0.1841114,0.1841114,0.1841114,0.2112751
562,0.21369803,0.21369803,0.14878257,0.1841114,0.1841114,0.1841114,0.2112751
563,0.21369803,0.21369803,0.14878257,0.1841114,0.1841114,0.1841114,0.2112751
564,0.21369803,0.21369803,0.14878257,0.1841114,0.1841114,0.1841114,0.2112751
565,0.21369803,0.21369803,0.14878257,0.1841114,0.1841114,0.1841114,0.2112751
566,0.21369803,0.21369803,0.14878257,0.1841114,0.1841114,0.1841114,0.2112751
567,0.21369803,0.21369803,0.14878257,0.1841114,0.1841114,0.1841114,0.2112751
568,0.24808288,0.24808288,0.14878257,0.1841114,0.1841114,0.1841114,0.2112751
569,0.24808288,0.24808288,0.14878257,0.1841114,0.1841114,0.1841114,0.2112751
570,0.24808288,0.24808288,0.14878257,0.1841114,0.1841114,0.1841114,0.2112751
571,0.24808288,0.24808288,0.14878257,0.1841114,0.1841114,0.1841114,0.2112751
572,0.24808288,0.24808288,0.14878257,0.1841114,0.1841114,0.1841114,0.2112751
573,0.24808288,0.24808288,0.14878257,0.1841114,0.1841114,0.1841114,0.2112751
574,0.24808288,0.24808288,0.14878257,0.1841114,0.1841114,0.1841114,0.2112751
575,0.24808288,0.24808288,0.14878257,0.1841114,0.1841114,0.1841114,0.2112751
576,0.24078286,0.24078286,0.2188383,0.2255989,0.2255989,0.14601703,0.14601703
577,0.24078286,0.24078286,0.2188383,0.2255989,0.2255989,0.14601703,0.14601703
578,0.24078286,0.24078286,0.2188383,0.2255989,0.2255989,0.14601703,0.14601703
579,0.24078286,0.24078286,0.2188383,0.2255989,0.2255989,0.14601703,0.14601703
580,0.24078286,0.24078286,0.2188383,0.2255989,0.2255989,0.14601703,0.14601703
581,0.24078286,0.24078286,0.2188383,0.2255989,0.2255989,0.14601703,0.14601703
582,0.24078286,0.24078286,0.2188383,0.2255989,0.2255989,0.14601703,0.14601703
583,0.24078286,0.24078286,0.2188383,0.2255989,0.2255989,0.14601703,0.14601703
584,0.30728492,0.30728492,0.2188383,0.2255989,0.2255989,0.2255989,0.1841114
585,0.30728492,0.30728492,0.2188383,0.2255989,0.2255989,0.2255989,0.1841114
586,0.30728492,0.30728492,0.2188383,0.2255989,0.2255989,0.2255989,0.1841114
587,0.30728492,0.30728492,0.2188383,0.2255989,0.2255989,0.2255989,0.1841114
588,0.30728492,0.30728492,0.2188383,0.2255989,0.2255989,0.2255989,0.1841114
589,0.30728492,0.30728492,0.2188383,0.2255989,0.2255989,0.2255989,0.1841114
590,0.30728492,0.30728492,0.2188383,0.2255989,0.2255989,0.2255989,0.1841114
591,0.30728492,0.30728492,0.2188383,0.2255989,0.2255989,0.2255989,0.1841114
592,0.24078286,0.24078286,0.15193579,0.1841114,0.1841114,0.2112751,0.14601703
593,0.24078286,0.24078286,0.15193579,0.1841114,0.1841114,0.2112751,0.14601703
594,0.24078286,0.24078286,0.15193579,0.1841114,0.1841114,0.2112751,0.14601703
595,0.24078286,0.24078286,0.15193579,0.1841114,0.1841114,0.2112751,0.14601703
596,0.24078286,0.24078286,0.15193579,0.1841114,0.1841114,0.2112751,0.14601703
597,0.24078286,0.24078286,0.15193579,0.1841114,0.1841114,0.2112751,0.14601703
598,0.24078286,0.24078286,0.15193579,0.1841114,0.1841114,0.2112751,0.14601703
599,0.24078286,0.24078286,0.15193579,0.1841114,0.1841114,0.2112751,0.14601703
600,0.32346746,0.32346746,0.14878257,0.2112751,0.2112751,0.2112751,0.14601703
601,0.32346746,0.32346746,0.14878257,0.2112751,0.2112751,0.2112751,0.14601703
602,0.32346746,0.32346746,0.14878257,0.2112751,0.2112751,0.2112751,0.14601703
603,0.32346746,0.32346746,0.14878257,0.2112751,0.2112751,0.2112751,0.14601703
604,0.32346746,0.32346746,0.14878257,0.2112751,0.2112751,0.2112751,0.14601703
605,0.32346746,0.32346746,0.14878257,0.2112751,0.2112751,0.2112751,0.14601703
606,0.32346746,0.32346746,0.14878257,0.2112751,0.2112751,0.2112751,0.14601703
607,0.32346746,0.32346746,0.14878257,0.2112751,0.2112751,0.2112751,0.14601703
608,0.24078286,0.24078286,0.14878257,0.2255989,0.14601703,0.1841114,0.2112751
609,0.24078286,0.24078286,0.14878257,0.2255989,0.14601703,0.1841114,0.2112751
610,0.24078286,0.24078286,0.14878257,0.2255989,0.14601703,0.1841114,0.2112751
611,0.24078286,0.24078286,0.14878257,0.2255989,0.14601703,0.1841114,0.2112751
612,0.24078286,0.24078286,0.14878257,0.2255989,0.14601703,0.1841114,0.2112751
613,0.24078286,0.24078286,0.14878257,0.2255989,0.14601703,0.1841114,0.2112751
614,0.24078286,0.24078286,0.14878257,0.2255989,0.14601703,0.1841114,0.2112751
615,0.24078286,0.24078286,0.14878257,0.2255989,0.14601703,0.1841114,0.2112751
616,0.32346746,0.32346746,0.15193579,0.1841114,0.1841114,0.2112751,0.2112751
617,0.32346746,0.32346746,0.15193579,0.1841114,0.1841114,0.2112751,0.2112751
618,0.32346746,0.32346746,0.15193579,0.1841114,0.1841114,0.2112751,0.2112751
619,0.32346746,0.32346746,0.15193579,0.1841114,0.1841114,0.2112751,0.2112751
620,0.32346746,0.32346746,0.15193579,0.1841114,0.1841114,0.2112751,0.2112751
621,0.32346746,0.32346746,0.15193579,0.1841114,0.1841114,0.2112751,0.2112751
622,0.32346746,0.32346746,0.15193579,0.1841114,0.1841114,0.2112751,0.2112751
623,0.32346746,0.32346746,0.15193579,0.1841114,0.1841114,0.2112751,0.2112751
624,0.30728492,0.30728492,0.14878257,0.2255989,0.2255989,0.2255989,0.2112751
625,0.30728492,0.30728492,0.14878257,0.2255989,0.2255989,0.2255989,0.2112751
626,0.30728492,0.30728492,0.14878257,0.2255989,0.2255989,0.2255989,0.2112751
627,0.30728492,0.30728492,0.14878257,0.2255989,0.2255989,0.2255989,0.2112751
628,0.30728492,0.30728492,0.14878257,0.2255989,0.2255989,0.2255989,0.2112751
629,0.30728492,0.30728492,0.14878257,0.2255989,0.2255989,0.2255989,0.2112751
630,0.30728492,0.30728492,0.14878257,0.2255989,0.2255989,0.2255989,0.2112751
631,0.30728492,0.30728492,0.14878257,0.2255989,0.2255989,0.2255989,0.2112751
632,0.30728492,0.30728492,0.15193579,0.14601703,0.14601703,0.2112751,0.2112751
633,0.30728492,0.30728492,0.15193579,0.14601703,0.14601703,0.2112751,0.2112751
634,0.30728492,0.30728492,0.15193579,0.14601703,0.14601703,0.2112751,0.2112751
635,0.30728492,0.30728492,0.15193579,0.14601703,0.14601703,0.2112751,0.2112751
636,0.30728492,0.30728492,0.15193579,0.14601703,0.14601703,0.2112751,0.2112751
637,0.30728492,0.30728492,0.15193579,0.14601703,0.14601703,0.2112751,0.2112751
638,0.30728492,0.30728492,0.15193579,0.14601703,0.14601703,0.2112751,0.2112751
639,0.30728492,0.30728492,0.15193579,0.14601703,0.14601703,0.2112751,0.2112751
